Track_ID,Genre,Tempo,Energy,Danceability,Loudness,Acousticness,Instrumentalness,Valence,Emotion_Label
T00001,classical,112.44,0.394,0.374,-30.02,0.73,0.092,0.638,happy
T00002,blues,193.1,0.473,0.333,-15.2,0.185,0.061,0.459,sad
T00003,hiphop,162.48,0.855,0.176,-26.24,0.347,0.604,0.964,calm
T00004,disco,143.81,0.34,0.607,-55.0,0.663,0.966,0.219,romantic
T00005,disco,81.84,0.87,0.477,-48.87,0.482,0.503,0.588,angry
T00006,country,81.84,0.088,0.866,-46.84,0.739,0.052,0.7,energetic
T00007,classical,68.13,0.777,0.032,-44.53,0.961,0.221,0.826,energetic
T00008,reggae,181.26,0.848,0.644,-26.08,0.117,0.245,0.407,angry
T00009,classical,144.16,0.182,0.763,-29.76,0.71,0.338,0.687,calm
T00010,rock,159.13,0.43,0.759,-47.81,0.23,0.044,0.303,angry
T00011,metal,62.88,0.165,0.886,-55.95,0.414,0.905,0.435,energetic
T00012,blues,195.79,0.707,0.729,-49.71,0.033,0.516,0.896,angry
T00013,blues,176.54,0.535,0.928,-0.94,0.136,0.671,0.95,energetic
T00014,classical,89.73,0.635,0.333,-31.89,0.32,0.067,0.719,romantic
T00015,disco,85.46,0.196,0.503,-7.96,0.342,0.054,0.374,calm
T00016,disco,85.68,0.212,0.014,-9.07,0.9,0.586,0.82,sad
T00017,reggae,102.59,0.041,0.007,-29.31,0.742,0.887,0.026,calm
T00018,rock,133.47,0.322,0.24,-17.6,0.972,0.528,0.103,angry
T00019,blues,120.47,0.56,0.101,-48.43,0.599,0.878,0.661,angry
T00020,reggae,100.77,0.858,0.26,-18.7,0.242,0.811,0.291,calm
T00021,disco,145.66,0.667,0.177,-43.66,0.328,0.076,0.951,sad
T00022,reggae,79.53,0.435,0.029,-10.08,0.32,0.202,0.436,energetic
T00023,metal,100.9,0.953,0.909,-54.98,0.326,0.658,0.429,angry
T00024,disco,111.29,0.719,0.008,-13.61,0.673,0.444,0.678,angry
T00025,pop,123.85,0.93,0.736,-54.0,0.531,0.291,0.768,calm
T00026,rock,169.92,0.528,0.152,-7.13,0.385,0.419,0.476,energetic
T00027,hiphop,87.95,0.259,0.912,-41.75,0.149,0.445,0.214,energetic
T00028,blues,131.99,0.053,0.893,-20.74,0.022,0.911,0.773,angry
T00029,country,142.94,0.726,0.654,-30.75,0.219,0.103,0.32,energetic
T00030,metal,66.5,0.121,0.672,-38.02,0.107,0.28,0.175,romantic
T00031,jazz,145.06,0.303,0.005,-21.27,0.785,0.538,0.632,calm
T00032,hiphop,83.87,0.532,0.985,-3.15,0.112,0.698,0.09,romantic
T00033,country,69.11,0.564,0.878,-57.52,0.724,0.631,0.971,sad
T00034,disco,192.84,0.601,0.895,-4.87,0.386,0.942,0.632,romantic
T00035,jazz,195.19,0.166,0.659,-23.46,0.073,0.796,0.986,happy
T00036,classical,173.18,0.38,0.345,-11.56,0.813,0.557,0.339,romantic
T00037,classical,102.65,0.617,0.894,-36.97,0.58,0.215,0.971,sad
T00038,metal,73.67,0.97,0.292,-31.69,0.236,0.451,0.146,calm
T00039,classical,155.79,0.728,0.563,-7.87,0.895,0.693,0.041,romantic
T00040,jazz,121.62,0.923,0.1,-35.11,0.045,0.838,0.033,sad
T00041,jazz,77.09,0.762,0.922,-27.92,0.202,0.96,0.465,happy
T00042,rock,129.32,0.592,0.141,-58.79,0.752,0.605,0.083,sad
T00043,hiphop,64.81,0.192,0.225,-50.48,0.709,0.527,0.512,angry
T00044,blues,187.3,0.667,0.558,-21.5,0.289,0.018,0.328,calm
T00045,pop,96.23,0.623,0.764,-16.98,0.062,0.072,0.336,energetic
T00046,reggae,152.75,0.602,0.619,-25.04,0.858,0.156,0.636,angry
T00047,classical,103.64,0.49,0.232,-51.4,0.314,0.055,0.163,angry
T00048,metal,132.81,0.529,0.001,-33.28,0.196,0.401,0.767,romantic
T00049,classical,136.54,0.334,0.757,-38.69,0.516,0.337,0.582,romantic
T00050,reggae,85.88,0.519,0.985,-30.26,0.91,0.637,0.915,romantic
T00051,hiphop,195.74,0.198,0.81,-7.78,0.044,0.536,0.365,happy
T00052,rock,168.52,0.805,0.46,-13.45,0.766,0.596,0.983,sad
T00053,jazz,191.53,0.186,0.904,-54.96,0.572,0.472,0.576,calm
T00054,rock,185.28,0.085,0.41,-6.58,0.425,0.278,0.973,romantic
T00055,disco,143.71,0.436,0.525,-31.69,0.744,0.953,0.027,happy
T00056,classical,189.06,0.658,0.477,-15.37,0.966,0.086,0.728,happy
T00057,blues,72.39,0.438,0.448,-51.6,0.229,0.939,0.817,sad
T00058,disco,87.44,0.277,0.775,-19.76,0.144,0.311,0.053,calm
T00059,hiphop,66.33,0.558,0.527,-45.82,0.913,0.513,0.579,angry
T00060,classical,105.55,0.347,0.317,-33.7,0.669,0.109,0.802,calm
T00061,disco,114.41,0.933,0.258,-58.99,0.438,0.071,0.561,happy
T00062,classical,97.99,0.923,0.038,-50.9,0.573,0.43,0.064,happy
T00063,metal,176.02,0.502,0.583,-54.48,0.746,0.742,0.693,energetic
T00064,hiphop,109.95,0.328,0.23,-45.62,0.773,0.269,0.061,sad
T00065,pop,99.33,0.737,0.148,-54.0,0.92,0.562,0.817,energetic
T00066,jazz,135.98,0.037,0.654,-18.49,0.427,0.279,0.043,happy
T00067,country,79.73,0.475,0.681,-58.26,0.293,0.389,0.137,angry
T00068,jazz,172.31,0.336,0.752,-22.94,0.64,0.906,0.275,happy
T00069,jazz,70.44,0.921,0.504,-51.56,0.416,0.856,0.633,romantic
T00070,disco,198.16,0.012,0.894,-3.29,0.595,0.516,0.976,calm
T00071,hiphop,168.11,0.553,0.936,-4.01,0.42,0.238,0.118,calm
T00072,classical,87.82,0.741,0.807,-46.47,0.153,0.193,0.143,angry
T00073,rock,60.77,0.485,0.636,-23.13,0.469,0.954,0.369,romantic
T00074,country,174.16,0.085,0.304,-58.32,0.691,0.203,0.836,angry
T00075,reggae,158.96,0.972,0.983,-4.09,0.799,0.808,0.467,energetic
T00076,disco,162.06,0.518,0.274,-28.62,0.493,0.369,0.322,romantic
T00077,country,167.98,0.614,0.203,-57.41,0.165,0.986,0.561,angry
T00078,pop,70.37,0.237,0.442,-39.45,0.415,0.368,0.261,happy
T00079,metal,110.19,0.483,0.057,-55.39,0.786,0.352,0.401,sad
T00080,hiphop,76.22,0.429,0.978,-36.42,0.413,0.637,0.333,romantic
T00081,reggae,180.83,0.075,0.588,-19.8,0.697,0.962,0.804,calm
T00082,disco,147.26,0.106,0.557,-31.81,0.507,0.976,0.924,calm
T00083,jazz,106.33,0.837,0.656,-36.98,0.241,0.707,0.76,happy
T00084,blues,68.9,0.24,0.497,-52.85,0.796,0.755,0.439,sad
T00085,disco,103.54,0.195,0.032,-45.3,0.084,0.563,0.504,romantic
T00086,blues,105.53,0.505,0.612,-53.99,0.525,0.756,0.125,angry
T00087,jazz,162.14,0.769,0.716,-11.55,0.209,0.86,0.747,energetic
T00088,metal,149.26,0.062,0.417,-51.89,0.067,0.486,0.596,sad
T00089,hiphop,184.21,0.577,0.757,-24.28,0.503,0.62,0.902,happy
T00090,classical,126.11,0.119,0.227,-39.44,0.5,0.537,0.201,angry
T00091,disco,76.74,0.036,0.221,-46.44,0.707,0.562,0.76,angry
T00092,rock,159.85,0.053,0.161,-21.63,0.745,0.89,0.685,angry
T00093,jazz,166.51,0.834,0.372,-32.58,0.728,0.356,0.266,romantic
T00094,disco,138.58,0.118,0.847,-35.99,0.41,0.208,0.667,sad
T00095,pop,167.94,0.045,0.828,-24.43,0.632,0.456,0.924,angry
T00096,metal,129.13,0.438,0.383,-30.52,0.577,0.208,0.918,sad
T00097,pop,133.18,0.844,0.589,-41.79,0.422,0.498,0.72,romantic
T00098,country,119.86,0.262,0.721,-26.46,0.597,0.904,0.048,happy
T00099,hiphop,63.56,0.422,0.241,-19.83,0.947,0.617,0.872,energetic
T00100,country,75.1,0.04,0.168,-58.4,0.193,0.855,0.658,sad
T00101,disco,64.4,0.449,0.972,-32.05,0.906,0.166,0.31,romantic
T00102,reggae,149.1,0.578,0.618,-56.54,0.053,0.901,0.187,happy
T00103,reggae,104.01,0.571,0.981,-48.82,0.308,0.602,0.116,sad
T00104,hiphop,131.2,0.332,0.338,-26.37,0.288,0.032,0.05,happy
T00105,rock,187.06,0.316,0.703,-8.03,0.626,0.633,0.754,energetic
T00106,metal,94.9,0.107,0.223,-7.03,0.131,0.951,0.236,calm
T00107,rock,117.45,0.367,0.261,-55.8,0.882,0.079,0.024,energetic
T00108,metal,165.78,0.099,0.512,-34.85,0.829,0.582,0.397,romantic
T00109,jazz,92.03,0.767,0.32,-25.02,0.652,0.915,0.483,calm
T00110,disco,70.78,0.966,0.168,-51.18,0.458,0.01,0.169,calm
T00111,country,100.57,0.97,0.263,-14.07,0.933,0.631,0.044,angry
T00112,reggae,82.57,0.865,0.036,-15.35,0.831,0.475,0.189,sad
T00113,pop,190.16,0.601,0.704,-5.8,0.499,0.347,0.679,angry
T00114,classical,173.14,0.701,0.492,-59.49,0.702,0.628,0.082,happy
T00115,blues,148.68,0.285,0.094,-47.0,0.567,0.053,0.555,romantic
T00116,classical,182.0,0.631,0.172,-10.37,0.588,0.753,0.146,romantic
T00117,country,172.51,0.456,0.103,-19.77,0.331,0.004,0.196,happy
T00118,country,86.12,0.482,0.613,-6.34,0.462,0.307,0.393,happy
T00119,metal,184.96,0.758,0.094,-56.57,0.078,0.504,0.101,angry
T00120,rock,135.51,0.282,0.754,-24.18,0.357,0.377,0.173,energetic
T00121,classical,173.04,0.318,0.021,-25.86,0.696,0.307,0.349,romantic
T00122,metal,185.45,0.925,0.249,-57.86,0.953,0.831,0.33,angry
T00123,metal,104.52,0.056,0.891,-29.19,0.963,0.935,0.749,angry
T00124,rock,75.41,0.486,0.719,-23.43,0.556,0.874,0.075,energetic
T00125,pop,91.91,0.913,0.073,-48.52,0.607,0.522,0.86,energetic
T00126,reggae,119.8,0.61,0.821,-43.6,0.186,0.884,0.816,energetic
T00127,hiphop,174.52,0.546,0.493,-21.58,0.695,0.921,0.766,sad
T00128,reggae,180.5,0.25,0.847,-31.9,0.071,0.409,0.309,angry
T00129,blues,60.97,0.343,0.601,-8.52,0.285,0.283,0.823,sad
T00130,classical,131.5,0.852,0.682,-39.46,0.668,0.098,0.183,calm
T00131,reggae,118.44,0.559,0.994,-44.0,0.31,0.479,0.124,calm
T00132,hiphop,91.1,0.515,0.232,-0.91,0.05,0.946,0.045,angry
T00133,jazz,76.78,0.1,0.624,-5.33,0.832,0.561,0.939,happy
T00134,classical,107.27,0.016,0.46,-58.26,0.31,0.668,0.308,energetic
T00135,hiphop,192.01,0.964,0.039,-13.76,0.063,0.113,0.918,sad
T00136,metal,105.25,0.377,0.014,-53.38,0.075,0.144,0.273,calm
T00137,country,132.63,0.603,0.119,-58.35,0.252,0.464,0.908,angry
T00138,pop,158.42,0.08,0.649,-43.58,0.178,0.951,0.904,happy
T00139,blues,110.91,0.683,0.567,-43.84,0.774,0.361,0.924,angry
T00140,hiphop,196.05,0.933,0.553,-10.84,0.322,0.877,0.496,happy
T00141,reggae,194.74,0.576,0.032,-17.36,0.805,0.12,0.866,angry
T00142,country,95.25,0.126,0.469,-1.1,0.174,0.617,0.951,energetic
T00143,reggae,129.61,0.582,0.925,-17.31,0.493,0.601,0.325,energetic
T00144,classical,102.12,0.766,0.398,-34.9,0.688,0.86,0.419,happy
T00145,hiphop,99.88,0.406,0.625,-18.06,0.652,0.003,0.719,angry
T00146,reggae,65.16,0.88,0.78,-0.03,0.601,0.19,0.3,energetic
T00147,rock,145.34,0.649,0.784,-17.39,0.925,0.22,0.754,angry
T00148,disco,130.38,0.899,0.519,-14.3,0.229,0.95,0.074,angry
T00149,country,67.21,0.624,0.858,-3.7,0.494,0.154,0.523,energetic
T00150,jazz,99.01,0.131,0.391,-53.18,0.884,0.037,0.122,romantic
T00151,country,187.16,0.31,0.889,-17.71,0.078,0.534,0.293,calm
T00152,reggae,93.54,0.202,0.24,-8.95,0.056,0.529,0.259,calm
T00153,reggae,80.29,0.909,0.28,-2.74,0.233,0.844,0.839,angry
T00154,blues,128.52,0.76,0.053,-47.34,0.633,0.949,0.194,calm
T00155,rock,197.99,0.676,0.796,-29.76,0.26,0.539,0.808,sad
T00156,jazz,93.89,0.301,0.417,-19.17,0.19,0.93,0.794,energetic
T00157,pop,154.1,0.184,0.229,-45.15,0.459,0.725,0.499,calm
T00158,blues,166.63,0.756,0.232,-23.97,0.614,0.265,0.234,romantic
T00159,classical,93.27,0.474,0.901,-44.55,0.249,0.928,0.227,calm
T00160,jazz,161.95,0.226,0.834,-39.99,0.301,0.667,0.465,angry
T00161,hiphop,111.49,0.617,0.554,-33.51,0.614,0.414,0.009,happy
T00162,disco,148.52,0.04,0.616,-28.25,0.946,0.68,0.531,calm
T00163,blues,148.69,0.326,0.474,-33.04,0.675,0.401,0.953,happy
T00164,disco,135.01,0.469,0.392,-30.41,0.783,0.114,0.155,energetic
T00165,rock,72.64,0.148,0.915,-42.08,0.367,0.719,0.573,happy
T00166,classical,176.94,0.985,0.126,-50.46,0.272,0.824,0.962,calm
T00167,classical,104.91,0.209,0.418,-57.16,0.454,0.729,0.861,romantic
T00168,pop,86.11,0.13,0.345,-48.24,0.807,0.229,0.85,sad
T00169,classical,65.71,0.204,0.498,-25.08,0.456,0.957,0.822,romantic
T00170,reggae,142.73,0.769,0.458,-12.83,0.847,0.025,0.309,romantic
T00171,country,154.86,0.426,0.519,-49.85,0.989,0.333,0.891,sad
T00172,country,62.32,0.565,0.14,-53.49,0.072,0.26,0.941,energetic
T00173,pop,131.69,0.021,0.513,-15.04,0.045,0.048,0.496,calm
T00174,reggae,91.71,0.034,0.242,-41.69,0.15,0.406,0.355,energetic
T00175,country,150.32,0.446,0.184,-2.91,0.384,0.623,0.414,angry
T00176,hiphop,84.41,0.817,0.065,-17.14,0.131,0.883,0.334,angry
T00177,reggae,156.73,0.885,0.763,-40.39,0.871,0.99,0.212,happy
T00178,rock,114.14,0.087,0.427,-42.63,0.023,0.808,0.618,romantic
T00179,metal,191.14,0.538,0.627,-28.58,0.316,0.469,0.563,energetic
T00180,disco,79.25,0.913,0.728,-55.25,0.185,0.724,0.463,sad
T00181,reggae,107.75,0.388,0.679,-52.94,0.932,0.844,0.096,energetic
T00182,disco,75.89,0.83,0.471,-49.45,0.669,0.465,0.797,happy
T00183,hiphop,189.46,0.134,0.388,-13.52,0.912,0.785,0.175,calm
T00184,metal,182.83,0.935,0.376,-29.17,0.972,0.483,0.115,romantic
T00185,jazz,96.11,0.751,0.64,-59.37,0.497,0.386,0.623,romantic
T00186,pop,152.4,0.941,0.495,-19.59,0.234,0.526,0.399,energetic
T00187,reggae,174.41,0.677,0.849,-34.58,0.194,0.676,0.06,happy
T00188,pop,137.73,0.363,0.875,-29.35,0.223,0.727,0.356,angry
T00189,classical,134.15,0.938,0.171,-47.15,0.709,0.357,0.772,sad
T00190,disco,93.86,0.276,0.136,-26.89,0.04,0.571,0.615,calm
T00191,disco,73.03,0.332,0.63,-1.25,0.051,0.91,0.363,energetic
T00192,classical,185.61,0.701,0.301,-55.59,0.608,0.976,0.192,energetic
T00193,jazz,186.06,0.765,0.019,-42.96,0.642,0.227,0.632,sad
T00194,blues,148.63,0.929,0.889,-45.42,0.665,0.193,0.888,angry
T00195,rock,107.46,0.205,0.227,-45.09,0.372,0.677,0.646,energetic
T00196,reggae,108.89,0.798,0.929,-37.28,0.806,0.415,0.813,sad
T00197,disco,161.63,0.739,0.717,-10.91,0.534,0.024,0.522,romantic
T00198,rock,185.6,0.064,0.763,-5.23,0.105,0.347,0.718,romantic
T00199,disco,184.19,0.387,0.201,-47.87,0.797,0.807,0.896,sad
T00200,blues,169.18,0.283,0.234,-27.42,0.953,0.797,0.773,calm
T00201,classical,149.88,0.304,0.521,-21.79,0.06,0.495,0.91,romantic
T00202,blues,71.78,0.983,0.172,-28.69,0.391,0.473,0.431,sad
T00203,disco,82.63,0.643,0.305,-33.96,0.488,0.58,0.904,sad
T00204,classical,185.8,0.718,0.321,-48.48,0.146,0.219,0.622,romantic
T00205,blues,144.9,0.977,0.16,-30.71,0.868,0.526,0.87,sad
T00206,jazz,61.29,0.377,0.205,-35.93,0.284,0.011,0.039,energetic
T00207,classical,74.21,0.802,0.789,-12.27,0.783,0.476,0.658,sad
T00208,reggae,152.89,0.435,0.167,-14.18,0.671,0.336,0.848,sad
T00209,disco,60.71,0.87,0.028,-51.96,0.598,0.675,0.174,sad
T00210,hiphop,82.51,0.181,0.629,-54.69,0.192,0.638,0.662,sad
T00211,pop,136.82,0.948,0.976,-5.51,0.221,0.381,0.825,angry
T00212,disco,156.87,0.219,0.331,-27.87,0.047,0.007,0.288,energetic
T00213,reggae,151.27,0.326,0.119,-8.53,0.241,0.252,0.405,sad
T00214,country,91.4,0.756,0.57,-56.51,0.345,0.633,0.57,happy
T00215,rock,159.71,0.394,0.906,-28.41,0.833,0.072,0.519,happy
T00216,rock,93.21,0.608,0.784,-27.63,0.366,0.108,0.039,happy
T00217,pop,105.56,0.445,0.623,-8.36,0.755,0.647,0.099,romantic
T00218,disco,164.51,0.742,0.315,-54.14,0.439,0.756,0.1,romantic
T00219,pop,150.95,0.228,0.542,-45.57,0.785,0.322,0.262,calm
T00220,metal,178.89,0.058,0.091,-35.61,0.976,0.49,0.246,angry
T00221,disco,152.07,0.3,0.679,-8.05,0.24,0.946,0.742,happy
T00222,classical,139.56,0.474,0.725,-3.67,0.862,0.946,0.573,angry
T00223,classical,73.11,0.168,0.965,-0.44,0.622,0.308,0.764,happy
T00224,metal,111.48,0.355,0.26,-2.45,0.817,0.81,0.07,calm
T00225,jazz,97.13,0.4,0.018,-59.64,0.652,0.594,0.485,energetic
T00226,metal,94.16,0.057,0.546,-57.14,0.424,0.975,0.324,angry
T00227,metal,196.22,0.583,0.707,-51.14,0.228,0.478,0.85,energetic
T00228,pop,115.03,0.884,0.79,-39.07,0.07,0.775,0.708,calm
T00229,blues,184.89,0.152,0.194,-10.2,0.536,0.768,0.869,angry
T00230,classical,148.36,0.598,0.262,-6.44,0.99,0.497,0.046,energetic
T00231,blues,171.27,0.665,0.513,-48.79,0.738,0.796,0.721,calm
T00232,metal,130.37,0.419,0.331,-22.82,0.327,0.261,0.54,sad
T00233,jazz,140.77,0.701,0.861,-4.96,0.827,0.122,0.825,angry
T00234,classical,128.95,0.411,0.474,-32.18,0.769,0.425,0.507,energetic
T00235,disco,87.33,0.505,0.8,-53.79,0.282,0.944,0.54,calm
T00236,disco,161.14,0.007,0.581,-32.53,0.014,0.501,0.052,sad
T00237,disco,99.31,0.692,0.773,-37.45,0.118,0.635,0.669,angry
T00238,reggae,63.4,0.661,0.333,-25.34,0.877,0.624,0.273,sad
T00239,pop,150.37,0.038,0.831,-33.68,0.837,0.133,0.02,happy
T00240,country,84.8,0.368,0.275,-58.96,0.295,0.39,0.066,angry
T00241,metal,191.66,0.979,0.546,-0.36,0.285,0.707,0.957,calm
T00242,country,193.55,0.421,0.214,-27.39,0.793,0.972,0.346,calm
T00243,hiphop,188.08,0.502,0.476,-31.58,0.938,0.168,0.868,angry
T00244,pop,111.82,0.91,0.318,-2.72,0.779,0.41,0.96,happy
T00245,disco,62.16,0.717,0.267,-50.65,0.606,0.095,0.943,angry
T00246,classical,189.96,0.582,0.967,-48.65,0.243,0.242,0.882,energetic
T00247,pop,119.95,0.798,0.16,-11.52,0.526,0.377,0.895,calm
T00248,reggae,195.33,0.864,0.787,-44.35,0.234,0.541,0.289,romantic
T00249,classical,194.91,0.457,0.984,-12.05,0.808,0.231,0.151,sad
T00250,blues,179.42,0.475,0.02,-43.71,0.387,0.228,0.639,calm
T00251,reggae,101.22,0.386,0.699,-58.01,0.834,0.778,0.488,happy
T00252,blues,113.91,0.967,0.253,-28.98,0.382,0.963,0.099,romantic
T00253,classical,179.16,0.697,0.04,-48.2,0.824,0.324,0.678,angry
T00254,disco,104.37,0.083,0.403,-14.53,0.333,0.688,0.563,calm
T00255,country,83.73,0.863,0.935,-21.53,0.44,0.258,0.863,energetic
T00256,metal,137.95,0.481,0.012,-4.58,0.615,0.928,0.609,romantic
T00257,pop,191.06,0.069,0.588,-13.02,0.07,0.673,0.574,happy
T00258,pop,157.44,0.55,0.501,-49.15,0.948,0.803,0.441,happy
T00259,disco,139.81,0.417,0.873,-11.99,0.574,0.049,0.463,romantic
T00260,metal,73.6,0.878,0.084,-21.5,0.508,0.599,0.954,sad
T00261,blues,146.1,0.204,0.682,-19.86,0.839,0.528,0.138,calm
T00262,country,198.61,0.826,0.68,-10.06,0.866,0.293,0.446,angry
T00263,metal,79.61,0.558,0.669,-25.57,0.522,0.262,0.656,happy
T00264,blues,132.57,0.055,0.942,-32.04,0.927,0.58,0.433,energetic
T00265,metal,182.83,0.972,0.823,-21.8,0.065,0.706,0.283,energetic
T00266,hiphop,163.71,0.513,0.042,-42.12,0.113,0.033,0.287,angry
T00267,pop,157.58,0.291,0.471,-49.04,0.597,0.567,0.234,energetic
T00268,hiphop,158.35,0.469,0.398,-23.0,0.354,0.17,0.344,sad
T00269,metal,110.33,0.858,0.31,-45.97,0.464,0.14,0.872,angry
T00270,reggae,101.1,0.305,0.451,-55.21,0.328,0.623,0.505,energetic
T00271,pop,173.31,0.193,0.384,-59.97,0.405,0.311,0.24,sad
T00272,country,173.42,0.129,0.432,-23.5,0.823,0.441,0.385,energetic
T00273,disco,181.39,0.298,0.979,-38.27,0.593,0.36,0.106,calm
T00274,hiphop,187.85,0.78,0.089,-14.86,0.997,0.648,0.904,angry
T00275,disco,131.59,0.472,0.922,-37.49,0.787,0.47,0.408,energetic
T00276,blues,130.21,0.227,0.48,-30.84,0.274,0.963,0.98,energetic
T00277,rock,171.76,0.166,0.624,-35.57,0.264,0.352,0.348,sad
T00278,reggae,150.99,0.333,0.83,-20.97,0.336,0.74,0.836,calm
T00279,blues,158.28,0.94,0.36,-38.63,0.843,0.257,0.256,calm
T00280,jazz,171.41,0.343,0.43,-2.17,0.027,0.509,0.076,sad
T00281,blues,184.6,0.988,0.41,-3.83,0.23,0.553,0.032,calm
T00282,blues,107.32,0.485,0.375,-9.12,0.905,0.329,0.606,romantic
T00283,rock,112.58,0.179,0.926,-4.78,0.64,0.472,0.312,energetic
T00284,pop,73.16,0.891,0.829,-33.05,0.227,0.279,0.444,energetic
T00285,reggae,140.96,0.46,0.109,-27.81,0.219,0.006,0.819,calm
T00286,reggae,65.03,0.71,0.108,-15.47,0.863,0.216,0.248,energetic
T00287,country,125.18,0.984,0.428,-18.23,0.894,0.7,0.309,calm
T00288,blues,135.97,0.05,0.099,-6.56,0.256,0.771,0.845,sad
T00289,reggae,100.12,0.097,0.619,-17.02,0.421,0.28,0.493,angry
T00290,classical,142.72,0.72,0.144,-0.13,0.835,0.408,0.828,sad
T00291,country,64.27,0.282,0.522,-39.09,0.771,0.037,0.374,angry
T00292,classical,65.23,0.184,0.007,-10.02,0.814,0.237,0.398,romantic
T00293,rock,175.16,0.039,0.317,-18.14,0.518,0.779,0.167,sad
T00294,classical,110.43,0.022,0.677,-18.52,0.912,0.606,0.916,happy
T00295,disco,77.79,0.774,0.484,-40.45,0.326,0.206,0.897,romantic
T00296,metal,133.11,0.134,0.978,-12.86,0.157,0.257,0.984,energetic
T00297,classical,167.8,0.468,0.874,-5.98,0.709,0.817,0.402,sad
T00298,rock,90.21,0.606,0.359,-46.89,0.539,0.209,0.819,angry
T00299,disco,147.2,0.428,0.045,-22.47,0.855,0.334,0.415,calm
T00300,rock,71.95,0.027,0.846,-36.47,0.081,0.664,0.454,calm
T00301,rock,67.24,0.784,0.911,-0.63,0.844,0.561,0.83,sad
T00302,blues,134.39,0.011,0.821,-31.27,0.293,0.461,0.177,sad
T00303,rock,135.69,0.762,0.128,-46.3,0.655,0.9,0.22,romantic
T00304,classical,149.24,0.893,0.998,-37.09,0.04,0.22,0.315,sad
T00305,metal,161.65,0.433,0.259,-20.77,0.61,0.741,0.788,calm
T00306,rock,196.62,0.536,0.724,-55.43,0.717,0.159,0.373,happy
T00307,rock,132.28,0.477,0.908,-23.78,0.369,0.616,0.358,sad
T00308,reggae,105.21,0.389,0.236,-4.13,0.215,0.871,0.999,calm
T00309,jazz,171.33,0.887,0.908,-8.98,0.538,0.458,0.384,calm
T00310,hiphop,97.92,0.894,0.309,-55.94,0.833,0.724,0.248,sad
T00311,disco,121.46,0.336,0.976,-0.4,0.324,0.82,0.623,romantic
T00312,jazz,70.98,0.615,0.281,-18.08,0.252,0.136,0.802,angry
T00313,disco,63.55,0.927,0.953,-50.26,0.279,0.706,0.07,angry
T00314,hiphop,194.77,0.962,0.054,-59.26,0.949,0.92,0.619,romantic
T00315,metal,177.04,0.509,0.709,-49.72,0.359,0.576,0.036,energetic
T00316,country,157.44,0.453,0.532,-9.71,0.004,0.186,0.526,calm
T00317,hiphop,117.25,0.279,0.478,-58.7,0.782,0.127,0.257,energetic
T00318,pop,84.26,0.959,0.223,-46.01,0.699,0.26,0.307,energetic
T00319,jazz,81.9,0.143,0.706,-14.56,0.129,0.104,0.467,angry
T00320,classical,95.03,0.58,0.191,-24.83,0.985,0.513,0.927,angry
T00321,blues,136.89,0.283,0.553,-13.04,0.608,0.07,0.711,happy
T00322,pop,160.04,0.279,0.253,-15.23,0.501,0.223,0.937,calm
T00323,rock,152.43,0.405,0.956,-56.96,0.382,0.44,0.66,happy
T00324,rock,99.19,0.999,0.029,-6.45,0.899,0.474,0.007,romantic
T00325,classical,193.68,0.055,0.2,-46.38,0.244,0.565,0.266,sad
T00326,classical,163.31,0.579,0.242,-26.8,0.286,0.706,0.906,happy
T00327,reggae,137.61,0.083,0.414,-21.34,0.122,0.047,0.643,sad
T00328,disco,145.64,0.155,0.233,-49.88,0.759,0.081,0.982,energetic
T00329,reggae,118.74,0.44,0.491,-1.43,0.596,0.061,0.156,calm
T00330,hiphop,94.68,0.51,0.872,-30.71,0.609,0.423,0.297,romantic
T00331,country,109.84,0.259,0.712,-56.54,0.218,0.042,0.362,happy
T00332,jazz,166.1,0.316,0.58,-3.76,0.651,0.746,0.327,calm
T00333,classical,62.02,0.087,0.089,-24.82,0.765,0.223,0.252,romantic
T00334,disco,76.25,0.303,0.694,-18.05,0.358,0.939,0.443,energetic
T00335,jazz,66.44,0.967,0.166,-28.49,0.801,0.486,0.642,energetic
T00336,hiphop,65.7,0.945,0.786,-9.92,0.349,0.446,0.311,energetic
T00337,country,179.76,0.335,0.25,-58.01,0.758,0.781,0.08,energetic
T00338,pop,158.51,0.571,0.417,-43.9,0.034,0.713,0.709,angry
T00339,reggae,126.38,0.91,0.35,-31.82,0.551,0.607,0.459,angry
T00340,hiphop,73.7,0.006,0.859,-55.4,0.97,0.935,0.556,energetic
T00341,rock,128.83,0.811,0.127,-17.65,0.981,0.422,0.455,energetic
T00342,reggae,126.29,0.948,0.566,-36.38,0.282,0.809,0.89,happy
T00343,blues,84.25,0.091,0.142,-43.64,0.441,0.38,0.559,calm
T00344,reggae,120.74,0.161,0.705,-59.8,0.063,0.838,0.923,happy
T00345,hiphop,115.79,0.961,0.905,-16.81,0.873,0.259,0.511,energetic
T00346,classical,146.22,0.538,0.435,-9.97,0.569,0.289,0.293,romantic
T00347,country,148.91,0.014,0.488,-36.3,0.385,0.678,0.355,angry
T00348,hiphop,66.34,0.258,0.927,-26.15,0.113,0.213,0.522,sad
T00349,classical,112.45,0.45,0.521,-46.34,0.947,0.229,0.53,angry
T00350,classical,147.62,0.693,0.488,-22.67,0.53,0.305,0.687,angry
T00351,reggae,130.44,0.733,0.578,-59.27,0.283,0.679,0.224,romantic
T00352,country,179.91,0.995,0.689,-30.68,0.35,0.889,0.659,romantic
T00353,hiphop,152.22,0.288,0.107,-21.35,0.271,0.675,0.779,angry
T00354,hiphop,82.81,0.538,0.821,-4.91,0.602,0.828,0.677,sad
T00355,rock,69.88,0.533,0.436,-37.12,0.93,0.544,0.482,energetic
T00356,disco,149.94,0.406,0.072,-14.09,0.857,0.069,0.992,energetic
T00357,jazz,63.71,0.169,0.786,-24.14,0.46,0.1,0.405,energetic
T00358,disco,142.01,0.977,0.377,-4.38,0.826,0.554,0.107,romantic
T00359,hiphop,191.63,0.853,0.1,-36.1,0.423,0.328,0.822,angry
T00360,reggae,140.57,0.498,0.634,-40.85,0.252,0.221,0.212,calm
T00361,pop,114.34,0.603,0.88,-6.77,0.983,0.466,0.713,romantic
T00362,hiphop,150.06,0.227,0.888,-57.05,0.304,0.666,0.179,calm
T00363,blues,124.16,0.544,0.958,-51.82,0.324,0.385,0.017,happy
T00364,classical,136.39,0.695,0.868,-55.06,0.99,0.803,0.16,calm
T00365,metal,191.81,0.515,0.002,-9.41,0.134,0.739,0.377,angry
T00366,hiphop,114.05,0.99,0.38,-59.36,0.761,0.735,0.107,energetic
T00367,blues,194.57,0.611,0.819,-8.3,0.936,0.985,0.198,calm
T00368,blues,186.75,0.371,0.366,-32.92,0.512,0.295,0.765,romantic
T00369,jazz,87.41,0.772,0.602,-59.76,0.003,0.645,0.77,sad
T00370,country,69.71,0.17,0.606,-35.9,0.375,0.855,0.817,sad
T00371,hiphop,74.11,0.385,0.365,-48.79,0.112,0.58,0.841,romantic
T00372,country,62.55,0.347,0.904,-22.54,0.416,0.79,0.42,energetic
T00373,pop,73.22,0.432,0.503,-19.24,0.79,0.414,0.868,calm
T00374,reggae,155.62,0.782,0.465,-30.75,0.439,0.59,0.526,romantic
T00375,metal,69.97,0.484,0.998,-57.57,0.432,0.056,0.471,angry
T00376,reggae,104.66,0.794,0.494,-20.63,0.557,0.986,0.719,angry
T00377,blues,178.28,0.576,0.178,-9.48,0.582,0.8,0.214,calm
T00378,classical,63.26,0.342,0.513,-16.78,0.856,0.869,0.789,happy
T00379,classical,174.03,0.81,0.814,-10.2,0.308,0.694,0.429,happy
T00380,country,99.46,0.238,0.777,-47.97,0.822,0.186,0.127,sad
T00381,reggae,76.54,0.224,0.789,-6.67,0.566,0.031,0.119,energetic
T00382,blues,157.54,0.505,0.708,-40.67,0.301,0.865,0.165,sad
T00383,jazz,148.05,0.261,0.254,-59.2,0.295,0.396,0.891,energetic
T00384,rock,182.85,0.009,0.862,-9.4,0.361,0.264,0.991,energetic
T00385,reggae,162.91,0.648,0.893,-3.49,0.623,0.562,0.357,romantic
T00386,country,172.49,0.511,0.194,-20.67,0.231,0.421,0.292,energetic
T00387,metal,99.48,0.446,0.13,-46.11,0.92,0.652,0.219,romantic
T00388,country,84.84,0.967,0.976,-44.9,0.575,0.484,0.824,energetic
T00389,blues,165.09,0.571,0.868,-32.0,0.92,0.697,0.209,angry
T00390,hiphop,172.96,0.863,0.893,-6.13,0.046,0.853,0.924,romantic
T00391,jazz,198.67,0.139,0.886,-51.02,0.343,0.196,0.667,calm
T00392,blues,117.77,0.569,0.542,-10.44,0.023,0.329,0.897,energetic
T00393,jazz,112.08,0.868,0.646,-42.52,0.272,0.437,0.554,calm
T00394,disco,168.7,0.583,0.545,-11.48,0.862,0.962,0.691,energetic
T00395,disco,107.71,0.718,0.051,-4.78,0.037,0.365,0.619,romantic
T00396,classical,190.31,0.372,0.746,-34.35,0.436,0.381,0.831,angry
T00397,jazz,180.18,0.092,0.505,-38.1,0.118,0.653,0.836,angry
T00398,reggae,120.06,0.458,0.648,-11.87,0.417,0.419,0.59,calm
T00399,metal,165.12,0.394,0.503,-28.23,0.839,0.951,0.633,calm
T00400,rock,165.64,0.867,0.492,-18.93,0.623,0.894,0.922,sad
T00401,country,74.44,0.244,0.172,-22.63,0.737,0.513,0.93,sad
T00402,disco,186.36,0.967,0.279,-50.83,0.349,0.645,0.664,happy
T00403,country,130.74,0.958,0.159,-9.31,0.944,0.058,0.008,sad
T00404,country,175.7,0.248,0.196,-48.25,0.709,0.696,0.104,romantic
T00405,metal,104.81,0.348,0.973,-4.06,0.422,0.707,0.858,sad
T00406,blues,185.37,0.896,0.153,-44.97,0.426,0.359,0.085,romantic
T00407,country,114.49,0.967,0.269,-15.97,0.919,0.22,0.214,energetic
T00408,jazz,61.52,0.443,0.591,-42.92,0.576,0.915,0.231,romantic
T00409,metal,186.75,0.321,0.61,-40.93,0.706,0.427,0.6,romantic
T00410,disco,72.78,0.526,0.154,-41.4,0.417,0.654,0.577,romantic
T00411,hiphop,104.7,0.688,0.794,-15.13,0.224,0.033,0.289,happy
T00412,country,193.01,0.273,0.785,-26.59,0.724,0.414,0.208,sad
T00413,classical,193.09,0.736,0.237,-7.02,0.608,0.817,0.765,sad
T00414,metal,140.28,0.052,0.289,-41.56,0.501,0.388,0.935,calm
T00415,blues,148.46,0.049,0.938,-18.48,0.624,0.603,0.053,happy
T00416,pop,122.78,0.386,0.826,-14.82,0.208,0.21,0.133,happy
T00417,disco,101.05,0.353,0.698,-50.91,0.794,0.417,0.642,happy
T00418,disco,106.01,0.316,0.082,-35.96,0.948,0.928,0.804,calm
T00419,pop,154.15,0.491,0.418,-31.03,0.891,0.566,0.791,angry
T00420,jazz,165.33,0.321,0.559,-38.66,0.321,0.902,0.72,happy
T00421,hiphop,170.82,0.192,0.187,-40.67,0.406,0.902,0.887,happy
T00422,disco,170.55,0.309,0.448,-18.81,0.808,0.944,0.217,calm
T00423,disco,72.77,0.975,0.601,-47.05,0.595,0.895,0.107,angry
T00424,blues,129.22,0.411,0.327,-17.44,0.548,0.003,0.615,happy
T00425,disco,68.06,0.445,0.781,-3.9,0.927,0.934,0.822,happy
T00426,metal,136.93,0.577,0.84,-26.09,0.536,0.137,0.582,energetic
T00427,jazz,121.81,0.983,0.324,-23.31,0.515,0.04,0.963,angry
T00428,hiphop,184.28,0.242,0.839,-55.86,0.042,0.055,0.796,sad
T00429,classical,109.13,0.681,0.104,-8.13,0.069,0.349,0.701,happy
T00430,hiphop,76.39,0.716,0.838,-42.87,0.007,0.621,0.06,romantic
T00431,jazz,80.02,0.607,0.153,-23.1,0.913,0.402,0.108,calm
T00432,reggae,166.61,0.089,0.083,-1.25,0.408,0.026,0.785,energetic
T00433,metal,146.55,0.677,0.642,-24.27,0.469,0.476,0.198,sad
T00434,reggae,74.16,0.064,0.472,-16.52,0.845,0.442,0.029,sad
T00435,jazz,71.77,0.596,0.908,-33.28,0.609,0.757,0.911,romantic
T00436,blues,158.14,0.74,0.363,-56.38,0.61,0.28,0.891,energetic
T00437,classical,70.19,0.211,0.287,-12.14,0.297,0.218,0.218,calm
T00438,hiphop,175.06,0.842,0.501,-57.9,0.834,0.256,0.78,romantic
T00439,country,158.87,0.03,0.456,-17.96,0.166,0.304,0.048,sad
T00440,rock,71.39,0.844,0.344,-58.62,0.053,0.599,0.285,sad
T00441,hiphop,71.88,0.46,0.694,-8.26,0.192,0.472,0.624,angry
T00442,blues,198.13,0.218,0.76,-50.54,0.268,0.337,0.763,sad
T00443,classical,112.4,0.134,0.853,-29.14,0.282,0.374,0.01,happy
T00444,rock,111.89,0.953,0.973,-24.17,0.671,0.371,0.326,happy
T00445,metal,173.79,0.073,0.267,-32.55,0.218,0.972,0.214,romantic
T00446,jazz,192.61,0.199,0.716,-39.55,0.677,0.233,0.999,energetic
T00447,jazz,198.04,0.348,0.394,-31.93,0.091,0.818,0.671,energetic
T00448,metal,165.47,0.62,0.677,-41.32,0.147,0.708,0.406,calm
T00449,rock,112.68,0.545,0.476,-33.71,0.509,0.006,0.076,calm
T00450,reggae,71.69,0.126,0.994,-38.47,0.922,0.993,0.599,angry
T00451,classical,168.8,0.29,0.729,-26.03,0.86,0.756,0.642,energetic
T00452,metal,138.18,0.239,0.952,-45.72,0.969,0.682,0.816,angry
T00453,rock,119.39,0.214,0.835,-0.68,0.65,0.405,0.289,calm
T00454,disco,186.89,0.411,0.903,-29.95,0.676,0.555,0.981,sad
T00455,hiphop,75.57,0.704,0.814,-48.35,0.625,0.253,0.439,romantic
T00456,blues,128.97,0.217,0.459,-31.38,0.623,0.035,0.296,angry
T00457,metal,61.59,0.367,0.252,-8.02,0.147,0.836,0.348,sad
T00458,blues,125.61,0.391,0.37,-58.69,0.544,0.896,0.52,angry
T00459,reggae,67.88,0.976,0.02,-19.23,0.386,0.162,0.937,angry
T00460,reggae,76.63,0.955,0.524,-27.12,0.443,0.787,0.735,calm
T00461,disco,76.45,0.8,0.505,-49.83,0.524,0.741,0.577,romantic
T00462,jazz,150.89,0.242,0.525,-10.95,0.128,0.178,0.163,romantic
T00463,metal,164.45,0.068,0.974,-37.87,0.359,0.422,0.149,romantic
T00464,classical,141.67,0.317,0.911,-42.37,0.063,0.423,0.502,angry
T00465,jazz,194.7,0.267,0.162,-10.31,0.98,0.76,0.729,calm
T00466,rock,112.48,0.506,0.369,-21.69,0.119,0.838,0.751,angry
T00467,jazz,100.0,0.778,0.424,-6.1,0.259,0.095,0.226,romantic
T00468,classical,181.6,0.858,0.361,-22.21,0.891,0.563,0.1,romantic
T00469,hiphop,91.3,0.845,0.798,-15.55,0.483,0.762,0.384,angry
T00470,reggae,194.85,0.36,0.524,-9.81,0.136,0.786,0.918,energetic
T00471,hiphop,61.7,0.687,0.572,-56.72,0.384,0.148,0.545,energetic
T00472,metal,195.78,0.313,0.853,-13.44,0.116,0.526,0.32,calm
T00473,jazz,66.04,0.061,0.806,-23.18,0.2,0.858,0.324,angry
T00474,metal,184.76,0.702,0.132,-55.83,0.052,0.319,0.132,sad
T00475,hiphop,133.88,0.01,0.714,-29.49,0.438,0.425,0.473,happy
T00476,reggae,199.02,0.409,0.435,-55.05,0.807,0.804,0.791,calm
T00477,country,70.33,0.329,0.295,-15.84,0.586,0.089,0.969,energetic
T00478,disco,137.54,0.693,0.05,-27.21,0.606,0.859,0.502,energetic
T00479,metal,195.7,0.766,0.487,-2.79,0.201,0.311,0.167,calm
T00480,metal,133.23,0.304,0.355,-49.01,0.344,0.001,0.683,energetic
T00481,country,148.12,0.812,0.252,-23.64,0.845,0.234,0.757,sad
T00482,rock,157.4,0.294,0.695,-47.31,0.088,0.09,0.072,energetic
T00483,rock,123.64,0.446,0.769,-23.16,0.858,0.092,0.85,happy
T00484,hiphop,147.86,0.727,0.245,-16.64,0.484,0.693,0.829,happy
T00485,metal,141.8,0.693,0.049,-16.66,0.837,0.214,0.473,angry
T00486,reggae,186.16,0.987,0.849,-11.1,0.318,0.935,0.56,sad
T00487,blues,66.36,0.225,0.01,-8.79,0.339,0.516,0.713,energetic
T00488,hiphop,99.33,0.662,0.937,-55.36,0.752,0.46,0.677,energetic
T00489,hiphop,193.06,0.61,0.628,-39.4,0.785,0.434,0.017,calm
T00490,disco,184.64,0.915,0.322,-18.77,0.23,0.693,0.122,angry
T00491,metal,123.79,0.156,0.246,-30.08,0.973,0.452,0.163,happy
T00492,rock,146.82,0.752,0.009,-48.56,0.084,0.129,0.756,romantic
T00493,rock,98.83,0.568,0.235,-26.84,0.069,0.88,0.44,calm
T00494,jazz,86.34,0.275,0.138,-35.55,0.596,0.428,0.546,calm
T00495,pop,124.92,0.474,0.612,-36.6,0.723,0.074,0.773,energetic
T00496,pop,109.47,0.334,0.167,-11.41,0.961,0.529,0.341,happy
T00497,pop,141.71,0.579,0.529,-35.54,0.405,0.647,0.749,calm
T00498,disco,70.88,0.889,0.59,-58.41,0.025,0.276,0.442,energetic
T00499,reggae,196.42,0.569,0.298,-56.52,0.603,0.8,0.377,angry
T00500,pop,198.07,0.632,0.035,-8.63,0.29,0.67,0.333,sad
T00501,country,157.74,0.519,0.037,-2.36,0.433,0.65,0.965,happy
T00502,classical,135.05,0.051,0.026,-18.7,0.488,0.421,0.772,angry
T00503,hiphop,103.33,0.233,0.739,-38.14,0.065,0.962,0.02,energetic
T00504,reggae,173.93,0.492,0.318,-3.68,0.486,0.274,0.957,sad
T00505,rock,155.86,0.31,0.796,-20.23,0.426,0.578,0.775,calm
T00506,jazz,82.77,0.182,0.432,-9.34,0.713,0.309,0.149,angry
T00507,classical,187.53,0.504,0.453,-14.05,0.646,0.745,0.076,calm
T00508,disco,175.16,0.323,0.513,-37.25,0.185,0.048,0.308,calm
T00509,hiphop,192.97,0.258,0.713,-31.28,0.206,0.046,0.624,sad
T00510,disco,161.6,0.464,0.274,-48.83,0.251,0.811,0.617,sad
T00511,disco,145.88,0.133,0.122,-42.48,0.179,0.434,0.276,romantic
T00512,country,118.55,0.928,0.556,-13.31,0.657,0.341,0.446,romantic
T00513,blues,190.58,0.868,0.327,-6.36,0.994,0.608,0.212,romantic
T00514,blues,181.25,0.708,0.442,-16.53,0.652,0.702,0.051,calm
T00515,disco,66.33,0.106,0.647,-32.09,0.607,0.201,0.517,calm
T00516,pop,63.69,0.776,0.494,-54.81,0.41,0.185,0.347,sad
T00517,rock,112.7,0.808,0.62,-56.58,0.313,0.958,0.543,energetic
T00518,classical,173.48,0.768,0.544,-37.54,0.911,0.59,0.947,happy
T00519,pop,198.22,0.114,0.74,-32.17,0.969,0.39,0.143,calm
T00520,metal,81.06,0.644,0.706,-23.45,0.497,0.801,0.002,romantic
T00521,rock,143.18,0.834,0.534,-59.61,0.29,0.525,0.077,sad
T00522,disco,113.32,0.577,0.679,-0.62,0.77,0.242,0.463,angry
T00523,metal,195.79,0.646,0.874,-38.16,0.132,0.207,0.707,angry
T00524,pop,177.9,0.458,0.432,-9.11,0.766,0.397,0.581,romantic
T00525,metal,177.37,0.529,0.413,-27.9,0.819,0.86,0.495,romantic
T00526,disco,125.62,0.034,0.764,-52.17,0.125,0.061,0.354,energetic
T00527,country,118.07,0.639,0.583,-12.15,0.977,0.219,0.31,energetic
T00528,blues,98.28,0.081,0.071,-17.41,0.986,0.893,0.376,romantic
T00529,classical,67.89,0.435,0.892,-28.35,0.937,0.122,0.612,romantic
T00530,metal,181.06,0.293,0.031,-29.13,0.496,0.63,0.168,angry
T00531,disco,173.81,0.545,0.748,-54.75,0.246,0.214,0.771,energetic
T00532,country,199.96,0.133,0.759,-20.65,0.582,0.606,0.575,calm
T00533,reggae,199.53,0.692,0.953,-5.33,0.42,0.383,0.269,sad
T00534,pop,137.76,0.795,0.054,-54.41,0.206,0.102,0.501,happy
T00535,blues,167.66,0.163,0.597,-44.19,0.424,0.582,0.963,sad
T00536,reggae,192.27,0.104,0.428,-5.86,0.664,0.683,0.02,sad
T00537,disco,178.95,0.146,0.331,-42.94,0.071,0.68,0.2,energetic
T00538,classical,94.63,0.877,0.09,-20.76,0.333,0.637,0.448,happy
T00539,pop,123.08,0.528,0.563,-27.91,0.018,0.5,0.638,romantic
T00540,country,78.08,0.467,0.479,-24.22,0.749,0.519,0.212,calm
T00541,pop,193.57,0.107,0.105,-35.05,0.641,0.636,0.931,angry
T00542,reggae,144.86,0.65,0.612,-42.0,0.063,0.69,0.643,calm
T00543,reggae,92.01,0.868,0.738,-57.09,0.965,0.655,0.877,energetic
T00544,rock,154.04,0.828,0.767,-15.34,0.023,0.587,0.329,romantic
T00545,jazz,146.54,0.626,0.905,-15.23,0.59,0.156,0.829,angry
T00546,pop,110.14,0.075,0.409,-19.76,0.776,0.211,0.378,calm
T00547,rock,75.9,0.112,0.953,-21.38,0.788,0.26,0.253,sad
T00548,reggae,154.02,0.049,0.865,-45.38,0.034,0.92,0.912,energetic
T00549,metal,132.84,0.257,0.297,-58.66,0.906,0.759,0.092,happy
T00550,reggae,168.12,0.136,0.159,-11.48,0.918,0.553,0.943,sad
T00551,pop,132.82,0.26,0.435,-30.53,0.561,0.252,0.459,happy
T00552,country,179.31,0.385,0.402,-41.59,0.482,0.111,0.993,angry
T00553,pop,137.27,0.943,0.576,-53.88,0.045,0.899,0.54,happy
T00554,pop,138.53,0.61,0.583,-56.24,0.562,0.893,0.757,sad
T00555,hiphop,182.73,0.835,0.75,-39.07,0.409,0.111,0.007,happy
T00556,disco,116.49,0.71,0.51,-11.72,0.773,0.797,0.497,energetic
T00557,hiphop,78.76,0.113,0.105,-4.88,0.404,0.447,0.737,energetic
T00558,reggae,64.03,0.736,0.858,-6.19,0.684,0.324,0.783,sad
T00559,pop,165.72,0.275,0.31,-4.8,0.101,0.739,0.158,romantic
T00560,disco,146.84,0.639,0.971,-5.54,0.133,0.614,0.419,calm
T00561,hiphop,158.57,0.341,0.118,-28.37,0.14,0.78,0.419,romantic
T00562,pop,89.81,0.998,0.958,-46.84,0.046,0.074,0.104,happy
T00563,classical,79.09,0.264,0.091,-12.12,0.541,0.319,0.443,sad
T00564,hiphop,62.04,0.279,0.231,-47.18,0.794,0.319,0.807,happy
T00565,disco,109.08,0.931,0.047,-43.97,0.61,0.33,0.3,sad
T00566,hiphop,142.59,0.025,0.705,-46.0,0.575,0.502,0.433,happy
T00567,jazz,114.91,0.697,0.85,-29.1,0.681,0.283,0.961,calm
T00568,jazz,121.25,0.725,0.434,-40.69,0.34,0.444,0.032,sad
T00569,reggae,186.58,0.836,0.929,-50.75,0.362,0.368,0.592,energetic
T00570,classical,108.76,0.974,0.59,-32.81,0.314,0.735,0.743,calm
T00571,country,131.96,0.976,0.63,-7.57,0.712,0.604,0.761,energetic
T00572,country,169.71,0.065,0.845,-25.77,0.162,0.654,0.716,calm
T00573,disco,115.52,0.822,0.297,-7.3,0.013,0.211,0.726,energetic
T00574,metal,147.09,0.646,0.354,-48.25,0.596,0.326,0.059,calm
T00575,country,180.73,0.647,0.906,-49.98,0.942,0.021,0.534,romantic
T00576,disco,192.93,0.128,0.901,-25.47,0.609,0.108,0.783,happy
T00577,classical,80.59,0.65,0.976,-32.2,0.783,0.265,0.094,energetic
T00578,metal,189.72,0.982,0.902,-20.39,0.673,0.065,0.012,happy
T00579,metal,128.9,0.912,0.127,-12.32,0.497,0.603,0.815,sad
T00580,jazz,96.15,0.439,0.824,-14.92,0.718,0.998,0.712,happy
T00581,reggae,124.28,0.04,0.41,-3.46,0.824,0.101,0.412,energetic
T00582,pop,197.2,0.362,0.991,-36.1,0.225,0.821,0.94,calm
T00583,metal,128.97,0.826,0.472,-47.62,0.336,0.119,0.767,happy
T00584,blues,106.03,0.701,0.554,-26.95,0.224,0.67,0.968,angry
T00585,disco,148.68,0.459,0.53,-53.36,0.452,0.643,0.929,calm
T00586,metal,93.62,0.055,0.322,-42.67,0.885,0.903,0.481,sad
T00587,metal,70.62,0.427,0.075,-47.53,0.345,0.114,0.755,sad
T00588,rock,78.04,0.469,0.896,-36.21,0.374,0.315,0.669,energetic
T00589,blues,77.93,0.929,0.803,-53.33,0.86,0.091,0.811,calm
T00590,rock,81.27,0.641,0.14,-58.09,0.515,0.407,0.788,happy
T00591,metal,79.44,0.312,0.777,-20.59,0.535,0.912,0.153,happy
T00592,pop,149.72,0.525,0.626,-23.39,0.861,0.782,0.234,romantic
T00593,blues,85.46,0.066,0.409,-17.5,0.491,0.723,0.266,sad
T00594,jazz,108.39,0.973,0.254,-20.38,0.682,0.533,0.818,calm
T00595,hiphop,185.55,0.36,0.86,-53.14,0.086,0.883,0.811,calm
T00596,metal,126.35,0.478,0.7,-42.54,0.179,0.449,0.495,sad
T00597,metal,153.46,0.355,0.548,-52.23,0.404,0.15,0.581,romantic
T00598,reggae,84.12,0.683,0.61,-9.42,0.495,0.838,0.827,happy
T00599,reggae,86.92,0.662,0.091,-15.19,0.966,0.28,0.313,sad
T00600,rock,65.72,0.715,0.474,-47.91,0.971,0.054,0.05,calm
T00601,disco,83.65,0.268,0.194,-39.52,0.851,0.126,0.483,romantic
T00602,pop,99.0,0.316,0.208,-2.0,0.316,0.609,0.914,happy
T00603,disco,84.78,0.125,0.661,-24.35,0.964,0.607,0.79,angry
T00604,hiphop,72.42,0.656,0.911,-11.93,0.689,0.26,0.367,romantic
T00605,metal,76.89,0.04,0.404,-44.12,0.393,0.727,0.065,sad
T00606,pop,124.51,0.598,0.208,-47.4,0.702,0.774,0.637,calm
T00607,blues,88.89,0.87,0.649,-12.96,0.017,0.921,0.834,calm
T00608,metal,111.0,0.891,0.871,-18.85,0.146,0.585,0.665,romantic
T00609,jazz,130.48,0.449,0.748,-19.14,0.83,0.779,0.425,energetic
T00610,metal,156.66,0.459,0.869,-26.84,0.646,0.753,0.123,energetic
T00611,country,65.5,0.077,0.537,-26.19,0.364,0.258,0.911,sad
T00612,pop,171.92,0.671,0.752,-15.86,0.501,0.31,0.276,romantic
T00613,country,147.91,0.821,0.14,-43.8,0.905,0.478,0.224,romantic
T00614,rock,71.45,0.245,0.348,-38.83,0.632,0.019,0.816,happy
T00615,reggae,182.3,0.421,0.39,-7.7,0.398,0.297,0.981,romantic
T00616,blues,188.92,0.839,0.511,-41.47,0.12,0.474,0.66,angry
T00617,metal,68.55,0.877,0.929,-27.22,0.294,0.108,0.625,angry
T00618,rock,98.76,0.243,0.874,-17.84,0.978,0.126,0.319,happy
T00619,rock,172.87,0.551,0.135,-0.0,0.437,0.463,0.02,energetic
T00620,blues,164.76,0.192,0.173,-33.88,0.472,0.731,0.192,calm
T00621,classical,85.83,0.102,0.358,-34.31,0.499,0.834,0.584,romantic
T00622,metal,89.31,0.911,0.291,-9.44,0.884,0.546,0.151,energetic
T00623,country,111.87,0.821,0.615,-11.67,0.604,0.475,0.884,sad
T00624,pop,127.83,0.76,0.903,-16.14,0.694,0.384,0.188,energetic
T00625,country,146.56,0.049,0.962,-32.21,0.389,0.193,0.522,happy
T00626,blues,111.65,0.844,0.654,-40.56,0.029,0.147,0.512,romantic
T00627,hiphop,124.75,0.438,0.838,-23.48,0.931,0.792,0.604,sad
T00628,metal,164.65,0.342,0.525,-7.43,0.949,0.465,0.327,happy
T00629,jazz,65.14,0.546,0.208,-6.97,0.949,0.79,0.874,sad
T00630,disco,95.34,0.091,0.525,-53.49,0.944,0.704,0.444,romantic
T00631,pop,159.87,0.757,0.555,-34.3,0.815,0.194,0.7,calm
T00632,jazz,185.33,0.582,0.742,-32.12,0.685,0.51,0.636,energetic
T00633,jazz,131.63,0.187,0.22,-1.34,0.845,0.444,0.117,happy
T00634,metal,134.5,0.188,0.368,-19.32,0.601,0.424,0.623,sad
T00635,hiphop,75.0,0.184,0.364,-35.57,0.134,0.543,0.551,energetic
T00636,metal,122.64,0.057,0.959,-58.44,0.391,0.982,0.899,angry
T00637,hiphop,134.57,0.588,0.444,-26.08,0.971,0.813,0.881,happy
T00638,classical,93.95,0.84,0.755,-54.24,0.351,0.904,0.151,calm
T00639,pop,97.69,0.017,0.751,-9.93,0.868,0.03,0.082,sad
T00640,blues,112.82,0.049,0.266,-14.85,0.093,0.14,0.295,happy
T00641,reggae,62.81,0.573,0.572,-32.37,0.334,0.085,0.987,happy
T00642,blues,105.09,0.819,0.894,-34.25,0.351,0.263,0.022,angry
T00643,jazz,89.6,0.327,0.475,-6.16,0.052,0.442,0.673,romantic
T00644,disco,105.85,0.35,0.945,-42.69,0.119,0.642,0.609,calm
T00645,classical,76.77,0.596,0.214,-45.06,0.193,0.501,0.647,romantic
T00646,blues,184.67,0.274,0.074,-3.65,0.838,0.903,0.218,angry
T00647,blues,143.1,0.027,0.891,-11.45,0.063,0.94,0.227,sad
T00648,disco,155.07,0.735,0.848,-10.76,0.299,0.164,0.431,energetic
T00649,disco,170.48,0.626,0.993,-48.29,0.01,0.853,0.096,happy
T00650,blues,129.78,0.581,0.679,-51.4,0.696,0.482,0.075,sad
T00651,rock,72.17,0.742,0.937,-58.44,0.62,0.453,0.088,sad
T00652,country,135.19,0.675,0.827,-45.78,0.645,0.785,0.573,calm
T00653,disco,142.16,0.206,0.844,-13.55,0.374,0.093,0.398,happy
T00654,country,164.36,0.352,0.569,-45.6,0.208,0.882,0.294,romantic
T00655,pop,120.43,0.126,0.382,-16.25,0.72,0.671,0.316,angry
T00656,classical,77.86,0.13,0.935,-44.89,0.811,0.875,0.207,energetic
T00657,rock,99.73,0.676,0.432,-36.28,0.139,0.994,0.412,romantic
T00658,disco,110.83,0.859,0.539,-1.01,0.487,0.518,0.203,happy
T00659,pop,150.43,0.963,0.446,-45.31,0.249,0.093,0.698,happy
T00660,hiphop,139.91,0.628,0.565,-37.42,0.168,0.167,0.124,energetic
T00661,jazz,109.85,0.184,0.471,-41.93,0.734,0.324,0.948,romantic
T00662,country,198.11,0.106,0.048,-53.42,0.538,0.104,0.09,sad
T00663,rock,144.81,0.813,0.882,-30.61,0.216,0.815,0.943,romantic
T00664,rock,93.21,0.579,0.444,-37.28,0.31,0.297,0.833,angry
T00665,classical,74.25,0.618,0.589,-18.31,0.967,0.976,0.681,happy
T00666,country,81.4,0.781,0.139,-10.94,0.849,0.703,0.912,sad
T00667,hiphop,94.43,0.703,0.003,-27.35,0.88,0.173,0.139,calm
T00668,classical,82.5,0.834,0.245,-58.07,0.46,0.476,0.176,sad
T00669,rock,86.12,0.056,0.705,-22.86,0.624,0.467,0.252,energetic
T00670,blues,99.91,0.748,0.099,-56.68,0.377,0.493,0.245,angry
T00671,hiphop,84.27,0.851,0.909,-23.02,0.078,0.536,0.311,romantic
T00672,rock,185.55,0.286,0.215,-18.9,0.401,0.031,0.576,energetic
T00673,metal,71.23,0.64,0.205,-48.13,0.594,0.686,0.028,calm
T00674,metal,133.43,0.314,0.182,-10.84,0.287,0.487,0.382,romantic
T00675,disco,117.46,0.958,0.014,-5.33,0.848,0.791,0.246,sad
T00676,classical,197.53,0.033,0.772,-11.21,0.151,0.815,0.607,happy
T00677,rock,75.69,0.58,0.875,-41.69,0.367,0.231,0.985,romantic
T00678,disco,115.7,0.167,0.614,-24.8,0.125,0.048,0.518,calm
T00679,classical,195.73,0.712,0.188,-5.11,0.405,0.703,0.426,energetic
T00680,hiphop,181.17,0.176,0.285,-40.76,0.04,0.978,0.368,romantic
T00681,rock,174.39,0.235,0.476,-10.8,0.273,0.447,0.785,sad
T00682,classical,96.11,0.494,0.954,-59.43,0.401,0.26,0.072,energetic
T00683,rock,83.92,0.915,0.247,-59.78,0.478,0.157,0.96,happy
T00684,blues,153.61,0.212,0.732,-14.42,0.544,0.287,0.418,calm
T00685,jazz,190.11,0.144,0.439,-14.31,0.275,0.328,0.314,romantic
T00686,reggae,137.95,0.759,0.298,-12.66,0.523,0.424,0.974,calm
T00687,metal,140.03,0.501,0.456,-4.2,0.509,0.655,0.936,angry
T00688,jazz,99.2,0.912,0.071,-52.93,0.316,0.273,0.642,energetic
T00689,classical,167.73,0.147,0.799,-46.08,0.83,0.051,0.019,angry
T00690,reggae,86.19,0.646,0.243,-5.78,0.546,0.373,0.749,romantic
T00691,jazz,105.32,0.233,0.725,-49.37,0.332,0.856,0.336,calm
T00692,blues,119.56,0.157,0.068,-19.07,0.947,0.498,0.388,sad
T00693,metal,131.07,0.683,0.955,-28.17,0.845,0.965,0.159,angry
T00694,pop,93.94,0.594,0.193,-55.01,0.983,0.504,0.523,sad
T00695,classical,76.08,0.755,0.883,-42.88,0.692,0.276,0.745,angry
T00696,metal,145.49,0.309,0.809,-28.78,0.378,0.193,0.273,energetic
T00697,jazz,100.41,0.448,0.968,-8.86,0.281,0.695,0.939,energetic
T00698,pop,141.37,0.405,0.478,-17.55,0.663,0.536,0.195,romantic
T00699,country,81.61,0.984,0.727,-22.69,0.981,0.604,0.066,calm
T00700,metal,127.36,0.292,0.371,-30.24,0.627,0.755,0.644,energetic
T00701,country,134.56,0.295,0.184,-42.08,0.882,0.726,0.849,angry
T00702,reggae,67.26,0.355,0.443,-52.85,0.329,0.043,0.953,angry
T00703,hiphop,107.12,0.565,0.166,-35.46,0.407,0.803,0.767,sad
T00704,rock,78.82,0.252,0.982,-58.29,0.906,0.533,0.2,happy
T00705,reggae,68.87,0.915,0.096,-47.34,0.757,0.392,0.978,angry
T00706,pop,198.59,0.266,0.589,-34.05,0.981,0.538,0.919,sad
T00707,pop,105.13,0.896,0.626,-34.88,0.775,0.612,0.163,calm
T00708,metal,173.38,0.103,0.538,-57.34,0.449,0.15,0.559,energetic
T00709,rock,95.65,0.657,0.662,-24.66,0.531,0.417,0.556,energetic
T00710,hiphop,155.41,0.907,0.116,-27.02,0.901,0.336,0.443,angry
T00711,jazz,166.43,0.169,0.555,-55.31,0.552,0.35,0.984,energetic
T00712,disco,143.39,0.968,0.287,-3.41,0.255,0.091,0.06,calm
T00713,classical,126.02,0.453,0.94,-54.04,0.436,0.16,0.627,happy
T00714,hiphop,117.66,0.946,0.762,-8.71,0.516,0.162,0.205,romantic
T00715,pop,108.84,0.677,0.973,-59.98,0.097,0.373,0.527,angry
T00716,disco,190.13,0.302,0.038,-7.06,0.744,0.894,0.78,calm
T00717,pop,176.29,0.188,0.285,-58.82,0.109,0.206,0.247,romantic
T00718,rock,195.1,0.304,0.195,-14.53,0.405,0.416,0.393,sad
T00719,rock,77.4,0.093,0.011,-38.3,0.805,0.312,0.951,happy
T00720,metal,162.32,0.144,0.242,-15.71,0.468,0.787,0.761,angry
T00721,jazz,191.37,0.105,0.679,-35.9,0.842,0.05,0.573,energetic
T00722,blues,85.37,0.423,0.231,-55.75,0.342,0.197,0.222,angry
T00723,pop,69.31,0.796,0.509,-13.95,0.958,0.211,0.425,sad
T00724,jazz,163.76,0.141,0.888,-55.72,0.209,0.993,0.774,energetic
T00725,country,140.43,0.13,0.694,-4.67,0.038,0.571,0.821,romantic
T00726,pop,177.86,0.643,0.395,-56.94,0.872,0.139,0.245,happy
T00727,disco,79.57,0.197,0.372,-31.24,0.752,0.272,0.662,romantic
T00728,jazz,171.34,0.098,0.456,-16.62,0.232,0.168,0.095,angry
T00729,hiphop,88.23,0.167,0.177,-36.41,0.985,0.125,0.023,calm
T00730,jazz,82.91,0.924,0.634,-46.97,0.502,0.797,0.549,sad
T00731,hiphop,83.0,0.821,0.364,-14.45,0.951,0.496,0.224,angry
T00732,rock,174.04,0.354,0.852,-12.94,0.505,0.631,0.079,romantic
T00733,hiphop,153.13,0.656,0.757,-4.64,0.472,0.331,0.73,calm
T00734,reggae,133.23,0.537,0.611,-37.43,0.449,0.554,0.498,angry
T00735,blues,110.24,0.677,0.364,-29.62,0.335,0.258,0.796,sad
T00736,reggae,182.81,0.683,0.21,-38.21,0.534,0.308,0.664,angry
T00737,disco,114.94,0.629,0.776,-44.58,0.453,0.652,0.73,energetic
T00738,classical,174.32,0.266,0.486,-14.94,0.037,0.15,0.307,energetic
T00739,disco,121.48,0.039,0.225,-39.62,0.26,0.617,0.263,calm
T00740,metal,112.77,0.456,0.195,-34.31,0.213,0.852,0.601,romantic
T00741,pop,124.78,0.891,0.165,-35.78,0.867,0.12,0.2,energetic
T00742,reggae,102.19,0.569,0.777,-17.24,0.599,0.897,0.815,happy
T00743,disco,164.67,0.832,0.229,-4.93,0.764,0.079,0.523,happy
T00744,pop,130.38,0.992,0.527,-19.99,0.957,0.349,0.227,angry
T00745,pop,92.51,0.164,0.452,-31.71,0.644,0.611,0.625,romantic
T00746,pop,185.94,0.692,0.58,-13.25,0.983,0.559,0.945,happy
T00747,blues,113.74,0.674,0.877,-21.54,0.312,0.096,0.082,happy
T00748,classical,136.1,0.98,0.868,-56.36,0.186,0.799,0.109,sad
T00749,hiphop,186.91,0.986,0.451,-54.26,0.403,0.973,0.844,sad
T00750,disco,147.39,0.687,0.015,-57.72,0.471,0.181,0.11,happy
T00751,metal,76.37,0.244,0.426,-32.59,0.895,0.895,0.039,sad
T00752,disco,191.58,0.799,0.606,-10.45,0.56,0.557,0.348,happy
T00753,hiphop,147.88,0.107,0.558,-41.22,0.292,0.936,0.467,calm
T00754,rock,106.89,0.781,0.651,-36.95,0.743,0.176,0.569,sad
T00755,jazz,79.5,0.91,0.154,-5.43,0.506,0.792,0.507,happy
T00756,pop,171.16,0.383,0.647,-9.79,0.162,0.06,0.913,happy
T00757,reggae,146.81,0.631,0.183,-20.1,0.577,0.883,0.769,angry
T00758,reggae,134.68,0.43,0.751,-43.99,0.911,0.674,0.984,romantic
T00759,jazz,185.14,0.438,0.339,-52.98,0.843,0.37,0.476,calm
T00760,metal,170.4,0.31,0.71,-59.04,0.587,0.19,0.084,romantic
T00761,reggae,81.23,0.762,0.048,-53.58,0.377,0.817,0.956,calm
T00762,jazz,103.64,0.936,0.408,-42.44,0.087,0.603,0.004,angry
T00763,jazz,94.79,0.941,0.705,-26.89,0.47,0.36,0.776,angry
T00764,pop,164.15,0.175,0.227,-56.16,0.752,0.444,0.031,romantic
T00765,hiphop,64.69,0.875,0.795,-51.83,0.36,0.827,0.761,angry
T00766,hiphop,139.78,0.737,0.631,-49.14,0.235,0.339,0.938,energetic
T00767,hiphop,166.74,0.253,0.588,-22.08,0.931,0.09,0.389,happy
T00768,disco,182.75,0.067,0.354,-23.05,0.822,0.911,0.241,energetic
T00769,classical,107.89,0.268,0.482,-26.95,0.638,0.387,0.226,sad
T00770,disco,174.98,0.912,0.597,-44.97,0.137,0.348,0.492,angry
T00771,jazz,75.49,0.633,0.472,-37.73,0.145,0.204,0.171,romantic
T00772,classical,178.5,0.721,0.698,-54.2,0.103,0.897,0.673,happy
T00773,reggae,77.85,0.257,0.434,-46.41,0.616,0.218,0.368,happy
T00774,country,115.62,0.719,0.202,-6.14,0.116,0.637,0.323,sad
T00775,disco,171.62,0.028,0.214,-1.22,0.843,0.881,0.461,romantic
T00776,disco,80.99,0.375,0.006,-21.14,0.993,0.035,0.543,calm
T00777,pop,92.1,0.627,0.301,-4.99,0.366,0.829,0.142,happy
T00778,hiphop,161.12,0.146,0.749,-21.44,0.454,0.411,0.708,calm
T00779,rock,160.81,0.823,0.794,-58.01,0.712,0.658,0.883,romantic
T00780,reggae,149.76,0.235,0.202,-0.19,0.937,0.372,0.278,happy
T00781,rock,157.15,0.652,0.959,-54.06,0.894,0.696,0.18,energetic
T00782,hiphop,135.98,0.405,0.502,-19.04,0.058,0.254,0.761,angry
T00783,classical,95.25,0.596,0.917,-44.83,0.169,0.022,0.184,romantic
T00784,disco,108.4,0.107,0.707,-36.48,0.755,0.948,0.041,calm
T00785,hiphop,85.42,0.017,0.722,-21.24,0.689,0.016,0.619,energetic
T00786,disco,187.18,0.91,0.085,-33.81,0.133,0.824,0.24,romantic
T00787,jazz,141.67,0.27,0.22,-44.97,0.502,0.169,0.172,happy
T00788,country,116.12,0.82,0.009,-39.93,0.781,0.392,0.982,angry
T00789,hiphop,124.68,0.999,0.716,-39.51,0.219,0.822,0.292,energetic
T00790,blues,192.62,0.211,0.344,-2.44,0.871,0.206,0.903,angry
T00791,reggae,81.47,0.265,0.787,-12.08,0.053,0.866,0.178,happy
T00792,country,142.07,0.663,0.339,-32.49,0.782,0.498,0.819,romantic
T00793,hiphop,130.82,0.965,0.819,-48.01,0.616,0.366,0.502,happy
T00794,blues,145.6,0.916,0.131,-11.34,0.315,0.662,0.079,energetic
T00795,blues,62.54,0.503,0.173,-50.57,0.721,0.341,0.734,happy
T00796,reggae,182.1,0.795,0.341,-47.37,0.782,0.347,0.892,sad
T00797,hiphop,190.5,0.136,0.408,-38.04,0.934,0.734,0.163,angry
T00798,country,139.12,0.977,0.349,-7.18,0.368,0.31,0.726,happy
T00799,pop,157.53,0.964,0.764,-52.09,0.686,0.201,0.445,happy
T00800,classical,189.15,0.164,0.097,-52.67,0.603,0.808,0.754,romantic
T00801,blues,159.01,0.299,0.351,-30.36,0.525,0.805,0.714,sad
T00802,rock,81.36,0.1,0.837,-43.42,0.89,0.498,0.027,angry
T00803,hiphop,140.68,0.272,0.067,-25.88,0.003,0.527,0.179,calm
T00804,pop,144.94,0.816,0.942,-32.9,0.282,0.696,0.471,sad
T00805,pop,119.38,0.378,0.986,-33.9,0.538,0.509,0.934,sad
T00806,pop,163.1,0.088,0.089,-53.28,0.178,0.417,0.342,angry
T00807,jazz,190.81,0.342,0.291,-51.54,0.908,0.995,0.629,romantic
T00808,country,189.58,0.981,0.372,-10.74,0.648,0.148,0.012,sad
T00809,blues,123.12,0.63,0.776,-6.85,0.478,0.593,0.711,angry
T00810,hiphop,75.85,0.416,0.596,-45.92,0.815,0.886,0.603,romantic
T00811,pop,197.88,0.167,0.644,-53.19,0.451,0.687,0.715,sad
T00812,classical,177.45,0.986,0.758,-56.79,0.559,0.881,0.905,angry
T00813,classical,77.45,0.821,0.118,-23.5,0.003,0.336,0.146,romantic
T00814,metal,188.92,0.281,0.833,-17.08,0.366,0.272,0.262,angry
T00815,pop,181.79,0.07,0.706,-37.63,0.139,0.851,0.996,calm
T00816,classical,132.64,0.057,0.577,-19.22,0.69,0.394,0.156,romantic
T00817,rock,142.78,0.12,0.89,-17.22,0.479,0.71,0.721,happy
T00818,blues,115.86,0.581,0.7,-3.88,0.302,0.148,0.725,romantic
T00819,country,67.67,0.929,0.202,-56.11,0.468,0.756,0.683,angry
T00820,country,106.93,0.497,0.43,-48.46,0.21,0.549,0.227,energetic
T00821,rock,172.4,0.843,0.494,-55.89,0.925,0.269,0.215,romantic
T00822,hiphop,60.65,0.446,0.055,-7.92,0.054,0.495,0.666,calm
T00823,classical,106.69,0.709,0.955,-12.44,0.865,0.697,0.186,romantic
T00824,disco,115.74,0.732,0.129,-25.52,0.511,0.012,0.662,romantic
T00825,classical,135.24,0.174,0.697,-54.98,0.619,0.637,0.493,calm
T00826,reggae,188.78,0.361,0.506,-43.6,0.303,0.542,0.387,happy
T00827,metal,108.49,0.637,0.026,-42.14,0.967,0.22,0.3,sad
T00828,rock,108.57,0.071,0.925,-26.36,0.282,0.753,0.948,sad
T00829,rock,163.25,0.362,0.852,-44.52,0.589,0.303,0.508,angry
T00830,rock,123.31,0.535,0.524,-55.62,0.993,0.277,0.561,calm
T00831,disco,91.44,0.996,0.229,-16.15,0.881,0.471,0.949,angry
T00832,reggae,123.34,0.475,0.122,-42.06,0.536,0.676,0.654,energetic
T00833,metal,79.72,0.816,0.363,-32.86,0.99,0.929,0.958,romantic
T00834,pop,84.69,0.432,0.255,-52.34,0.701,0.141,0.106,sad
T00835,pop,129.77,0.796,0.507,-11.85,0.209,0.396,0.847,angry
T00836,hiphop,118.65,0.595,0.966,-26.07,0.406,0.067,0.335,angry
T00837,rock,188.08,0.887,0.575,-5.9,0.334,0.759,0.81,calm
T00838,metal,110.74,0.411,0.89,-30.27,0.344,0.448,0.856,energetic
T00839,hiphop,141.28,0.604,0.651,-3.51,0.76,0.707,0.271,energetic
T00840,rock,148.52,0.63,0.475,-6.49,0.584,0.322,0.409,angry
T00841,rock,61.83,0.417,0.855,-25.41,0.038,0.844,0.726,energetic
T00842,blues,152.9,0.144,0.471,-3.97,0.877,0.535,0.099,energetic
T00843,rock,84.93,0.094,0.869,-40.61,0.297,0.944,0.756,calm
T00844,classical,194.55,0.017,0.292,-38.06,0.997,0.079,0.11,romantic
T00845,disco,80.81,0.874,0.129,-57.27,0.954,0.514,0.914,calm
T00846,disco,118.05,0.236,0.855,-24.65,0.941,0.766,0.276,romantic
T00847,hiphop,71.95,0.212,0.587,-16.68,0.811,0.6,0.576,energetic
T00848,classical,199.56,0.736,0.889,-13.59,0.221,0.023,0.117,angry
T00849,country,130.31,0.32,0.938,-51.01,0.533,0.972,0.269,sad
T00850,disco,143.35,0.506,0.054,-33.35,0.224,0.298,0.404,angry
T00851,country,69.39,0.163,0.501,-49.39,0.26,0.249,0.487,angry
T00852,reggae,164.99,0.96,0.375,-20.27,0.611,0.486,0.0,sad
T00853,classical,89.39,0.852,0.626,-50.52,0.041,0.542,0.889,calm
T00854,country,185.73,0.864,0.794,-5.75,0.969,0.766,0.008,angry
T00855,blues,88.72,0.407,0.281,-46.16,0.919,0.393,0.774,romantic
T00856,metal,86.7,0.762,0.557,-42.52,0.381,0.44,0.471,energetic
T00857,pop,65.12,0.144,0.709,-8.95,0.515,0.535,0.524,energetic
T00858,rock,126.09,0.009,0.134,-32.49,0.466,0.394,0.208,calm
T00859,pop,139.08,0.02,0.814,-58.56,0.882,0.915,0.607,calm
T00860,hiphop,69.2,0.587,0.606,-30.32,0.689,0.851,0.537,calm
T00861,blues,168.57,0.455,0.95,-54.93,0.278,0.455,0.164,happy
T00862,disco,123.46,0.518,0.34,-0.88,0.447,0.0,0.238,romantic
T00863,hiphop,133.41,0.007,0.108,-24.71,0.429,0.901,0.067,happy
T00864,hiphop,121.71,0.423,0.507,-44.61,0.959,0.124,0.066,energetic
T00865,pop,116.11,0.718,0.086,-26.18,0.175,0.245,0.014,angry
T00866,classical,138.35,0.443,0.97,-55.39,0.09,0.152,0.22,happy
T00867,disco,81.73,0.732,0.039,-12.01,0.881,0.18,0.68,angry
T00868,hiphop,85.47,0.233,0.754,-4.48,0.897,0.803,0.316,sad
T00869,rock,180.65,0.813,0.525,-7.53,0.872,0.58,0.343,energetic
T00870,disco,192.46,0.588,0.369,-39.49,0.511,0.956,0.132,happy
T00871,metal,112.26,0.211,0.066,-40.45,0.66,0.231,0.575,energetic
T00872,classical,97.9,0.237,0.622,-57.89,0.563,0.486,0.342,sad
T00873,reggae,150.16,0.628,0.585,-20.92,0.069,0.977,0.676,sad
T00874,disco,117.22,0.83,0.281,-27.91,0.596,0.826,0.741,energetic
T00875,country,63.55,0.416,0.91,-32.44,0.014,0.729,0.585,happy
T00876,hiphop,81.86,0.258,0.304,-5.54,0.325,0.189,0.276,romantic
T00877,country,160.24,0.867,0.45,-49.93,0.932,0.769,0.509,energetic
T00878,classical,152.25,0.669,0.544,-59.42,0.304,0.348,0.252,angry
T00879,blues,63.79,0.448,0.1,-55.6,0.94,0.531,0.903,angry
T00880,country,91.08,0.488,0.932,-46.6,0.25,0.609,0.766,angry
T00881,hiphop,92.35,0.204,0.375,-58.0,0.315,0.609,0.493,angry
T00882,rock,154.06,0.627,0.081,-29.83,0.628,0.727,0.965,angry
T00883,rock,62.76,0.359,0.387,-41.15,0.762,0.662,0.547,sad
T00884,hiphop,74.58,0.996,0.6,-49.17,0.501,0.068,0.329,happy
T00885,pop,171.99,0.48,0.514,-14.99,0.882,0.457,0.095,happy
T00886,classical,85.0,0.486,0.695,-47.73,0.04,0.664,0.544,calm
T00887,pop,151.38,0.566,0.055,-18.74,0.922,0.296,0.86,energetic
T00888,hiphop,93.35,0.917,0.285,-39.04,0.196,0.313,0.867,sad
T00889,metal,73.92,0.801,0.819,-29.29,0.884,0.125,0.605,sad
T00890,hiphop,94.04,0.451,0.08,-3.97,0.401,0.419,0.393,energetic
T00891,reggae,161.12,0.719,0.855,-57.76,0.833,0.987,0.65,energetic
T00892,reggae,179.8,0.586,0.092,-29.98,0.672,0.285,0.762,angry
T00893,pop,176.23,0.492,0.834,-8.73,0.176,0.531,0.412,sad
T00894,pop,115.61,0.192,0.361,-24.72,0.918,0.743,0.476,sad
T00895,classical,153.53,0.464,0.612,-43.39,0.246,0.013,0.681,energetic
T00896,rock,88.7,0.246,0.153,-36.14,0.244,0.9,0.877,energetic
T00897,blues,101.04,0.915,0.066,-19.18,0.814,0.387,0.791,happy
T00898,metal,185.49,0.335,0.216,-6.55,0.106,0.869,0.022,angry
T00899,jazz,61.82,0.952,0.128,-57.54,0.222,0.039,0.124,calm
T00900,rock,71.97,0.533,0.312,-55.71,0.504,0.146,0.853,angry
T00901,hiphop,89.1,0.632,0.514,-40.5,0.83,0.323,0.834,sad
T00902,blues,63.71,0.543,0.589,-46.03,0.147,0.345,0.389,romantic
T00903,classical,85.4,0.129,0.79,-44.1,0.548,0.848,0.584,happy
T00904,disco,141.63,0.376,0.656,-46.72,0.711,0.011,0.906,romantic
T00905,rock,119.0,0.099,0.609,-48.25,0.861,0.641,0.912,energetic
T00906,rock,184.97,0.623,0.412,-52.16,0.936,0.131,0.783,calm
T00907,blues,174.44,0.447,0.474,-3.96,0.785,0.823,0.21,sad
T00908,hiphop,107.85,0.778,0.415,-51.35,0.653,0.779,0.73,calm
T00909,rock,96.32,0.22,0.842,-47.74,0.434,0.5,0.101,romantic
T00910,blues,113.16,0.165,0.23,-45.22,0.112,0.213,0.894,romantic
T00911,country,142.64,0.406,0.006,-4.02,0.71,0.634,0.149,angry
T00912,pop,97.53,0.927,0.651,-14.66,0.993,0.156,0.662,happy
T00913,reggae,147.38,0.71,0.202,-12.62,0.737,0.19,0.61,angry
T00914,pop,117.32,0.419,0.89,-53.71,0.017,0.627,0.777,romantic
T00915,hiphop,137.29,0.517,0.859,-9.82,0.496,0.991,0.552,energetic
T00916,country,121.06,0.084,0.077,-35.51,0.615,0.891,0.06,happy
T00917,rock,101.23,0.985,0.106,-44.23,0.69,0.593,0.706,romantic
T00918,metal,192.78,0.666,0.495,-25.45,0.72,0.539,0.383,angry
T00919,pop,166.9,0.285,0.609,-10.67,0.558,0.998,0.32,calm
T00920,classical,79.62,0.586,0.275,-13.28,0.223,0.547,0.992,happy
T00921,pop,181.59,0.109,0.717,-6.6,0.942,0.42,0.59,happy
T00922,jazz,128.24,0.966,0.595,-4.31,0.697,0.91,0.711,energetic
T00923,metal,185.24,0.175,0.325,-45.71,0.237,0.234,0.526,energetic
T00924,jazz,171.98,0.648,0.025,-34.57,0.322,0.098,0.77,calm
T00925,jazz,119.53,0.245,0.75,-59.12,0.922,0.634,0.752,calm
T00926,classical,63.15,0.718,0.215,-7.24,0.887,0.096,0.657,happy
T00927,country,97.61,0.777,0.834,-50.73,0.405,0.373,0.998,sad
T00928,jazz,135.83,0.673,0.42,-8.31,0.038,0.424,0.46,romantic
T00929,metal,148.69,0.614,0.577,-40.24,0.048,0.548,0.706,romantic
T00930,pop,96.1,0.892,0.873,-37.91,0.284,0.992,0.798,angry
T00931,hiphop,79.51,0.079,0.864,-57.65,0.629,0.221,0.376,happy
T00932,metal,176.89,0.331,0.372,-40.39,0.584,0.376,0.457,romantic
T00933,reggae,197.82,0.248,0.209,-6.7,0.634,0.132,0.969,romantic
T00934,blues,133.6,0.988,0.775,-58.47,0.717,0.608,0.032,calm
T00935,pop,84.04,0.389,0.433,-35.62,0.019,0.728,0.335,happy
T00936,classical,98.12,0.733,0.192,-58.12,0.105,0.482,0.486,energetic
T00937,jazz,62.57,0.685,0.904,-37.74,0.359,0.246,0.001,angry
T00938,hiphop,188.0,0.212,0.198,-49.64,0.155,0.621,0.899,happy
T00939,jazz,76.49,0.239,0.026,-44.87,0.075,0.539,0.286,energetic
T00940,classical,140.71,0.281,0.02,-7.34,0.641,0.171,0.258,angry
T00941,metal,98.37,0.411,0.622,-33.84,0.815,0.406,0.82,angry
T00942,reggae,137.58,0.234,0.662,-43.57,0.753,0.435,0.278,sad
T00943,blues,151.2,0.02,0.311,-24.64,0.817,0.983,0.658,energetic
T00944,reggae,176.16,0.879,0.32,-51.47,0.666,0.849,0.822,angry
T00945,pop,88.9,0.966,0.339,-44.44,0.735,0.734,0.792,romantic
T00946,metal,61.54,0.342,0.68,-27.23,0.272,0.889,0.782,sad
T00947,blues,79.16,0.339,0.058,-45.75,0.993,0.735,0.089,sad
T00948,disco,186.0,0.007,0.929,-19.25,0.183,0.903,0.08,happy
T00949,reggae,182.34,0.68,0.223,-30.51,0.214,0.055,0.307,romantic
T00950,jazz,143.64,0.825,1.0,-13.68,0.289,0.456,0.036,romantic
T00951,rock,144.07,0.147,0.172,-3.11,0.975,0.747,0.5,calm
T00952,pop,153.11,0.16,0.772,-53.05,0.988,0.583,0.395,calm
T00953,pop,84.55,0.79,0.223,-39.92,0.795,0.175,0.557,angry
T00954,blues,188.02,0.616,0.081,-40.83,0.629,0.34,0.299,angry
T00955,disco,118.63,0.045,0.875,-50.93,0.52,0.318,0.486,angry
T00956,hiphop,113.64,0.623,0.859,-11.38,0.971,0.261,0.335,happy
T00957,reggae,132.65,0.309,0.404,-14.41,0.696,0.343,0.195,sad
T00958,country,66.58,0.369,0.702,-30.93,0.945,0.515,0.649,calm
T00959,hiphop,83.28,0.77,0.557,-27.73,0.317,0.855,0.673,energetic
T00960,pop,163.32,0.811,0.853,-56.43,0.334,0.742,0.829,calm
T00961,pop,71.59,0.4,0.315,-26.67,0.855,0.835,0.875,sad
T00962,classical,144.44,0.947,0.524,-12.52,0.15,0.884,0.704,sad
T00963,blues,94.35,0.406,0.485,-25.57,0.946,0.416,0.687,energetic
T00964,rock,114.5,0.772,0.354,-44.08,0.507,0.346,0.057,happy
T00965,disco,100.42,0.484,0.891,-19.95,0.926,0.058,0.11,calm
T00966,country,109.79,0.898,0.166,-38.31,0.337,0.93,0.813,angry
T00967,hiphop,160.67,0.908,0.15,-27.31,0.716,0.066,0.233,romantic
T00968,reggae,101.6,0.087,0.577,-30.75,0.483,0.741,0.356,happy
T00969,blues,139.3,0.936,0.657,-37.13,0.627,0.378,0.145,angry
T00970,reggae,126.65,0.826,0.195,-16.87,0.504,0.949,0.195,calm
T00971,metal,152.91,0.791,0.391,-6.97,0.967,0.42,0.775,energetic
T00972,classical,191.16,0.201,0.947,-59.69,0.692,0.817,0.262,happy
T00973,disco,162.56,0.805,0.247,-3.98,0.251,0.283,0.449,calm
T00974,classical,90.09,0.85,0.668,-29.31,0.91,0.299,0.152,angry
T00975,pop,64.37,0.289,0.74,-17.96,0.294,0.596,0.678,calm
T00976,classical,96.72,0.952,0.448,-8.66,0.372,0.998,0.728,romantic
T00977,country,143.31,0.05,0.938,-31.97,0.102,0.518,0.362,sad
T00978,pop,67.2,0.15,0.737,-9.9,0.9,0.936,0.785,sad
T00979,hiphop,129.49,0.538,0.458,-49.34,0.286,0.786,0.24,calm
T00980,reggae,143.56,0.576,0.569,-50.45,0.259,0.796,0.692,angry
T00981,hiphop,106.79,0.645,0.693,-20.55,0.92,0.436,0.73,sad
T00982,metal,167.93,0.017,0.592,-7.79,0.806,0.387,0.969,calm
T00983,pop,74.92,0.96,0.879,-6.45,0.141,0.192,0.232,calm
T00984,pop,70.52,0.045,0.357,-21.38,0.769,0.964,0.094,romantic
T00985,disco,161.95,0.143,0.3,-28.47,0.913,0.959,0.263,angry
T00986,pop,129.37,0.014,0.214,-40.12,0.079,0.747,0.123,sad
T00987,reggae,156.38,0.567,0.038,-1.2,0.825,0.296,0.17,angry
T00988,country,120.88,0.932,0.043,-40.82,0.547,0.245,0.334,angry
T00989,metal,94.5,0.666,0.87,-15.35,0.669,0.989,0.414,romantic
T00990,disco,174.67,0.823,0.678,-28.08,0.493,0.067,0.904,angry
T00991,rock,171.92,0.013,0.661,-23.49,0.698,0.844,0.196,sad
T00992,reggae,157.26,0.542,0.615,-36.39,0.034,0.355,0.972,sad
T00993,country,98.1,0.46,0.849,-2.11,0.763,0.419,0.81,happy
T00994,classical,142.63,0.499,0.48,-25.7,0.033,0.832,0.881,energetic
T00995,hiphop,110.54,0.072,0.87,-3.73,0.455,0.091,0.929,calm
T00996,metal,72.82,0.684,0.359,-59.54,0.151,0.354,0.753,energetic
T00997,jazz,188.42,0.503,0.927,-25.64,0.824,0.952,0.789,romantic
T00998,reggae,79.15,0.765,0.699,-16.97,0.314,0.699,0.438,angry
T00999,hiphop,193.03,0.485,0.257,-15.3,0.454,0.755,0.51,happy
T01000,blues,122.44,0.149,0.564,-5.7,0.429,0.758,0.932,happy
T01001,hiphop,85.92,0.648,0.533,-59.74,0.773,0.061,0.378,romantic
T01002,hiphop,135.87,0.172,0.138,-59.98,0.481,0.203,0.042,calm
T01003,rock,182.21,0.872,0.591,-31.66,0.789,0.491,0.763,calm
T01004,rock,162.51,0.613,0.315,-58.24,0.074,0.368,0.573,energetic
T01005,pop,172.92,0.157,0.052,-1.53,0.192,0.411,0.815,energetic
T01006,country,152.23,0.962,0.949,-46.68,0.552,0.781,0.076,sad
T01007,pop,156.92,0.518,0.641,-31.64,0.947,0.015,0.621,energetic
T01008,reggae,178.89,0.073,0.877,-56.33,0.075,0.66,0.248,energetic
T01009,pop,94.95,0.627,0.676,-28.68,0.043,0.0,0.903,angry
T01010,jazz,128.52,0.253,0.357,-37.2,0.157,0.063,0.11,romantic
T01011,jazz,90.97,0.804,0.513,-57.32,0.641,0.408,0.843,happy
T01012,reggae,198.27,0.818,0.676,-39.89,0.399,0.841,0.089,energetic
T01013,reggae,192.17,0.979,0.96,-36.51,0.826,0.145,0.025,sad
T01014,metal,65.52,0.502,0.254,-0.6,0.072,0.555,0.235,energetic
T01015,pop,158.78,0.455,0.875,-47.53,0.196,0.679,0.333,angry
T01016,jazz,189.53,0.753,0.924,-27.31,0.3,0.23,0.627,calm
T01017,disco,85.28,0.132,0.67,-0.76,0.627,0.512,0.132,angry
T01018,disco,139.51,0.547,0.931,-12.48,0.685,0.911,0.437,sad
T01019,rock,188.17,0.546,0.398,-0.4,0.124,0.512,0.204,calm
T01020,metal,64.75,0.089,0.953,-1.9,0.944,0.157,0.855,happy
T01021,disco,157.64,0.418,0.703,-30.63,0.341,0.628,0.045,sad
T01022,metal,101.63,0.853,0.042,-18.22,0.713,0.592,0.356,sad
T01023,blues,189.42,0.856,0.907,-53.37,0.524,0.027,0.631,romantic
T01024,jazz,195.95,0.099,0.484,-33.53,0.223,0.091,0.913,energetic
T01025,pop,192.2,0.091,0.46,-11.46,0.846,0.157,0.868,sad
T01026,metal,126.39,0.263,0.566,-29.68,0.818,0.136,0.895,romantic
T01027,metal,180.69,0.875,0.149,-17.84,0.396,0.259,0.063,happy
T01028,country,178.24,0.129,0.469,-15.25,0.589,0.454,0.841,happy
T01029,pop,104.67,0.72,0.831,-44.79,0.258,0.372,0.78,romantic
T01030,blues,176.05,0.101,0.015,-7.46,0.69,0.891,0.902,happy
T01031,country,65.18,0.623,0.273,-32.41,0.309,0.612,0.312,sad
T01032,reggae,143.48,0.356,0.002,-47.39,0.844,0.876,0.912,angry
T01033,rock,92.2,0.789,0.416,-8.08,0.217,0.527,0.403,sad
T01034,jazz,76.88,0.234,0.728,-34.93,0.015,0.09,0.634,energetic
T01035,classical,70.77,0.639,0.799,-14.98,0.269,0.463,0.424,happy
T01036,pop,157.48,0.236,0.945,-27.12,0.191,0.822,0.428,energetic
T01037,classical,107.58,0.714,0.609,-37.09,0.508,0.194,0.547,romantic
T01038,reggae,161.47,0.874,0.255,-11.41,0.204,0.091,0.356,happy
T01039,pop,69.15,0.127,0.924,-24.93,0.763,0.329,0.793,energetic
T01040,blues,104.14,0.867,0.775,-36.57,0.241,0.389,0.634,calm
T01041,country,135.53,0.594,0.574,-53.42,0.707,0.306,0.69,calm
T01042,metal,170.7,0.127,0.696,-6.27,0.578,0.135,0.231,happy
T01043,country,104.63,0.428,0.924,-57.87,0.986,0.251,0.97,energetic
T01044,classical,147.62,0.161,0.712,-8.21,1.0,0.682,0.66,sad
T01045,pop,184.04,0.7,0.368,-38.4,0.87,0.386,0.197,romantic
T01046,hiphop,146.22,0.759,0.713,-21.64,0.76,0.633,0.75,angry
T01047,jazz,92.61,0.106,0.04,-4.67,0.386,0.536,0.174,sad
T01048,rock,63.42,0.506,0.386,-50.9,0.753,0.549,0.063,sad
T01049,metal,181.81,0.815,0.406,-25.98,0.957,0.249,0.528,angry
T01050,classical,62.98,0.936,0.167,-14.13,0.023,0.522,0.554,angry
T01051,jazz,182.46,0.514,0.023,-14.54,0.538,0.024,0.189,energetic
T01052,reggae,134.05,0.95,0.133,-28.46,0.218,0.432,0.348,angry
T01053,metal,191.47,0.536,0.655,-22.52,0.558,0.573,0.946,calm
T01054,jazz,171.83,0.394,0.802,-14.55,0.466,0.182,0.285,angry
T01055,pop,199.71,0.848,0.988,-9.54,0.576,0.257,0.156,romantic
T01056,reggae,109.1,0.493,0.346,-14.29,0.551,0.22,0.993,sad
T01057,blues,167.41,0.472,0.599,-38.76,0.96,0.071,0.302,romantic
T01058,rock,116.27,0.49,0.937,-0.2,0.552,0.348,0.68,romantic
T01059,classical,127.18,0.847,0.167,-33.93,0.846,0.979,0.232,romantic
T01060,disco,147.85,0.832,0.718,-58.53,0.32,0.354,0.55,happy
T01061,hiphop,182.31,0.404,0.755,-38.24,0.438,0.461,0.386,calm
T01062,disco,197.77,0.333,0.089,-52.33,0.47,0.653,0.962,angry
T01063,classical,167.56,0.492,0.861,-52.71,0.279,0.648,0.433,romantic
T01064,metal,118.49,0.573,0.813,-43.11,0.38,0.95,0.584,angry
T01065,classical,118.99,0.238,0.033,-56.8,0.599,0.858,0.945,happy
T01066,classical,163.26,0.794,0.091,-18.69,0.58,0.794,0.989,energetic
T01067,pop,93.43,0.486,0.049,-55.56,0.636,0.952,0.102,sad
T01068,country,75.47,0.334,0.335,-47.8,0.352,0.231,0.834,happy
T01069,hiphop,109.65,0.107,0.509,-54.43,0.316,0.617,0.382,energetic
T01070,blues,100.21,0.239,0.532,-56.21,0.612,0.887,0.595,sad
T01071,blues,101.48,0.949,0.268,-43.93,0.133,0.624,0.375,romantic
T01072,jazz,92.71,0.305,0.912,-25.69,0.253,0.977,0.401,angry
T01073,blues,65.89,0.169,0.368,-2.12,0.042,0.1,0.159,energetic
T01074,hiphop,62.5,0.461,0.046,-7.47,0.073,0.439,0.573,happy
T01075,jazz,198.28,0.307,0.3,-7.44,0.243,0.977,0.547,calm
T01076,jazz,119.89,0.035,0.531,-49.44,0.02,0.38,0.189,romantic
T01077,metal,113.81,0.323,0.408,-44.11,0.245,0.74,0.542,happy
T01078,country,155.15,0.544,0.274,-55.42,0.655,0.03,0.973,happy
T01079,disco,90.56,0.552,0.131,-13.29,0.061,0.695,0.714,calm
T01080,reggae,192.99,0.357,0.819,-55.81,0.437,0.935,0.481,romantic
T01081,metal,170.09,0.447,0.996,-26.6,0.913,0.383,0.916,energetic
T01082,rock,72.52,0.966,0.33,-45.13,0.791,0.021,0.575,romantic
T01083,country,118.46,0.377,0.382,-45.39,0.305,0.028,0.135,romantic
T01084,country,183.08,0.258,0.618,-0.56,0.925,0.892,0.548,energetic
T01085,country,192.26,0.243,0.718,-14.59,0.33,0.723,0.181,happy
T01086,classical,125.44,0.458,0.392,-9.78,0.073,0.107,0.768,happy
T01087,rock,145.88,0.76,0.905,-25.68,0.994,0.055,0.967,energetic
T01088,metal,83.38,0.206,0.56,-7.74,0.87,0.805,0.361,romantic
T01089,rock,198.76,0.709,0.45,-21.27,0.466,0.81,0.435,calm
T01090,disco,92.43,0.021,0.647,-3.23,0.666,0.121,0.421,sad
T01091,pop,191.98,0.419,0.953,-43.12,0.671,0.302,0.285,calm
T01092,rock,150.95,0.776,0.795,-24.28,0.194,0.78,0.794,angry
T01093,country,145.08,0.339,0.04,-18.59,0.2,0.525,0.618,romantic
T01094,disco,131.78,0.564,0.332,-36.42,0.47,0.957,0.064,happy
T01095,pop,92.29,0.205,0.471,-7.22,0.912,0.481,0.839,energetic
T01096,hiphop,84.71,0.742,0.315,-1.21,0.01,0.677,0.187,calm
T01097,pop,90.87,0.052,0.7,-30.37,0.783,0.51,0.979,angry
T01098,hiphop,86.1,0.853,0.826,-36.56,0.058,0.943,0.377,angry
T01099,blues,169.14,0.198,0.731,-31.68,0.478,0.399,0.616,happy
T01100,pop,109.02,0.874,0.989,-8.84,0.638,0.23,0.078,sad
T01101,hiphop,68.1,0.353,0.273,-21.27,0.687,0.327,0.345,sad
T01102,reggae,195.67,0.723,0.875,-57.31,0.058,0.853,0.802,angry
T01103,country,183.73,0.319,0.767,-27.47,0.419,0.498,0.477,calm
T01104,classical,189.89,0.906,0.362,-58.96,0.584,0.354,0.905,angry
T01105,pop,199.29,0.127,0.734,-13.29,0.066,0.544,0.575,romantic
T01106,jazz,84.35,0.179,0.104,-40.3,0.135,0.133,0.929,happy
T01107,rock,115.47,0.493,0.789,-31.68,0.664,0.005,0.983,happy
T01108,hiphop,166.15,0.082,0.532,-12.08,0.522,0.281,0.454,sad
T01109,metal,157.44,0.196,0.292,-57.21,0.162,0.605,0.565,angry
T01110,hiphop,81.55,0.944,0.656,-50.49,0.535,0.712,0.835,energetic
T01111,pop,174.22,0.976,0.642,-36.12,0.913,0.827,0.222,energetic
T01112,hiphop,91.42,0.376,0.209,-46.2,0.016,0.927,0.862,calm
T01113,disco,91.33,0.923,0.03,-39.73,0.643,0.412,0.592,calm
T01114,metal,135.18,0.545,0.434,-0.11,0.074,0.741,0.726,romantic
T01115,pop,143.01,0.27,0.57,-10.48,0.006,0.075,0.08,sad
T01116,classical,141.21,0.702,0.877,-6.97,0.151,0.058,0.766,happy
T01117,disco,72.81,0.659,0.928,-3.78,0.423,0.125,0.311,energetic
T01118,metal,182.84,0.989,0.529,-39.54,0.802,0.449,0.805,romantic
T01119,rock,97.18,0.265,0.754,-42.18,0.282,0.211,0.509,energetic
T01120,jazz,78.13,0.672,0.439,-45.96,0.626,0.287,0.275,energetic
T01121,rock,184.42,0.052,0.746,-10.19,0.411,0.648,0.953,romantic
T01122,hiphop,193.79,0.114,0.205,-19.23,0.234,0.359,0.765,energetic
T01123,hiphop,180.7,0.004,0.371,-45.83,0.514,0.557,0.986,sad
T01124,blues,173.33,0.999,0.634,-37.38,0.797,0.412,0.364,angry
T01125,metal,151.73,0.802,0.018,-29.6,0.832,0.169,0.649,energetic
T01126,hiphop,137.12,0.787,0.722,-28.31,0.847,0.074,0.612,happy
T01127,blues,72.18,0.51,0.836,-6.68,0.339,0.236,0.688,romantic
T01128,rock,117.18,0.3,0.399,-37.17,0.793,0.058,0.038,energetic
T01129,blues,112.18,0.151,0.448,-5.49,0.212,0.619,0.292,calm
T01130,rock,96.37,0.285,0.851,-33.52,0.738,0.796,0.909,happy
T01131,pop,161.28,0.376,0.776,-15.22,0.948,0.34,0.424,angry
T01132,hiphop,129.42,0.756,0.288,-4.18,0.014,0.387,0.961,energetic
T01133,disco,71.35,0.54,0.324,-5.55,0.44,0.816,0.214,sad
T01134,rock,90.83,0.077,0.679,-56.58,0.648,0.223,0.997,sad
T01135,jazz,155.66,0.018,0.563,-47.66,0.702,0.119,0.698,energetic
T01136,disco,70.66,0.102,0.162,-31.39,0.176,0.501,0.776,calm
T01137,disco,179.17,0.41,0.31,-34.11,0.972,0.646,0.397,romantic
T01138,rock,129.32,0.933,0.9,-21.55,0.615,0.6,0.907,sad
T01139,hiphop,127.28,0.637,0.688,-3.32,0.164,0.714,0.545,happy
T01140,country,142.94,0.802,0.986,-53.26,0.021,0.057,0.681,romantic
T01141,classical,175.46,0.466,0.767,-32.89,0.783,0.428,0.095,calm
T01142,blues,108.69,0.362,0.942,-48.46,0.08,0.239,0.632,angry
T01143,hiphop,154.92,0.108,0.216,-6.35,0.141,0.759,0.879,romantic
T01144,pop,139.2,0.876,0.771,-2.13,0.575,0.873,0.178,angry
T01145,blues,97.38,0.783,0.02,-31.28,0.604,0.281,0.738,romantic
T01146,rock,183.01,0.168,0.671,-53.76,0.687,0.095,0.025,romantic
T01147,jazz,171.64,0.512,0.469,-12.88,0.394,0.253,0.926,sad
T01148,country,152.18,0.487,0.347,-18.17,0.774,0.104,0.983,calm
T01149,classical,179.08,0.625,0.862,-38.72,0.974,0.322,0.354,sad
T01150,hiphop,181.42,0.946,0.854,-6.76,0.271,0.538,0.107,angry
T01151,jazz,159.17,0.58,0.022,-1.45,0.703,0.974,0.659,sad
T01152,metal,177.18,0.54,0.61,-26.53,0.928,0.399,0.03,calm
T01153,country,157.65,0.05,0.368,-26.06,0.686,0.22,0.482,energetic
T01154,disco,155.22,0.063,0.416,-42.15,0.681,0.167,0.272,angry
T01155,country,146.61,0.187,0.832,-24.93,0.224,0.173,0.473,energetic
T01156,reggae,165.38,0.032,0.31,-33.62,0.535,0.193,0.018,calm
T01157,jazz,82.2,0.743,0.943,-41.87,0.563,0.762,0.052,angry
T01158,reggae,183.32,0.723,0.18,-55.97,0.7,0.061,0.016,sad
T01159,reggae,182.06,0.136,0.663,-44.84,0.997,0.997,0.619,sad
T01160,hiphop,64.09,0.836,0.672,-48.13,0.034,0.523,0.56,romantic
T01161,country,175.61,0.155,0.252,-27.48,0.065,0.544,0.233,sad
T01162,hiphop,78.04,0.301,0.325,-23.9,0.078,0.358,0.647,angry
T01163,pop,106.92,0.249,0.835,-23.49,0.743,0.69,0.884,angry
T01164,hiphop,164.09,0.372,0.762,-36.71,0.136,0.471,0.277,romantic
T01165,jazz,82.51,0.255,0.329,-34.73,0.622,0.329,0.832,sad
T01166,classical,174.52,0.489,0.534,-9.95,0.325,0.265,0.663,sad
T01167,pop,176.5,0.407,0.062,-31.43,0.457,0.926,0.034,energetic
T01168,classical,131.05,0.987,0.209,-0.73,0.216,0.291,0.375,romantic
T01169,country,60.89,0.056,0.486,-33.62,0.866,0.436,0.508,romantic
T01170,disco,100.19,0.142,0.086,-21.03,0.586,0.35,0.732,angry
T01171,metal,146.37,0.053,0.843,-56.98,0.945,0.086,0.287,sad
T01172,reggae,197.37,0.626,0.718,-20.8,0.575,0.186,0.983,calm
T01173,jazz,148.45,0.055,0.944,-8.91,0.124,0.19,0.685,sad
T01174,classical,96.37,0.836,0.693,-3.45,0.171,0.694,0.373,romantic
T01175,metal,148.76,0.512,0.94,-0.16,0.989,0.407,0.097,angry
T01176,blues,135.6,0.527,0.555,-43.07,0.726,0.782,0.181,sad
T01177,hiphop,169.18,0.562,0.6,-25.48,0.049,0.709,0.488,energetic
T01178,reggae,74.98,0.171,0.977,-32.96,0.704,0.192,0.495,happy
T01179,classical,166.54,0.198,0.642,-26.17,0.412,0.563,0.768,angry
T01180,pop,135.78,0.319,0.031,-50.55,0.307,0.743,0.726,angry
T01181,jazz,194.82,0.593,0.724,-8.63,0.154,0.633,0.201,romantic
T01182,hiphop,107.86,0.21,0.905,-5.43,0.84,0.6,0.595,happy
T01183,rock,148.57,0.116,0.796,-33.02,0.064,0.74,0.021,sad
T01184,metal,190.48,0.97,0.584,-43.17,0.29,0.057,0.399,energetic
T01185,jazz,74.35,0.022,0.671,-51.55,0.306,0.731,0.764,sad
T01186,classical,191.21,0.803,0.99,-18.97,0.161,0.273,0.4,romantic
T01187,disco,156.3,0.788,0.091,-41.27,0.508,0.572,0.836,happy
T01188,pop,69.5,0.297,0.667,-5.43,0.012,0.242,0.976,energetic
T01189,blues,102.13,0.136,0.283,-19.74,0.301,0.839,0.607,calm
T01190,rock,159.14,0.146,0.64,-21.26,0.934,0.481,0.145,calm
T01191,reggae,69.43,0.697,0.608,-26.44,0.311,0.643,0.38,energetic
T01192,jazz,141.5,0.643,0.153,-57.25,0.36,0.794,0.009,calm
T01193,rock,108.42,0.783,0.207,-4.08,0.473,0.895,0.603,romantic
T01194,disco,146.93,0.937,0.622,-22.32,0.562,0.732,0.822,romantic
T01195,classical,66.4,0.692,0.128,-0.36,0.809,0.149,0.63,romantic
T01196,pop,182.02,0.156,0.265,-27.76,0.19,0.855,0.786,energetic
T01197,hiphop,196.29,0.243,0.835,-17.39,0.872,0.619,0.8,sad
T01198,metal,195.64,0.842,0.327,-56.63,0.758,0.609,0.851,sad
T01199,classical,164.95,0.209,0.488,-22.1,0.723,0.921,0.267,happy
T01200,country,78.21,0.073,0.941,-14.12,0.087,0.249,0.871,sad
T01201,blues,166.16,0.703,0.227,-13.29,0.022,0.24,0.654,sad
T01202,blues,63.44,0.403,0.39,-13.79,0.594,0.513,0.29,happy
T01203,hiphop,63.1,0.92,0.606,-46.42,0.863,0.751,0.987,angry
T01204,pop,105.31,0.65,0.755,-1.48,0.584,0.447,0.95,angry
T01205,classical,128.41,0.09,0.902,-0.29,0.213,0.634,0.574,energetic
T01206,classical,167.86,0.948,0.915,-55.46,0.091,0.453,0.843,angry
T01207,disco,155.66,0.259,0.777,-3.81,0.7,0.61,0.261,angry
T01208,reggae,122.43,0.337,0.228,-42.63,0.722,0.822,0.416,angry
T01209,country,98.31,0.402,0.025,-18.64,0.173,0.18,0.184,sad
T01210,metal,199.6,0.051,0.384,-39.71,0.028,0.695,0.52,angry
T01211,pop,119.67,0.497,0.142,-1.93,0.408,0.787,0.496,sad
T01212,jazz,123.19,0.123,0.71,-53.91,0.583,0.447,0.213,sad
T01213,reggae,82.91,0.401,0.661,-30.14,0.706,0.323,0.673,romantic
T01214,metal,171.27,0.351,0.044,-34.32,0.81,0.014,0.118,happy
T01215,rock,157.12,0.773,0.837,-40.44,0.611,0.797,0.062,energetic
T01216,country,90.91,0.803,0.249,-21.27,0.111,0.328,0.385,happy
T01217,metal,71.53,0.153,0.432,-52.14,0.683,0.357,0.41,romantic
T01218,classical,155.27,0.367,0.668,-17.0,0.984,0.336,0.32,calm
T01219,pop,151.63,0.373,0.429,-1.16,0.906,0.499,0.258,sad
T01220,rock,98.26,0.151,0.441,-11.73,0.872,0.702,0.339,angry
T01221,metal,193.12,0.798,0.066,-8.4,0.302,0.772,0.163,angry
T01222,hiphop,81.15,0.707,0.401,-38.42,0.751,0.393,0.403,calm
T01223,blues,120.53,0.19,0.765,-40.51,0.851,0.663,0.905,romantic
T01224,jazz,192.11,0.367,0.915,-28.98,0.678,0.721,0.224,romantic
T01225,disco,118.76,0.106,0.413,-57.26,0.251,0.297,0.684,energetic
T01226,pop,149.39,0.628,0.424,-3.28,0.954,0.097,0.142,sad
T01227,pop,115.66,0.121,0.703,-51.37,0.451,0.895,0.354,calm
T01228,disco,98.39,0.986,0.943,-5.82,0.13,0.677,0.321,calm
T01229,jazz,197.76,0.781,0.267,-54.99,0.11,0.648,0.937,calm
T01230,classical,117.31,0.39,0.44,-10.64,0.648,0.059,0.428,sad
T01231,jazz,185.17,0.579,0.796,-50.88,0.438,0.818,0.69,sad
T01232,reggae,92.19,0.911,0.61,-57.71,0.094,0.566,0.602,sad
T01233,jazz,89.83,0.554,0.111,-16.83,0.74,0.848,0.141,sad
T01234,blues,64.36,0.174,0.628,-43.18,0.799,0.975,0.94,happy
T01235,metal,151.23,0.379,0.187,-17.13,0.725,0.957,0.346,calm
T01236,hiphop,111.59,0.843,0.51,-26.69,0.202,0.856,0.045,happy
T01237,disco,181.01,0.644,0.529,-53.47,0.69,0.011,0.3,energetic
T01238,classical,126.25,0.651,0.876,-4.07,0.011,0.886,0.336,calm
T01239,pop,195.55,0.867,0.462,-32.86,0.305,0.075,0.093,sad
T01240,classical,85.97,0.894,0.279,-15.93,0.399,0.851,0.62,romantic
T01241,disco,181.61,0.92,0.231,-29.94,0.835,0.28,0.347,romantic
T01242,rock,168.72,0.095,0.874,-23.74,0.39,0.61,0.629,sad
T01243,blues,167.93,0.544,0.171,-41.83,0.011,0.038,0.007,sad
T01244,blues,178.27,0.741,0.426,-47.98,0.352,0.771,0.982,happy
T01245,jazz,166.54,0.757,0.187,-27.45,0.499,0.112,0.171,sad
T01246,disco,147.67,0.607,0.773,-33.59,0.949,0.411,0.659,calm
T01247,country,78.37,0.167,0.474,-36.59,0.941,0.817,0.716,angry
T01248,rock,64.55,0.797,0.351,-19.65,0.181,0.695,0.172,calm
T01249,disco,188.92,0.72,0.361,-18.57,0.185,0.006,0.112,romantic
T01250,classical,146.33,0.086,0.852,-57.24,0.163,0.403,0.153,energetic
T01251,reggae,171.52,0.464,0.554,-39.68,0.789,0.042,0.247,calm
T01252,disco,127.41,0.174,0.718,-35.29,0.006,0.673,0.168,sad
T01253,rock,76.42,0.337,0.897,-54.19,0.127,0.969,0.674,calm
T01254,disco,77.53,0.018,0.902,-45.85,0.538,0.655,0.421,calm
T01255,disco,155.98,0.4,0.329,-56.9,0.248,0.224,0.538,happy
T01256,jazz,120.24,0.55,0.952,-0.23,0.092,0.355,0.047,angry
T01257,country,88.07,0.62,0.025,-15.81,0.36,0.977,0.861,romantic
T01258,rock,128.82,0.663,0.377,-54.75,0.274,0.224,0.171,calm
T01259,blues,68.99,0.836,0.896,-58.79,0.511,0.562,0.36,romantic
T01260,hiphop,141.48,0.215,0.275,-16.84,0.979,0.4,0.072,energetic
T01261,country,97.66,0.12,0.273,-33.65,0.124,0.768,0.137,calm
T01262,country,171.66,0.852,0.303,-12.79,0.373,0.867,0.666,angry
T01263,reggae,103.45,0.157,0.612,-4.59,0.932,0.341,0.693,romantic
T01264,hiphop,123.73,0.975,0.438,-24.04,0.877,0.66,0.677,angry
T01265,country,61.63,0.843,0.727,-48.77,0.394,0.549,0.552,angry
T01266,classical,70.14,0.501,0.895,-13.07,0.699,0.278,0.953,angry
T01267,blues,114.95,0.981,0.674,-2.65,0.088,0.272,0.507,angry
T01268,country,127.19,0.097,0.204,-25.19,0.713,0.539,0.449,romantic
T01269,blues,144.0,0.303,0.933,-19.08,0.973,0.154,0.248,romantic
T01270,jazz,100.83,0.638,0.264,-39.75,0.537,0.811,0.099,happy
T01271,disco,157.3,0.35,0.15,-37.11,0.498,0.069,0.548,angry
T01272,rock,180.42,0.928,0.09,-15.92,0.187,0.095,0.315,happy
T01273,jazz,169.18,0.066,0.563,-4.33,0.634,0.342,0.524,calm
T01274,blues,65.55,0.549,0.114,-22.26,0.59,0.118,0.206,calm
T01275,country,127.27,0.591,0.139,-12.61,0.652,0.476,0.838,happy
T01276,hiphop,74.69,0.653,0.3,-49.7,0.026,0.4,1.0,sad
T01277,blues,93.89,0.256,0.282,-47.28,0.549,0.722,0.322,angry
T01278,country,198.13,0.365,0.604,-28.08,0.595,0.953,0.842,angry
T01279,metal,79.95,0.844,0.817,-49.41,0.208,0.754,0.873,calm
T01280,reggae,129.84,0.195,0.761,-21.9,0.208,0.179,0.996,romantic
T01281,classical,146.54,0.827,0.262,-42.5,0.276,0.936,0.343,happy
T01282,classical,158.35,0.563,0.245,-12.51,0.712,0.392,0.756,angry
T01283,pop,138.35,0.762,0.966,-11.51,0.606,0.474,0.229,calm
T01284,pop,61.37,0.714,0.008,-32.17,0.846,0.422,0.625,angry
T01285,jazz,105.7,0.208,0.88,-49.15,0.296,0.281,0.705,romantic
T01286,reggae,132.48,0.569,0.2,-21.19,0.912,0.895,0.741,happy
T01287,rock,72.3,0.868,0.947,-0.43,0.744,0.332,0.207,sad
T01288,classical,109.09,0.432,0.342,-22.64,0.395,0.579,0.849,energetic
T01289,pop,64.65,0.967,0.44,-57.85,0.095,0.24,0.421,calm
T01290,reggae,71.0,0.452,0.707,-58.96,0.257,0.797,0.216,calm
T01291,disco,115.57,0.143,0.588,-40.78,0.957,0.774,0.543,energetic
T01292,rock,78.58,0.389,0.318,-48.25,0.31,0.296,0.863,energetic
T01293,blues,139.46,0.952,0.554,-11.22,0.33,0.682,0.967,calm
T01294,reggae,156.53,0.32,0.731,-9.31,0.19,0.704,0.748,sad
T01295,hiphop,172.08,0.868,0.042,-44.48,0.807,0.563,0.006,calm
T01296,pop,88.02,0.881,0.011,-40.46,0.276,0.601,0.135,energetic
T01297,blues,83.45,0.35,0.458,-45.83,0.33,0.574,0.076,angry
T01298,blues,74.64,0.083,0.132,-5.5,0.414,0.082,0.101,happy
T01299,pop,149.1,0.725,0.664,-29.84,0.434,0.67,0.383,romantic
T01300,metal,158.91,0.312,0.214,-20.63,0.411,0.47,0.338,angry
T01301,metal,64.42,0.783,0.433,-35.07,0.504,0.438,0.114,sad
T01302,classical,191.07,0.443,0.198,-22.14,0.815,0.86,0.882,calm
T01303,pop,67.28,0.485,0.548,-36.85,0.819,0.023,0.615,romantic
T01304,pop,135.78,0.778,0.116,-39.62,0.798,0.251,0.796,calm
T01305,classical,159.27,0.382,0.023,-21.93,0.101,0.121,0.372,happy
T01306,classical,181.94,0.443,0.051,-24.54,0.8,0.035,0.41,romantic
T01307,jazz,159.97,0.376,0.954,-42.39,0.12,0.276,0.318,angry
T01308,rock,172.24,0.367,0.142,-51.04,0.125,0.988,0.438,happy
T01309,country,107.52,0.526,0.708,-37.89,0.948,0.27,0.61,sad
T01310,classical,174.08,0.809,0.068,-35.09,0.819,0.664,0.493,angry
T01311,country,71.22,0.362,0.108,-22.28,0.552,0.118,0.838,romantic
T01312,hiphop,185.27,0.524,0.509,-5.13,0.875,0.602,0.9,angry
T01313,rock,136.66,0.671,0.465,-57.83,0.989,0.984,0.47,sad
T01314,rock,174.42,0.269,0.952,-45.38,0.611,0.292,0.24,calm
T01315,reggae,123.32,0.278,0.945,-48.38,0.613,0.848,0.945,calm
T01316,jazz,150.1,0.933,0.78,-29.86,0.754,0.998,0.735,energetic
T01317,metal,133.7,0.724,0.602,-34.22,0.232,0.589,0.64,calm
T01318,rock,162.42,0.577,0.455,-16.26,0.167,0.309,0.745,happy
T01319,reggae,71.43,0.648,0.356,-45.46,0.76,0.674,0.076,sad
T01320,hiphop,68.45,0.029,0.947,-24.33,0.345,0.845,0.068,calm
T01321,pop,94.59,0.618,0.603,-6.97,0.135,0.171,0.153,angry
T01322,reggae,82.34,0.51,0.579,-5.36,0.315,0.453,0.147,romantic
T01323,rock,182.05,0.546,0.232,-2.47,0.359,0.319,0.421,sad
T01324,metal,90.69,0.359,0.047,-13.6,0.965,0.283,0.157,calm
T01325,classical,196.62,0.081,0.945,-5.64,0.698,0.861,0.855,happy
T01326,classical,107.17,0.193,0.314,-45.93,0.531,0.422,0.578,energetic
T01327,reggae,85.5,0.951,0.443,-48.15,0.969,0.339,0.368,energetic
T01328,disco,170.56,0.409,0.115,-59.61,0.903,0.604,0.07,romantic
T01329,metal,152.22,0.467,0.837,-17.59,0.512,0.219,0.591,romantic
T01330,pop,129.75,0.053,0.028,-3.75,0.906,0.23,0.117,romantic
T01331,disco,137.75,0.038,0.834,-48.78,0.404,0.52,0.743,sad
T01332,metal,160.69,0.717,0.14,-21.78,0.23,0.409,0.803,romantic
T01333,jazz,91.98,0.538,0.887,-15.21,0.233,0.295,0.544,romantic
T01334,pop,199.49,0.509,0.73,-4.34,0.662,0.054,0.15,happy
T01335,metal,196.47,0.243,0.165,-21.19,0.501,0.521,0.787,happy
T01336,metal,151.05,0.745,0.566,-1.78,0.659,0.817,0.308,happy
T01337,classical,87.94,0.168,0.313,-39.32,0.686,0.851,0.223,romantic
T01338,jazz,155.23,0.19,0.178,-39.0,0.022,0.235,0.471,calm
T01339,metal,70.11,0.461,0.859,-27.42,0.054,0.6,0.923,romantic
T01340,jazz,64.29,0.286,0.404,-36.99,0.533,0.856,0.297,energetic
T01341,hiphop,96.08,0.247,0.399,-59.91,0.191,0.409,0.906,happy
T01342,jazz,124.77,0.645,0.17,-16.09,0.633,0.932,0.054,angry
T01343,country,181.56,0.651,0.383,-14.9,0.552,0.903,0.084,romantic
T01344,pop,161.8,0.825,0.872,-15.18,0.586,0.208,0.699,calm
T01345,classical,163.98,0.418,0.363,-39.3,0.302,0.259,0.191,romantic
T01346,classical,119.57,0.073,0.952,-28.66,0.64,0.18,0.317,angry
T01347,classical,108.43,0.274,0.946,-38.4,0.829,0.196,0.136,angry
T01348,classical,111.95,0.98,0.145,-59.04,0.998,0.908,0.332,sad
T01349,metal,198.27,0.596,0.177,-26.25,0.838,0.931,0.28,calm
T01350,classical,65.62,0.71,0.863,-52.57,0.557,0.052,0.736,angry
T01351,jazz,181.38,0.007,0.393,-55.2,0.193,0.594,0.702,calm
T01352,country,141.01,0.518,0.004,-14.67,0.681,0.564,0.955,happy
T01353,reggae,121.41,0.038,0.274,-59.43,0.938,0.391,0.724,sad
T01354,blues,161.54,0.569,0.598,-2.46,0.212,0.632,0.695,energetic
T01355,rock,128.13,0.921,0.799,-29.08,0.256,0.947,0.694,angry
T01356,reggae,182.28,0.968,0.133,-1.02,0.149,0.17,0.883,romantic
T01357,reggae,186.1,0.541,0.111,-56.52,0.737,0.12,0.296,sad
T01358,jazz,119.04,0.458,0.922,-24.99,0.407,0.033,0.3,sad
T01359,classical,98.76,0.945,0.751,-39.04,0.063,0.364,0.741,sad
T01360,metal,142.93,0.674,0.59,-9.39,0.875,0.338,0.229,sad
T01361,jazz,187.73,0.065,0.769,-38.33,0.558,0.431,0.912,romantic
T01362,metal,89.49,0.466,0.429,-44.37,0.331,0.503,0.535,happy
T01363,blues,147.22,0.24,0.758,-8.55,0.344,0.758,0.3,calm
T01364,hiphop,148.42,0.47,0.372,-37.52,0.29,0.392,0.776,energetic
T01365,rock,162.64,0.455,0.244,-58.99,0.455,0.331,0.312,energetic
T01366,hiphop,78.42,0.582,0.729,-36.58,0.337,0.827,0.963,romantic
T01367,jazz,160.22,0.357,0.42,-20.73,0.548,0.85,0.983,calm
T01368,classical,187.26,0.164,0.981,-44.74,0.774,0.233,0.667,energetic
T01369,rock,85.16,0.504,0.349,-34.08,0.674,0.315,0.114,romantic
T01370,reggae,93.26,0.83,0.922,-56.6,0.294,0.825,0.263,sad
T01371,disco,196.0,0.664,0.933,-24.71,0.529,0.079,0.515,happy
T01372,country,85.34,0.338,0.242,-14.62,0.84,0.326,0.851,sad
T01373,pop,179.61,0.936,0.798,-35.2,0.068,0.448,0.185,sad
T01374,disco,128.92,0.912,0.433,-34.79,0.078,0.187,0.104,happy
T01375,classical,94.61,0.209,0.918,-54.7,0.556,0.18,0.074,angry
T01376,jazz,181.9,0.039,0.45,-47.88,0.639,0.425,0.507,energetic
T01377,reggae,122.34,0.741,0.744,-50.72,0.211,0.755,0.885,happy
T01378,jazz,132.07,0.828,0.467,-31.1,0.745,0.84,0.042,calm
T01379,classical,110.29,0.968,0.228,-28.24,0.646,0.979,0.212,calm
T01380,hiphop,143.01,0.89,0.199,-3.06,0.923,0.074,0.693,calm
T01381,rock,82.89,0.601,0.425,-55.61,0.169,0.217,0.826,angry
T01382,disco,114.75,0.53,0.755,-24.01,0.751,0.757,0.807,happy
T01383,metal,195.72,0.028,0.605,-28.41,0.084,0.541,0.785,angry
T01384,reggae,96.14,0.247,0.689,-29.03,0.565,0.328,0.13,calm
T01385,rock,151.94,0.46,0.282,-7.61,0.552,0.206,0.397,sad
T01386,rock,105.53,0.629,0.481,-47.67,0.388,0.28,0.985,sad
T01387,reggae,168.29,0.557,0.044,-57.55,0.845,0.429,0.989,angry
T01388,blues,78.32,0.743,0.818,-19.66,0.004,0.177,0.602,romantic
T01389,rock,195.77,0.28,0.99,-39.29,0.52,0.964,0.709,calm
T01390,hiphop,123.53,0.565,0.407,-58.94,0.217,0.108,0.951,calm
T01391,blues,93.05,0.088,0.011,-44.92,0.743,0.986,0.45,calm
T01392,country,70.29,0.414,0.17,-41.44,0.043,0.842,0.137,calm
T01393,hiphop,83.77,0.75,0.653,-22.99,0.832,0.423,0.669,happy
T01394,hiphop,132.77,0.693,0.612,-49.64,0.838,0.74,0.96,angry
T01395,jazz,107.18,0.991,0.788,-35.22,0.833,0.672,0.697,angry
T01396,jazz,176.04,0.278,0.254,-31.05,0.153,0.213,0.803,happy
T01397,blues,120.32,0.498,0.764,-32.45,0.63,0.339,0.423,sad
T01398,country,94.82,0.33,0.688,-1.56,0.014,0.513,0.096,angry
T01399,country,146.4,0.441,0.323,-57.27,0.848,0.638,0.169,energetic
T01400,rock,158.95,0.857,0.545,-2.94,0.723,0.543,0.983,angry
T01401,metal,83.39,0.684,0.147,-25.08,0.531,0.473,0.493,romantic
T01402,classical,83.47,0.882,0.453,-12.26,0.731,0.443,0.012,angry
T01403,country,65.13,0.204,0.881,-34.18,0.094,0.498,0.955,sad
T01404,blues,163.1,0.873,0.421,-32.77,0.529,0.434,0.498,happy
T01405,classical,152.93,0.06,0.84,-7.24,0.291,0.541,0.836,sad
T01406,reggae,126.45,0.889,0.59,-6.24,0.973,0.888,0.548,sad
T01407,disco,178.18,0.329,0.192,-45.68,0.857,0.633,0.102,happy
T01408,metal,172.79,0.315,0.581,-48.05,0.733,0.723,0.616,romantic
T01409,metal,141.95,0.512,0.506,-30.23,0.934,0.597,0.997,energetic
T01410,pop,181.56,0.941,0.399,-5.98,0.347,0.643,0.035,happy
T01411,jazz,88.82,0.048,0.12,-40.66,0.901,0.578,0.842,sad
T01412,country,75.67,0.352,0.417,-20.88,0.325,0.027,0.235,happy
T01413,jazz,97.76,0.857,0.073,-17.51,0.733,1.0,0.394,romantic
T01414,hiphop,67.99,0.396,0.099,-13.28,0.736,0.034,0.373,angry
T01415,jazz,134.36,0.199,0.416,-26.16,0.018,0.395,0.899,angry
T01416,rock,191.12,0.425,0.305,-35.85,0.361,0.105,0.504,energetic
T01417,rock,65.51,0.386,0.926,-1.98,0.019,0.097,0.447,energetic
T01418,classical,77.1,0.915,0.376,-23.32,0.997,0.794,0.818,happy
T01419,blues,123.31,0.762,0.758,-16.29,0.122,0.426,0.049,happy
T01420,country,190.74,0.505,0.53,-39.3,0.543,0.801,0.086,happy
T01421,country,104.26,0.988,0.704,-19.8,0.791,0.273,0.022,calm
T01422,rock,131.01,0.465,0.26,-44.53,0.201,0.256,0.688,sad
T01423,blues,65.82,0.058,0.942,-45.29,0.485,0.251,0.526,sad
T01424,classical,80.77,0.262,0.53,-17.12,0.607,0.616,0.876,romantic
T01425,hiphop,198.13,0.436,0.831,-28.72,0.16,0.815,0.499,energetic
T01426,pop,195.12,0.157,0.365,-19.0,0.779,0.452,0.222,angry
T01427,metal,60.69,0.948,0.1,-43.83,0.299,0.379,0.805,romantic
T01428,pop,193.25,0.767,0.674,-24.08,0.211,0.974,0.294,romantic
T01429,rock,149.48,0.268,0.008,-33.36,0.558,0.117,0.936,romantic
T01430,pop,181.51,0.591,0.475,-24.18,0.41,0.487,0.25,angry
T01431,metal,123.66,0.721,0.193,-42.55,0.92,0.408,0.168,angry
T01432,hiphop,132.18,0.941,0.627,-17.07,0.88,0.098,0.493,angry
T01433,disco,128.44,0.882,0.979,-11.64,0.483,0.268,0.051,sad
T01434,reggae,153.36,0.515,0.464,-44.41,0.359,0.028,0.036,calm
T01435,classical,79.55,0.775,0.817,-41.96,0.326,0.877,0.496,romantic
T01436,jazz,64.2,0.562,0.508,-20.33,0.268,0.608,0.215,angry
T01437,metal,103.11,0.553,0.496,-18.26,0.545,0.815,0.009,energetic
T01438,classical,158.66,0.115,0.93,-17.75,0.805,0.522,0.296,happy
T01439,hiphop,88.26,0.126,0.89,-19.04,0.311,0.6,0.477,happy
T01440,rock,154.28,0.53,0.786,-36.43,0.19,0.701,0.394,energetic
T01441,pop,195.79,0.269,0.296,-36.31,0.475,0.908,0.135,energetic
T01442,reggae,73.15,0.021,0.545,-44.71,0.069,0.092,0.58,energetic
T01443,hiphop,154.16,0.723,0.224,-50.59,0.701,0.331,0.71,calm
T01444,blues,122.13,0.032,0.444,-18.45,0.518,0.709,0.676,happy
T01445,disco,181.54,0.595,0.484,-54.41,0.496,0.958,0.394,calm
T01446,metal,84.8,0.539,0.832,-3.73,0.3,0.981,0.138,angry
T01447,rock,156.97,0.969,0.896,-10.4,0.905,0.638,0.499,happy
T01448,blues,177.34,0.484,0.415,-8.55,0.09,0.194,0.89,energetic
T01449,blues,192.25,0.064,0.018,-5.6,0.87,0.119,0.469,calm
T01450,disco,155.65,0.552,0.862,-35.48,0.377,0.946,0.196,sad
T01451,hiphop,129.6,0.841,0.174,-9.2,0.881,0.434,0.093,happy
T01452,disco,146.5,0.997,0.622,-50.52,0.729,0.195,0.944,romantic
T01453,country,181.65,0.43,0.025,-58.7,0.104,0.934,0.743,energetic
T01454,hiphop,139.89,0.32,0.4,-12.91,0.832,0.105,0.313,energetic
T01455,hiphop,64.25,0.907,0.986,-55.51,0.682,0.73,0.295,angry
T01456,jazz,190.33,0.191,0.101,-0.69,0.032,0.625,0.895,calm
T01457,classical,156.53,0.615,0.424,-19.51,0.134,0.088,0.178,angry
T01458,blues,154.71,0.406,0.307,-14.79,0.636,0.339,0.535,sad
T01459,pop,90.19,0.041,0.905,-45.25,0.663,0.15,0.714,romantic
T01460,metal,152.24,0.347,0.869,-19.57,0.747,0.604,0.396,sad
T01461,country,115.14,0.265,0.238,-57.41,0.72,0.477,0.04,angry
T01462,country,151.17,0.686,0.081,-9.73,0.66,0.004,0.228,happy
T01463,metal,74.92,0.949,0.627,-49.82,0.766,0.976,0.902,happy
T01464,reggae,152.1,0.268,0.336,-18.16,0.575,0.35,0.523,angry
T01465,disco,199.92,0.811,0.672,-46.53,0.261,0.258,0.815,romantic
T01466,reggae,66.75,0.055,0.032,-55.89,0.912,0.222,0.556,romantic
T01467,reggae,196.8,0.538,0.133,-31.11,0.018,0.159,0.944,angry
T01468,jazz,116.97,0.071,0.686,-49.84,0.367,0.999,0.909,happy
T01469,classical,181.91,0.934,0.212,-16.23,0.729,0.295,0.483,calm
T01470,metal,169.53,0.766,0.858,-45.75,0.427,0.406,0.318,romantic
T01471,blues,139.38,0.658,0.059,-39.45,0.025,0.871,0.602,romantic
T01472,metal,163.38,0.824,0.215,-25.95,0.066,0.642,0.675,angry
T01473,blues,182.99,0.648,0.999,-42.9,0.649,0.369,0.498,romantic
T01474,pop,116.58,0.969,0.433,-37.32,0.965,0.898,0.822,energetic
T01475,classical,105.78,0.714,0.703,-11.06,0.552,0.75,0.183,calm
T01476,jazz,153.46,0.925,0.183,-49.25,0.507,0.228,0.334,angry
T01477,rock,173.1,0.517,0.61,-55.07,0.318,0.644,0.686,energetic
T01478,metal,166.72,0.117,0.726,-40.3,0.257,0.922,0.247,energetic
T01479,rock,171.69,0.528,0.314,-34.54,0.021,0.496,0.44,angry
T01480,metal,120.98,0.127,0.829,-27.44,0.273,0.734,0.964,angry
T01481,metal,174.5,0.592,0.603,-37.65,0.449,0.971,0.626,angry
T01482,hiphop,76.83,0.482,0.389,-12.61,0.198,0.69,0.949,energetic
T01483,classical,136.23,0.623,0.558,-57.64,0.087,0.102,0.722,sad
T01484,metal,60.81,0.01,0.577,-34.09,0.718,0.245,0.725,angry
T01485,blues,105.44,0.195,0.166,-37.06,0.895,0.595,0.592,angry
T01486,jazz,111.3,0.491,0.403,-21.15,0.937,0.276,0.142,calm
T01487,country,115.46,0.951,0.343,-2.02,0.618,0.958,0.52,angry
T01488,rock,157.37,0.384,0.401,-29.38,0.053,0.405,0.253,romantic
T01489,pop,114.4,0.424,0.761,-0.79,0.741,0.457,0.999,romantic
T01490,jazz,122.82,0.715,0.483,-41.87,0.11,0.702,0.267,calm
T01491,classical,93.26,0.604,0.94,-58.15,0.67,0.524,0.231,calm
T01492,metal,112.26,0.299,0.294,-50.06,0.779,0.382,0.624,sad
T01493,classical,91.82,0.411,0.416,-36.29,0.726,0.077,0.511,angry
T01494,disco,70.25,0.218,0.787,-41.02,0.952,0.596,0.021,sad
T01495,metal,144.48,0.966,0.546,-54.18,0.738,0.868,0.13,romantic
T01496,rock,153.55,0.131,0.547,-34.04,0.693,0.686,0.811,energetic
T01497,metal,146.73,0.372,0.053,-39.71,0.262,0.381,0.484,sad
T01498,reggae,124.89,0.026,0.399,-52.64,0.925,0.128,0.146,happy
T01499,classical,113.17,0.222,0.271,-42.23,0.18,0.816,0.465,happy
T01500,metal,180.87,0.78,0.999,-6.81,0.905,0.942,0.253,happy
T01501,hiphop,132.67,0.201,0.308,-41.88,0.313,0.388,0.224,calm
T01502,jazz,127.09,0.08,0.884,-17.16,0.13,0.729,0.958,romantic
T01503,disco,63.59,0.474,0.676,-23.28,0.827,0.411,0.362,happy
T01504,jazz,107.77,0.01,0.341,-34.37,0.002,0.502,0.046,romantic
T01505,country,113.23,0.085,0.544,-45.66,0.832,0.836,0.97,sad
T01506,classical,115.84,0.808,0.841,-37.86,0.262,0.083,0.795,angry
T01507,reggae,141.22,0.771,0.883,-24.47,0.885,0.53,0.254,calm
T01508,classical,134.7,0.915,0.16,-38.95,0.691,0.215,0.409,calm
T01509,reggae,145.11,0.855,0.34,-47.11,0.666,0.34,0.862,happy
T01510,reggae,167.08,0.683,0.335,-53.01,0.365,0.644,0.357,energetic
T01511,disco,173.82,0.052,0.042,-7.21,0.059,0.027,0.567,energetic
T01512,jazz,160.54,0.783,0.598,-33.58,0.83,0.594,0.535,angry
T01513,jazz,193.77,0.846,0.855,-22.49,0.171,0.283,0.401,romantic
T01514,country,62.55,0.799,0.382,-30.58,0.372,0.669,0.64,sad
T01515,disco,87.41,0.508,0.74,-7.65,0.6,0.142,0.473,happy
T01516,classical,61.06,0.233,0.628,-27.18,0.482,0.736,0.021,romantic
T01517,country,150.65,0.845,0.376,-31.15,0.199,0.646,0.814,sad
T01518,hiphop,185.72,0.727,0.141,-4.52,0.141,0.971,0.113,romantic
T01519,disco,94.09,0.981,0.709,-16.82,0.123,0.911,0.464,energetic
T01520,country,189.78,0.156,0.855,-53.31,0.863,0.283,0.58,energetic
T01521,rock,68.44,0.226,0.686,-49.34,0.032,0.027,0.706,happy
T01522,country,190.82,0.212,0.018,-12.77,0.977,0.655,0.411,energetic
T01523,classical,109.23,0.793,0.216,-9.85,0.199,0.603,0.736,energetic
T01524,country,74.2,0.187,0.069,-27.29,0.11,0.027,0.131,angry
T01525,pop,128.02,0.067,0.57,-26.73,0.577,0.123,0.653,angry
T01526,pop,95.95,0.999,0.756,-22.08,0.08,0.585,0.826,energetic
T01527,rock,99.88,0.025,0.111,-33.65,0.602,0.912,0.889,happy
T01528,rock,103.02,0.835,0.838,-19.19,0.851,0.907,0.58,happy
T01529,pop,172.42,0.365,0.556,-53.49,0.048,0.151,0.313,romantic
T01530,rock,135.48,0.842,0.69,-2.32,0.8,0.385,0.163,energetic
T01531,rock,103.58,0.555,0.971,-14.99,0.394,0.043,0.346,energetic
T01532,jazz,145.45,0.902,0.084,-22.13,0.159,0.469,0.54,calm
T01533,jazz,160.26,0.926,0.901,-41.02,0.176,0.753,0.196,romantic
T01534,country,98.17,0.009,0.126,-50.34,0.919,0.79,0.953,angry
T01535,pop,117.9,0.075,0.393,-35.44,0.111,0.499,0.897,angry
T01536,classical,77.06,0.25,0.851,-20.31,0.867,0.096,0.033,happy
T01537,pop,85.36,0.669,0.906,-21.98,0.544,0.381,0.562,sad
T01538,pop,155.36,0.888,0.506,-37.04,0.039,0.932,0.789,sad
T01539,hiphop,85.4,0.46,0.594,-23.2,0.464,0.23,0.245,energetic
T01540,hiphop,133.52,0.607,0.708,-11.18,0.817,0.32,0.524,energetic
T01541,rock,159.27,0.188,0.833,-58.42,0.726,0.747,0.406,romantic
T01542,blues,74.96,0.805,0.122,-32.96,0.489,0.734,0.197,calm
T01543,jazz,139.42,0.967,0.81,-14.49,0.86,0.912,0.615,calm
T01544,reggae,95.92,0.269,0.481,-27.23,0.12,0.388,0.994,happy
T01545,classical,194.81,0.495,0.451,-20.91,0.91,0.515,0.365,romantic
T01546,hiphop,127.7,0.086,0.424,-29.0,0.846,0.467,0.552,sad
T01547,pop,172.84,0.559,0.509,-0.49,0.708,0.928,0.328,calm
T01548,pop,137.03,0.503,0.945,-56.72,0.818,0.769,0.877,sad
T01549,blues,66.08,0.144,0.548,-30.54,0.544,0.831,0.865,romantic
T01550,blues,148.64,0.442,0.953,-54.52,0.675,0.133,0.179,calm
T01551,jazz,193.2,0.334,0.18,-50.41,0.561,0.792,0.9,angry
T01552,hiphop,144.23,0.522,0.724,-37.02,0.355,0.433,0.152,energetic
T01553,classical,174.69,0.586,0.812,-50.67,0.569,0.023,0.095,calm
T01554,classical,183.79,0.008,0.679,-2.18,0.257,0.06,0.653,calm
T01555,rock,91.93,0.761,0.607,-3.19,0.44,0.678,0.386,romantic
T01556,rock,89.69,0.713,0.565,-39.83,0.281,0.372,0.531,happy
T01557,reggae,145.54,0.366,0.861,-21.62,0.123,0.868,0.653,angry
T01558,metal,117.54,0.053,0.822,-27.97,0.322,0.734,0.053,energetic
T01559,pop,177.58,0.755,0.122,-11.06,0.852,0.022,0.293,angry
T01560,rock,186.0,0.955,0.849,-22.35,0.381,0.687,0.461,romantic
T01561,reggae,109.48,0.24,0.414,-59.98,0.748,0.192,0.267,romantic
T01562,blues,93.16,0.324,0.254,-14.21,0.175,0.423,0.049,energetic
T01563,pop,169.27,0.184,0.87,-15.19,0.424,0.625,0.087,angry
T01564,rock,98.47,0.577,0.432,-29.42,0.115,0.873,0.802,angry
T01565,disco,175.17,0.155,0.808,-5.82,0.139,0.456,0.911,happy
T01566,jazz,119.32,0.356,0.263,-5.49,0.617,0.808,0.152,sad
T01567,rock,153.46,0.697,0.004,-28.57,0.607,0.783,0.249,angry
T01568,pop,73.37,0.56,0.495,-23.52,0.213,0.415,0.652,romantic
T01569,reggae,147.34,0.386,0.1,-0.21,0.474,0.501,0.954,energetic
T01570,country,123.25,0.42,0.754,-42.07,0.863,0.7,0.3,energetic
T01571,blues,142.13,0.562,0.276,-40.52,0.174,0.031,0.855,happy
T01572,pop,83.52,0.006,0.444,-49.03,0.019,0.891,0.506,sad
T01573,classical,163.16,0.079,0.087,-6.25,0.652,0.77,0.957,energetic
T01574,jazz,180.79,0.881,0.287,-15.33,0.053,0.249,0.136,happy
T01575,classical,90.34,0.078,0.781,-53.66,0.98,0.981,0.974,energetic
T01576,reggae,73.4,0.707,0.152,-1.09,0.61,0.179,0.441,calm
T01577,country,63.31,0.92,0.647,-16.14,0.47,0.914,0.953,romantic
T01578,blues,149.88,0.271,0.917,-8.97,0.43,0.324,0.459,angry
T01579,disco,144.99,0.37,0.68,-57.11,0.573,0.763,0.53,sad
T01580,pop,136.54,0.569,0.811,-29.7,0.091,0.456,0.805,angry
T01581,pop,92.47,0.882,0.109,-18.08,0.93,0.736,0.723,angry
T01582,reggae,114.73,0.942,0.251,-27.42,0.626,0.156,0.62,calm
T01583,reggae,143.23,0.74,0.895,-20.0,0.184,0.27,0.417,sad
T01584,rock,129.55,0.087,0.715,-10.93,0.563,0.1,0.792,angry
T01585,country,198.29,0.669,0.64,-37.54,0.133,0.865,0.948,happy
T01586,jazz,79.1,0.41,0.664,-9.08,0.018,0.296,0.01,energetic
T01587,jazz,157.32,0.471,0.414,-50.23,0.631,0.694,0.588,romantic
T01588,hiphop,116.6,0.049,0.045,-43.75,0.648,0.82,0.866,energetic
T01589,metal,119.95,0.191,0.784,-57.4,0.584,0.901,0.653,romantic
T01590,metal,160.46,0.791,0.679,-38.13,0.183,0.106,0.801,happy
T01591,jazz,156.94,0.454,0.473,-37.21,0.603,0.893,0.895,energetic
T01592,rock,198.78,0.302,0.9,-11.68,0.057,0.197,0.751,calm
T01593,blues,77.98,0.384,0.336,-20.81,0.609,0.737,0.717,happy
T01594,jazz,74.58,0.854,0.294,-33.8,0.554,0.729,0.965,calm
T01595,classical,161.41,0.749,0.873,-20.87,0.655,0.009,0.864,sad
T01596,jazz,140.97,0.272,0.797,-56.83,0.895,0.221,0.815,energetic
T01597,classical,98.38,0.118,0.515,-49.18,0.85,0.492,0.086,calm
T01598,reggae,71.12,0.252,0.131,-22.38,0.981,0.42,0.239,energetic
T01599,metal,71.99,0.921,0.215,-21.52,0.976,0.919,0.557,sad
T01600,hiphop,185.19,0.582,0.656,-13.55,0.772,0.36,0.71,angry
T01601,hiphop,86.86,0.533,0.385,-35.82,0.956,0.937,0.303,energetic
T01602,rock,105.27,0.596,0.836,-16.65,0.867,0.459,0.093,sad
T01603,country,91.73,0.366,0.95,-18.96,0.728,0.964,0.311,happy
T01604,jazz,109.7,0.807,0.806,-2.2,0.075,0.737,0.771,energetic
T01605,classical,69.72,0.523,0.378,-47.09,0.049,0.829,0.877,happy
T01606,rock,132.67,0.117,0.789,-26.9,0.838,0.105,0.913,sad
T01607,country,69.47,0.129,0.351,-23.89,0.49,0.586,0.379,happy
T01608,jazz,172.05,0.537,0.167,-0.08,0.815,0.143,0.373,calm
T01609,hiphop,92.72,0.937,0.033,-47.93,0.313,0.298,0.407,angry
T01610,metal,135.6,0.308,0.386,-28.61,0.398,0.624,0.376,happy
T01611,country,183.21,0.87,0.904,-39.23,0.7,0.726,0.666,calm
T01612,rock,151.12,0.764,0.239,-28.45,0.915,0.039,0.358,angry
T01613,classical,134.61,0.248,0.207,-46.07,0.088,0.531,0.02,sad
T01614,hiphop,105.41,0.036,0.97,-57.14,0.861,0.565,0.439,sad
T01615,reggae,106.62,0.102,0.025,-25.65,0.793,0.079,0.224,energetic
T01616,metal,153.73,0.728,0.786,-39.85,0.316,0.501,0.029,calm
T01617,jazz,199.18,0.2,0.321,-49.08,0.355,0.714,0.471,romantic
T01618,country,152.66,0.371,0.037,-40.56,0.046,0.053,0.206,angry
T01619,reggae,138.09,0.502,0.918,-57.04,0.016,0.76,0.453,energetic
T01620,classical,162.29,0.725,0.14,-2.97,0.477,0.576,0.278,energetic
T01621,metal,125.13,0.113,0.552,-25.13,0.096,0.833,0.604,sad
T01622,reggae,68.42,0.406,0.274,-11.11,0.194,0.218,0.991,happy
T01623,jazz,138.72,0.485,0.065,-34.61,0.847,0.833,0.547,angry
T01624,blues,194.07,0.541,0.05,-5.8,0.571,0.095,0.647,romantic
T01625,jazz,84.54,0.818,0.116,-31.0,0.634,0.404,0.919,sad
T01626,hiphop,156.6,0.172,0.071,-25.56,0.187,0.199,0.374,sad
T01627,country,88.13,0.808,0.761,-30.49,0.829,0.876,0.167,romantic
T01628,disco,135.02,0.693,0.486,-16.0,0.868,0.705,0.283,happy
T01629,jazz,73.53,0.556,0.343,-26.0,0.523,0.025,0.403,calm
T01630,pop,123.05,0.7,0.418,-43.7,0.913,0.01,0.645,calm
T01631,disco,165.86,0.412,0.929,-51.27,0.845,0.291,0.005,romantic
T01632,disco,108.66,0.138,0.911,-23.63,0.731,0.143,0.853,angry
T01633,country,153.09,0.666,0.716,-30.65,0.734,0.63,0.076,happy
T01634,country,171.36,0.525,0.885,-54.24,0.105,0.664,0.901,happy
T01635,classical,189.8,0.639,0.32,-36.26,0.271,0.942,0.949,energetic
T01636,hiphop,92.85,0.338,0.381,-29.11,0.067,0.952,0.99,happy
T01637,classical,115.9,0.907,0.614,-10.39,0.009,0.659,0.81,romantic
T01638,reggae,81.34,0.587,0.624,-55.43,0.158,0.006,0.142,angry
T01639,reggae,198.95,0.085,0.482,-39.09,0.88,0.359,0.706,happy
T01640,reggae,189.78,0.45,0.401,-10.64,0.24,0.513,0.203,energetic
T01641,blues,135.59,0.756,0.986,-21.09,0.97,0.499,0.897,calm
T01642,jazz,177.88,0.794,0.821,-42.6,0.597,0.603,0.317,happy
T01643,rock,132.93,0.495,0.435,-9.28,0.237,0.961,0.327,happy
T01644,country,147.3,0.895,0.727,-30.4,0.497,0.885,0.918,angry
T01645,rock,72.48,0.268,0.27,-30.1,0.219,0.109,0.013,romantic
T01646,metal,165.74,0.411,0.1,-1.4,0.984,0.266,0.194,romantic
T01647,country,77.88,0.899,0.352,-3.17,0.847,0.833,0.422,energetic
T01648,country,175.65,0.896,0.403,-38.49,0.026,0.824,0.701,happy
T01649,country,169.48,0.686,0.017,-51.57,0.948,0.275,0.648,angry
T01650,rock,159.22,0.859,0.815,-40.46,0.721,0.731,0.669,energetic
T01651,country,65.06,0.089,0.359,-58.17,0.082,0.672,0.88,romantic
T01652,pop,102.44,0.865,0.58,-58.75,0.671,0.474,0.121,sad
T01653,blues,96.84,0.321,0.074,-36.27,0.647,0.201,0.522,energetic
T01654,metal,110.42,0.178,0.175,-3.54,0.219,0.889,0.725,sad
T01655,jazz,72.27,0.239,0.89,-7.72,0.758,0.678,0.636,sad
T01656,disco,191.17,0.418,0.609,-29.31,0.087,0.169,0.448,energetic
T01657,pop,137.53,0.251,0.95,-26.09,0.489,0.705,0.017,energetic
T01658,rock,102.77,0.321,0.999,-59.64,0.01,0.741,0.06,angry
T01659,hiphop,115.58,0.135,0.372,-47.07,0.969,0.887,0.119,energetic
T01660,pop,122.61,0.296,0.299,-58.51,0.752,0.223,0.343,calm
T01661,disco,144.08,0.572,0.858,-14.73,0.159,0.989,0.118,romantic
T01662,reggae,132.2,0.442,0.999,-51.26,0.342,0.153,0.426,happy
T01663,disco,188.71,0.347,0.63,-7.86,0.161,0.601,0.179,energetic
T01664,hiphop,129.57,0.746,0.795,-21.4,0.767,0.657,0.779,sad
T01665,pop,198.9,0.894,0.782,-46.23,0.059,0.419,0.871,sad
T01666,disco,179.2,0.757,0.355,-50.54,0.84,0.475,0.39,energetic
T01667,jazz,89.19,0.332,0.574,-22.34,0.942,0.891,0.511,happy
T01668,rock,190.28,0.744,0.833,-5.95,0.677,0.645,0.953,happy
T01669,pop,76.29,0.152,0.688,-16.9,0.213,0.497,0.536,angry
T01670,pop,174.44,0.13,0.021,-39.09,0.36,0.128,0.995,angry
T01671,hiphop,113.29,0.346,0.337,-24.76,0.477,0.007,0.142,angry
T01672,metal,182.92,0.808,0.144,-41.35,0.605,0.125,0.862,happy
T01673,reggae,181.53,0.246,0.233,-0.05,0.669,0.956,0.497,sad
T01674,reggae,172.83,0.063,0.905,-15.07,0.554,0.764,0.023,angry
T01675,metal,170.6,0.132,0.037,-23.14,0.351,0.967,0.972,energetic
T01676,country,102.66,0.859,0.22,-34.6,0.891,0.036,0.965,angry
T01677,disco,71.33,0.634,0.31,-22.91,0.081,0.68,0.383,energetic
T01678,rock,116.42,0.253,0.617,-39.5,0.466,0.044,0.954,energetic
T01679,country,84.29,0.555,0.534,-58.27,0.776,0.782,0.141,sad
T01680,hiphop,157.29,0.528,0.218,-36.29,0.061,0.381,0.68,romantic
T01681,blues,108.45,0.655,0.164,-4.17,0.705,0.096,0.192,energetic
T01682,pop,196.59,0.233,0.237,-22.42,0.82,0.568,0.247,angry
T01683,jazz,149.74,0.864,0.503,-54.96,0.661,0.28,0.779,sad
T01684,reggae,175.15,0.309,0.271,-6.9,0.013,0.66,0.377,sad
T01685,classical,78.55,0.694,0.948,-43.87,0.18,0.658,0.007,happy
T01686,reggae,180.68,0.016,0.464,-45.37,0.342,0.705,0.414,energetic
T01687,classical,189.19,0.373,0.059,-42.17,0.234,0.992,0.228,angry
T01688,hiphop,128.19,0.352,0.729,-25.37,0.963,0.387,0.683,energetic
T01689,classical,144.88,0.543,0.329,-27.32,0.652,0.465,0.194,angry
T01690,country,167.07,0.073,0.653,-30.52,0.297,0.805,0.842,calm
T01691,hiphop,84.48,0.79,0.28,-16.95,0.93,0.578,0.267,happy
T01692,pop,130.36,0.218,0.571,-41.01,0.741,0.037,0.393,sad
T01693,reggae,115.81,0.677,0.772,-13.08,0.285,0.843,0.298,happy
T01694,country,80.49,0.803,0.928,-49.48,0.379,0.051,0.644,calm
T01695,metal,111.45,0.562,0.261,-13.04,0.199,0.171,0.101,romantic
T01696,classical,69.54,0.741,0.335,-20.17,0.971,0.102,0.478,happy
T01697,disco,63.61,0.662,0.464,-19.01,0.517,0.078,0.334,happy
T01698,pop,78.92,0.356,0.927,-31.11,0.896,0.026,0.884,calm
T01699,jazz,194.84,0.809,0.901,-19.98,0.346,0.055,0.073,happy
T01700,blues,136.93,0.295,0.09,-55.21,0.861,0.442,0.83,happy
T01701,metal,195.22,0.571,0.132,-8.91,0.054,0.253,0.168,calm
T01702,blues,120.55,0.745,0.496,-56.67,0.982,0.127,0.089,calm
T01703,metal,103.65,0.379,0.107,-51.08,0.912,0.659,0.202,sad
T01704,reggae,130.86,0.303,0.346,-25.39,0.363,0.226,0.103,romantic
T01705,jazz,121.53,0.459,0.148,-15.64,0.775,0.019,0.521,angry
T01706,disco,74.79,0.818,0.636,-55.42,0.752,0.418,0.988,angry
T01707,metal,149.72,0.93,0.949,-4.75,0.901,0.31,0.034,romantic
T01708,classical,90.25,0.545,0.997,-1.58,0.307,0.319,0.461,romantic
T01709,jazz,146.74,0.661,0.375,-23.64,0.466,0.445,0.386,romantic
T01710,disco,151.03,0.903,0.599,-31.13,0.865,0.669,0.34,calm
T01711,blues,81.28,0.099,0.856,-15.52,0.779,0.616,0.332,angry
T01712,jazz,68.59,0.232,0.117,-40.3,0.393,0.937,0.895,energetic
T01713,classical,169.31,0.709,0.69,-30.4,0.846,0.518,0.019,energetic
T01714,jazz,124.37,0.824,0.409,-5.03,0.047,0.473,0.775,energetic
T01715,country,68.14,0.857,0.206,-2.66,0.782,0.213,0.253,sad
T01716,country,199.28,0.415,0.403,-4.38,0.207,0.755,0.383,romantic
T01717,blues,68.09,0.089,0.076,-44.25,0.286,0.141,0.42,romantic
T01718,hiphop,157.3,0.438,0.695,-46.05,0.493,0.491,0.305,angry
T01719,pop,197.72,0.231,0.253,-42.14,0.45,0.421,0.094,happy
T01720,country,93.49,0.291,0.311,-33.52,0.521,0.658,0.114,calm
T01721,pop,79.91,0.772,0.121,-41.15,0.545,0.918,0.298,angry
T01722,pop,76.99,0.076,0.865,-37.55,0.332,0.947,0.822,sad
T01723,rock,102.46,0.828,0.493,-22.76,0.175,0.168,0.135,happy
T01724,blues,74.15,0.428,0.572,-14.25,0.768,0.262,0.743,romantic
T01725,classical,156.9,0.596,0.569,-15.87,0.4,0.812,0.289,calm
T01726,blues,68.72,0.09,0.41,-11.13,0.506,0.518,0.883,happy
T01727,hiphop,131.32,0.337,0.193,-58.07,0.645,0.453,0.428,calm
T01728,disco,199.54,0.09,0.745,-57.14,0.91,0.711,0.172,energetic
T01729,country,173.96,0.962,0.127,-12.64,0.708,0.602,0.986,romantic
T01730,reggae,146.13,0.807,0.104,-28.02,0.045,0.971,0.177,romantic
T01731,rock,102.88,0.46,0.71,-25.31,0.839,0.584,0.568,romantic
T01732,reggae,147.35,0.224,0.209,-56.84,0.989,0.466,0.569,calm
T01733,metal,133.79,0.933,0.307,-44.68,0.472,0.543,0.373,calm
T01734,classical,119.65,0.345,0.475,-21.7,0.97,0.809,0.951,sad
T01735,hiphop,78.3,0.161,0.449,-8.45,0.547,0.613,0.844,sad
T01736,disco,184.12,0.563,0.709,-4.98,0.46,0.647,0.83,sad
T01737,hiphop,122.97,0.944,0.623,-29.97,0.331,0.971,0.974,angry
T01738,classical,87.25,0.004,0.644,-27.27,0.658,0.618,0.457,energetic
T01739,blues,111.49,0.238,0.714,-10.02,0.23,0.38,0.097,energetic
T01740,disco,117.98,0.938,0.293,-27.74,0.105,0.691,0.765,calm
T01741,metal,175.86,0.171,0.322,-28.99,0.027,0.659,0.381,sad
T01742,rock,162.71,0.113,0.438,-5.69,0.292,0.014,0.19,romantic
T01743,pop,167.7,0.57,0.307,-12.6,0.396,0.467,0.483,romantic
T01744,classical,61.54,0.862,0.985,-5.46,0.552,0.743,0.926,energetic
T01745,classical,118.26,0.477,0.814,-46.91,0.293,0.499,0.171,energetic
T01746,pop,127.39,0.995,0.165,-28.54,0.984,0.78,0.849,calm
T01747,rock,62.69,0.679,0.006,-9.45,0.292,0.451,0.418,calm
T01748,reggae,96.37,0.074,0.043,-53.33,0.441,0.983,0.137,happy
T01749,blues,166.44,0.993,0.244,-12.32,0.103,0.293,0.848,happy
T01750,reggae,79.2,0.408,0.114,-49.02,0.261,0.092,0.97,calm
T01751,rock,134.94,0.287,0.533,-11.51,0.048,0.43,0.291,happy
T01752,disco,90.13,0.558,0.858,-23.28,0.56,0.542,0.304,energetic
T01753,country,61.7,0.304,0.737,-48.41,0.751,0.349,0.391,calm
T01754,hiphop,93.77,0.086,0.216,-31.6,0.196,0.242,0.814,calm
T01755,metal,196.62,0.001,0.399,-19.09,0.368,0.672,0.01,sad
T01756,blues,172.22,0.45,0.508,-21.97,0.017,0.377,0.224,energetic
T01757,rock,194.34,0.837,0.81,-34.37,0.84,0.631,0.706,energetic
T01758,jazz,128.3,0.572,0.839,-6.04,0.78,0.779,0.406,angry
T01759,disco,75.36,0.999,0.91,-28.84,0.063,0.761,0.33,angry
T01760,rock,136.71,0.287,0.509,-29.65,0.365,0.375,0.872,sad
T01761,metal,123.61,0.28,0.694,-56.26,0.955,0.568,0.917,angry
T01762,country,178.21,0.16,0.112,-4.67,0.392,0.45,0.948,happy
T01763,classical,73.73,0.164,0.565,-49.37,0.526,0.871,0.273,calm
T01764,reggae,128.35,0.285,0.249,-28.3,0.355,0.879,0.913,romantic
T01765,jazz,81.01,0.793,0.432,-11.79,0.596,0.344,0.737,happy
T01766,classical,105.45,0.906,0.634,-47.07,0.978,0.092,0.154,energetic
T01767,reggae,163.23,0.975,0.257,-28.36,0.998,0.168,0.61,angry
T01768,reggae,126.64,0.232,0.052,-45.56,0.775,0.367,0.026,romantic
T01769,reggae,112.62,0.881,0.01,-14.42,0.404,0.564,0.708,happy
T01770,reggae,115.23,0.328,0.022,-26.14,0.494,0.657,0.734,energetic
T01771,reggae,124.32,0.113,0.008,-8.64,0.357,0.331,0.789,angry
T01772,blues,169.9,0.87,0.11,-6.33,0.986,0.667,0.173,calm
T01773,metal,184.89,0.636,0.239,-21.08,0.708,0.938,0.628,calm
T01774,pop,193.75,0.165,0.221,-16.48,0.449,0.652,0.179,angry
T01775,blues,170.17,0.43,0.987,-27.05,0.012,0.159,0.947,calm
T01776,metal,104.16,0.287,0.306,-36.93,0.52,0.58,0.675,sad
T01777,jazz,156.34,0.737,0.127,-21.11,0.984,0.542,0.095,angry
T01778,hiphop,121.26,0.453,0.546,-5.5,0.523,0.871,0.187,sad
T01779,blues,95.65,0.989,0.858,-35.0,0.182,0.35,0.663,angry
T01780,jazz,177.72,0.055,0.678,-41.14,0.022,0.423,0.477,sad
T01781,classical,65.38,0.355,0.296,-36.69,0.355,0.599,0.736,calm
T01782,jazz,186.25,0.482,0.562,-33.88,0.918,0.524,0.281,calm
T01783,disco,124.61,0.503,0.715,-55.59,0.997,0.719,0.658,happy
T01784,classical,149.21,0.316,0.728,-30.09,0.945,0.04,0.177,energetic
T01785,rock,152.31,0.729,0.667,-30.34,0.729,0.564,0.544,sad
T01786,jazz,185.32,0.875,0.871,-24.69,0.558,0.122,0.958,romantic
T01787,country,149.13,0.939,0.87,-38.23,0.591,0.315,0.628,angry
T01788,blues,145.95,0.805,0.579,-23.21,0.539,0.662,0.05,calm
T01789,jazz,69.33,0.851,0.43,-7.31,0.707,0.157,0.989,calm
T01790,reggae,132.58,0.551,0.642,-2.67,0.419,0.309,0.157,angry
T01791,jazz,81.02,0.826,0.818,-24.98,0.669,0.703,0.718,energetic
T01792,country,163.24,0.304,0.006,-57.44,0.122,0.651,0.533,angry
T01793,pop,131.71,0.398,0.992,-1.85,0.266,0.091,0.294,romantic
T01794,pop,155.23,0.317,0.183,-17.65,0.836,0.577,0.177,sad
T01795,country,65.83,0.467,0.47,-39.84,0.904,0.147,0.178,sad
T01796,country,71.87,0.286,0.872,-51.17,0.539,0.252,0.858,romantic
T01797,classical,160.29,0.962,0.225,-51.39,0.032,0.459,0.873,romantic
T01798,pop,70.09,0.313,0.477,-49.94,0.927,0.109,0.465,happy
T01799,blues,69.98,0.098,0.133,-57.27,0.702,0.994,0.104,romantic
T01800,hiphop,61.7,0.527,0.395,-5.87,0.414,0.165,0.884,romantic
T01801,disco,193.91,0.057,0.177,-27.55,0.598,0.781,0.487,angry
T01802,blues,163.25,0.111,0.364,-18.0,0.43,0.83,0.439,calm
T01803,disco,109.46,0.219,0.373,-10.31,0.465,0.994,0.407,happy
T01804,blues,101.51,0.464,0.993,-12.51,0.887,0.429,0.365,angry
T01805,jazz,108.96,0.433,0.995,-7.04,0.161,0.874,0.526,angry
T01806,hiphop,168.45,0.8,0.115,-1.96,0.104,0.958,0.605,calm
T01807,reggae,152.59,0.739,0.726,-33.66,0.003,0.173,0.466,energetic
T01808,metal,85.93,0.426,0.052,-2.98,0.314,0.479,0.897,angry
T01809,reggae,84.38,0.334,0.03,-16.6,0.147,0.06,0.318,happy
T01810,pop,73.78,0.316,0.105,-55.76,0.22,0.621,0.578,calm
T01811,hiphop,152.44,0.774,0.965,-19.09,0.011,0.581,0.3,sad
T01812,blues,167.01,0.052,0.941,-18.8,0.227,0.204,0.753,energetic
T01813,disco,97.11,0.013,0.194,-5.65,0.333,0.798,0.102,calm
T01814,hiphop,62.93,0.796,0.162,-37.62,0.032,0.037,0.189,happy
T01815,jazz,71.5,0.477,0.241,-24.91,0.608,0.806,0.801,angry
T01816,blues,195.5,0.131,0.516,-59.27,0.569,0.027,0.183,happy
T01817,jazz,101.36,0.236,0.57,-40.08,0.097,0.657,0.626,romantic
T01818,hiphop,167.69,0.933,0.222,-56.27,0.595,0.079,0.97,angry
T01819,classical,147.45,0.86,0.757,-28.69,0.999,0.251,0.523,calm
T01820,jazz,113.47,0.71,0.31,-10.95,0.944,0.722,0.187,energetic
T01821,metal,88.8,0.482,0.922,-47.61,0.003,0.28,0.321,calm
T01822,metal,76.99,0.52,0.657,-28.35,0.795,0.511,0.823,romantic
T01823,pop,146.1,0.975,0.436,-47.76,0.354,0.915,0.352,romantic
T01824,metal,168.45,0.966,0.79,-52.76,0.064,0.05,0.724,happy
T01825,jazz,150.15,0.215,0.818,-29.34,0.296,0.811,0.777,happy
T01826,country,134.24,0.811,0.29,-55.25,0.322,0.065,0.501,sad
T01827,pop,65.87,0.197,0.34,-24.76,0.523,0.127,0.783,sad
T01828,pop,195.59,0.214,0.936,-58.12,0.661,0.119,0.317,angry
T01829,jazz,171.82,0.676,0.165,-53.6,0.749,0.994,0.516,romantic
T01830,reggae,101.0,0.405,0.042,-27.0,0.246,0.18,0.687,happy
T01831,hiphop,197.2,0.932,0.454,-24.52,0.322,0.897,0.168,sad
T01832,classical,144.26,0.089,0.801,-58.26,0.308,0.991,0.274,romantic
T01833,metal,141.54,0.512,0.772,-25.6,0.363,0.384,0.652,sad
T01834,classical,164.73,0.919,0.92,-9.69,1.0,0.631,0.655,calm
T01835,metal,173.65,0.904,0.533,-16.66,0.778,0.779,0.493,angry
T01836,rock,151.91,0.157,0.1,-52.13,0.975,0.393,0.796,energetic
T01837,country,77.93,0.367,0.589,-24.45,0.693,0.162,0.482,calm
T01838,reggae,107.36,0.619,0.778,-19.66,0.406,0.434,0.881,angry
T01839,hiphop,189.93,0.159,0.093,-57.77,0.39,0.772,0.736,angry
T01840,jazz,91.45,0.968,0.173,-8.68,0.489,0.781,0.315,calm
T01841,classical,112.1,0.915,0.012,-5.62,0.417,0.231,0.395,sad
T01842,classical,120.49,0.167,0.594,-8.97,0.828,0.175,0.668,sad
T01843,jazz,121.52,0.121,0.887,-10.52,0.465,0.921,0.894,romantic
T01844,hiphop,145.81,0.085,0.671,-15.3,0.296,0.044,0.179,energetic
T01845,hiphop,192.03,0.909,0.982,-21.99,0.775,0.735,0.515,energetic
T01846,pop,93.7,0.194,0.063,-19.28,0.854,0.046,0.119,angry
T01847,rock,77.01,0.416,0.903,-11.62,0.42,0.838,0.279,romantic
T01848,metal,87.65,0.449,0.814,-20.25,0.668,0.905,0.686,energetic
T01849,country,184.17,0.599,0.314,-40.34,0.059,0.297,0.078,calm
T01850,pop,150.41,0.072,0.974,-37.44,0.529,0.074,0.662,romantic
T01851,jazz,100.03,0.227,0.288,-6.18,0.045,0.481,0.901,energetic
T01852,pop,174.23,0.931,0.889,-58.97,0.029,0.298,0.969,happy
T01853,blues,180.59,0.908,0.881,-18.07,0.613,0.417,0.217,angry
T01854,jazz,178.51,0.781,0.758,-2.71,0.303,0.665,0.749,happy
T01855,rock,188.65,0.019,0.563,-17.63,0.743,0.21,0.926,angry
T01856,metal,95.31,0.327,0.12,-0.37,0.896,0.357,0.091,angry
T01857,hiphop,165.71,0.628,0.532,-18.75,0.139,0.783,0.414,calm
T01858,blues,124.48,0.275,0.357,-57.94,0.725,0.644,0.919,sad
T01859,classical,177.88,0.91,0.792,-10.38,0.515,0.326,0.203,energetic
T01860,metal,161.99,0.634,0.758,-42.92,0.112,0.664,0.934,happy
T01861,jazz,168.7,0.072,0.911,-33.24,0.652,0.765,0.527,energetic
T01862,reggae,151.86,0.909,0.015,-41.27,0.609,0.592,0.1,angry
T01863,country,84.84,0.958,0.809,-43.89,0.516,0.239,0.45,happy
T01864,blues,136.3,0.078,0.938,-34.12,0.926,0.0,0.326,happy
T01865,country,197.85,0.532,0.789,-37.27,0.521,0.803,0.282,romantic
T01866,rock,191.23,0.303,0.13,-22.0,0.991,0.823,0.541,angry
T01867,pop,66.04,0.393,0.081,-11.21,0.509,0.698,0.484,energetic
T01868,blues,83.07,0.18,0.021,-42.17,0.116,0.077,0.482,happy
T01869,country,78.44,0.578,0.629,-47.18,0.47,0.585,0.088,energetic
T01870,classical,161.64,0.958,0.63,-19.99,0.182,0.821,0.802,happy
T01871,disco,174.49,0.503,0.987,-19.78,0.597,0.39,0.481,sad
T01872,jazz,89.89,0.083,0.398,-5.93,0.693,0.198,0.821,calm
T01873,jazz,130.82,0.62,0.332,-59.04,0.468,0.588,0.825,romantic
T01874,metal,177.7,0.34,0.624,-8.82,0.098,0.826,0.317,angry
T01875,rock,162.59,0.856,0.826,-28.74,0.469,0.049,0.004,calm
T01876,blues,135.91,0.435,0.937,-22.72,0.081,0.597,0.911,romantic
T01877,rock,142.65,0.193,0.803,-54.52,0.682,0.643,0.761,energetic
T01878,country,131.17,0.191,0.427,-34.04,0.79,0.602,0.107,romantic
T01879,pop,101.66,0.769,0.635,-46.36,0.962,0.65,0.702,calm
T01880,jazz,139.1,0.266,0.856,-44.75,0.149,0.631,0.02,calm
T01881,jazz,156.44,0.767,0.491,-29.75,0.532,0.13,0.028,calm
T01882,pop,182.27,0.206,0.217,-11.25,0.568,0.235,0.526,calm
T01883,classical,149.08,0.322,0.17,-15.37,0.922,0.619,0.096,angry
T01884,rock,166.56,0.465,0.0,-24.54,0.627,0.018,0.964,sad
T01885,country,82.41,0.943,0.718,-27.63,0.146,0.635,0.894,romantic
T01886,reggae,124.62,0.932,0.111,-34.36,0.436,0.665,0.65,sad
T01887,jazz,61.31,0.207,0.244,-1.64,0.655,0.239,0.064,calm
T01888,metal,94.54,0.358,0.298,-26.39,0.7,0.598,0.325,sad
T01889,jazz,161.7,0.149,0.56,-44.76,0.863,0.534,0.372,sad
T01890,hiphop,198.85,0.51,0.398,-46.19,0.181,0.261,0.481,angry
T01891,disco,73.88,0.461,0.675,-23.32,0.952,0.463,0.169,calm
T01892,classical,116.21,0.901,0.056,-28.63,0.059,0.91,0.578,energetic
T01893,blues,172.01,0.93,0.124,-59.54,0.984,0.427,0.436,calm
T01894,country,88.56,0.384,0.499,-10.2,0.858,0.63,0.947,sad
T01895,pop,137.71,0.492,0.337,-17.75,0.66,0.035,0.936,energetic
T01896,reggae,162.63,0.896,0.296,-20.29,0.735,0.078,0.565,romantic
T01897,metal,146.24,0.807,0.067,-55.87,0.073,0.081,0.644,sad
T01898,reggae,86.32,0.004,0.896,-38.28,0.041,0.778,0.138,sad
T01899,classical,109.75,0.32,0.692,-3.88,0.102,0.35,0.223,happy
T01900,hiphop,169.73,0.422,0.122,-8.24,0.087,0.228,0.901,happy
T01901,hiphop,137.59,0.23,0.065,-42.87,0.547,0.747,0.699,romantic
T01902,pop,60.73,0.2,0.975,-50.58,0.215,0.17,0.189,happy
T01903,disco,166.54,0.038,0.681,-33.05,0.86,0.246,0.57,sad
T01904,rock,64.94,0.643,0.417,-38.65,0.446,0.431,0.935,romantic
T01905,hiphop,164.4,0.263,0.702,-19.07,0.696,0.331,0.345,calm
T01906,pop,88.35,0.052,0.756,-2.01,0.653,0.585,0.186,romantic
T01907,disco,194.13,0.231,0.78,-38.22,0.32,0.338,0.942,calm
T01908,classical,111.51,0.802,0.478,-56.27,0.243,0.393,0.461,sad
T01909,country,105.77,0.851,0.43,-6.14,0.342,0.863,0.417,happy
T01910,classical,80.84,0.483,0.011,-57.72,0.797,0.885,0.268,sad
T01911,pop,102.78,0.416,0.927,-2.83,0.586,0.828,0.892,romantic
T01912,country,182.73,0.978,0.603,-20.13,0.254,0.865,0.846,calm
T01913,pop,199.49,0.201,0.203,-3.5,0.818,0.57,0.403,calm
T01914,classical,111.56,0.215,0.92,-48.02,0.055,0.646,0.031,romantic
T01915,jazz,122.81,0.292,0.915,-57.56,0.699,0.557,0.447,angry
T01916,jazz,161.09,0.173,0.989,-30.71,0.439,0.786,0.181,calm
T01917,classical,184.07,0.379,0.874,-32.96,0.731,0.551,0.143,angry
T01918,reggae,143.03,0.911,0.998,-40.11,0.927,0.111,0.393,sad
T01919,reggae,114.81,0.615,0.245,-2.54,0.75,0.81,0.099,calm
T01920,hiphop,117.77,0.412,0.842,-10.64,0.442,0.761,0.957,angry
T01921,hiphop,157.39,0.934,0.823,-20.31,0.151,0.82,0.048,calm
T01922,country,60.45,0.048,0.231,-50.23,0.806,0.19,0.401,angry
T01923,country,146.74,0.21,0.098,-15.94,0.461,0.272,0.163,calm
T01924,jazz,109.77,0.566,0.979,-16.38,0.075,0.296,0.689,calm
T01925,reggae,171.19,0.616,0.296,-34.5,0.719,0.508,0.079,energetic
T01926,disco,73.02,0.04,0.871,-4.51,0.292,0.134,0.547,sad
T01927,classical,142.35,0.403,0.004,-49.98,0.049,0.385,0.773,sad
T01928,disco,127.34,0.649,0.021,-43.96,0.903,0.182,0.95,calm
T01929,country,149.93,0.698,0.466,-56.21,0.483,0.265,0.699,angry
T01930,disco,69.08,0.638,0.239,-12.27,0.281,0.706,0.099,happy
T01931,pop,141.2,0.321,0.69,-22.69,0.716,0.855,0.089,angry
T01932,blues,138.61,0.094,0.566,-41.1,0.886,0.023,0.732,calm
T01933,jazz,138.49,0.427,0.077,-50.17,0.0,0.566,0.215,romantic
T01934,reggae,144.49,0.129,0.163,-57.59,0.688,0.036,0.447,sad
T01935,rock,154.71,0.948,0.388,-50.0,0.767,0.085,0.977,romantic
T01936,jazz,172.7,0.475,0.186,-32.8,0.21,0.705,0.82,angry
T01937,pop,97.77,0.317,0.792,-45.17,0.49,0.736,0.847,energetic
T01938,reggae,175.51,0.766,0.416,-44.46,0.089,0.814,0.861,calm
T01939,country,129.76,0.498,0.093,-7.47,0.747,0.474,0.62,angry
T01940,rock,70.79,0.31,0.484,-29.09,0.847,0.86,0.744,angry
T01941,classical,68.2,0.812,0.091,-16.24,0.108,0.167,0.359,energetic
T01942,classical,106.79,0.867,0.129,-57.86,0.816,0.25,0.998,happy
T01943,hiphop,169.89,0.673,0.24,-38.09,0.772,0.135,0.28,happy
T01944,metal,159.08,0.047,0.86,-31.25,0.347,0.798,0.59,angry
T01945,pop,170.41,0.566,0.925,-48.81,0.69,0.229,0.282,calm
T01946,reggae,132.42,0.763,0.826,-52.79,0.0,0.156,0.112,romantic
T01947,metal,121.63,0.137,0.334,-7.78,0.932,0.623,0.568,energetic
T01948,metal,80.64,0.229,0.272,-3.63,0.55,0.077,0.353,happy
T01949,rock,105.95,0.882,0.549,-55.27,0.62,0.045,0.583,angry
T01950,classical,120.76,0.02,0.722,-39.06,0.665,0.107,0.559,calm
T01951,country,72.4,0.753,0.993,-2.5,0.561,0.0,0.542,romantic
T01952,jazz,90.89,0.474,0.132,-55.01,0.857,0.697,0.123,happy
T01953,classical,143.75,0.447,0.049,-21.38,0.61,0.562,0.44,sad
T01954,pop,162.99,0.007,0.694,-1.67,0.908,0.21,0.812,romantic
T01955,pop,199.77,0.819,0.832,-1.31,0.582,0.233,0.315,romantic
T01956,reggae,190.64,0.36,0.846,-31.73,0.171,0.811,0.444,angry
T01957,jazz,149.96,0.541,0.678,-50.24,0.914,0.502,0.494,energetic
T01958,country,118.97,0.677,0.954,-47.87,0.682,0.699,0.863,calm
T01959,reggae,149.06,0.703,0.511,-6.62,0.699,0.453,0.656,angry
T01960,rock,169.99,0.956,0.914,-5.3,0.985,0.238,0.1,happy
T01961,country,76.57,0.531,0.968,-23.53,0.075,0.97,0.865,angry
T01962,country,117.39,0.4,0.847,-14.03,0.429,0.566,0.832,angry
T01963,metal,177.57,0.954,0.31,-15.6,0.239,0.131,0.754,happy
T01964,reggae,113.74,0.642,0.196,-20.29,0.63,0.406,0.466,sad
T01965,blues,140.06,0.298,0.548,-10.36,0.807,0.329,0.758,calm
T01966,classical,142.29,0.126,0.453,-18.88,0.966,0.214,0.479,romantic
T01967,reggae,85.83,0.843,0.878,-27.96,0.455,0.933,0.737,romantic
T01968,country,110.71,0.362,0.1,-45.78,0.786,0.881,0.88,romantic
T01969,hiphop,106.83,0.66,0.258,-15.37,0.917,0.199,0.891,romantic
T01970,country,63.67,0.471,0.752,-31.59,0.683,0.352,0.455,happy
T01971,country,63.39,0.199,0.095,-42.31,0.243,0.762,0.859,romantic
T01972,jazz,176.44,0.602,0.321,-11.88,0.608,0.209,0.101,romantic
T01973,disco,98.23,0.061,0.387,-18.2,0.97,0.592,0.102,angry
T01974,jazz,132.53,0.413,0.623,-3.76,0.988,0.7,0.548,angry
T01975,reggae,101.82,0.547,0.158,-50.07,0.642,0.654,0.652,energetic
T01976,hiphop,191.7,0.436,0.861,-21.05,0.887,0.706,0.153,angry
T01977,classical,96.3,0.749,0.448,-45.35,0.2,0.707,0.472,happy
T01978,hiphop,120.15,0.828,0.917,-5.79,0.246,0.965,0.094,energetic
T01979,disco,182.18,0.771,0.468,-54.03,0.953,0.346,0.602,angry
T01980,reggae,177.87,0.039,0.275,-20.63,0.135,0.879,0.855,happy
T01981,hiphop,86.05,0.194,0.142,-12.53,0.191,0.022,0.738,calm
T01982,country,172.37,0.537,0.004,-38.7,0.421,0.288,0.378,calm
T01983,hiphop,124.15,0.935,0.532,-2.75,0.59,0.049,0.994,angry
T01984,rock,127.62,0.835,0.107,-8.96,0.604,0.651,0.663,calm
T01985,reggae,78.69,0.843,0.392,-42.32,0.292,0.101,0.815,angry
T01986,classical,71.28,0.303,0.589,-59.55,0.921,0.846,0.67,romantic
T01987,reggae,161.91,0.429,0.276,-42.2,0.915,0.647,0.989,energetic
T01988,country,129.5,0.471,0.175,-43.12,0.392,0.029,0.821,calm
T01989,rock,121.16,0.157,0.775,-6.6,0.434,0.715,0.519,energetic
T01990,rock,162.13,0.031,0.947,-1.97,0.702,0.862,0.367,energetic
T01991,country,167.17,0.947,0.1,-55.77,0.663,0.661,0.682,energetic
T01992,country,82.25,0.241,0.156,-31.72,0.382,0.031,0.59,sad
T01993,rock,145.43,0.24,0.96,-27.1,0.414,0.858,0.629,happy
T01994,rock,78.95,0.083,0.038,-54.43,0.348,0.732,0.343,romantic
T01995,jazz,165.19,0.929,0.978,-37.35,0.235,0.378,0.429,angry
T01996,rock,151.97,0.58,0.005,-40.98,0.458,0.329,0.558,romantic
T01997,blues,193.93,0.667,0.874,-27.84,0.686,0.48,0.839,energetic
T01998,blues,69.65,0.912,0.307,-20.33,0.742,0.867,0.763,romantic
T01999,classical,67.99,0.346,0.939,-17.79,0.779,0.252,0.119,angry
T02000,blues,99.51,0.622,0.317,-51.79,0.375,0.101,0.246,energetic
T02001,rock,96.64,0.039,0.654,-11.22,0.765,0.865,0.027,happy
T02002,hiphop,94.58,0.187,0.08,-19.29,0.007,0.026,0.008,romantic
T02003,disco,186.88,0.831,0.242,-6.66,0.477,0.911,0.224,calm
T02004,rock,94.94,0.767,0.774,-33.04,0.794,0.306,0.799,angry
T02005,metal,98.07,0.351,0.529,-6.37,0.63,0.508,0.905,sad
T02006,rock,166.32,0.377,0.928,-8.05,0.474,0.132,0.392,angry
T02007,blues,122.96,0.534,0.429,-33.7,0.645,0.902,0.563,happy
T02008,pop,168.74,0.0,0.87,-37.13,0.907,0.75,0.706,romantic
T02009,reggae,69.15,0.241,0.449,-4.03,0.566,0.924,0.953,energetic
T02010,hiphop,128.26,0.208,0.979,-17.09,0.8,0.683,0.913,romantic
T02011,hiphop,64.71,0.25,0.96,-4.31,0.981,0.185,0.057,angry
T02012,pop,68.77,0.806,0.329,-12.18,0.706,0.308,0.248,happy
T02013,disco,186.9,0.28,0.886,-23.44,0.573,0.487,0.049,energetic
T02014,metal,79.49,0.192,0.848,-53.05,0.037,0.607,0.617,calm
T02015,hiphop,134.54,0.504,0.211,-42.51,0.374,0.926,0.71,happy
T02016,pop,117.55,0.866,0.624,-1.87,0.565,0.384,0.308,sad
T02017,classical,108.63,0.241,0.073,-40.83,0.797,0.703,0.854,angry
T02018,blues,185.98,0.079,0.837,-54.4,0.438,0.961,0.453,happy
T02019,country,63.06,0.356,0.175,-17.55,0.96,0.152,0.998,energetic
T02020,pop,152.93,0.748,0.071,-15.96,0.272,0.863,0.0,energetic
T02021,metal,194.88,0.551,0.4,-42.87,0.745,0.421,0.109,sad
T02022,pop,138.42,0.817,0.577,-42.14,0.419,0.732,0.302,angry
T02023,pop,191.16,0.96,0.855,-31.87,0.486,0.294,0.026,energetic
T02024,disco,67.32,0.793,0.974,-58.69,0.803,0.334,0.782,energetic
T02025,jazz,118.63,0.604,0.439,-12.64,0.296,0.027,0.053,energetic
T02026,rock,96.42,0.493,0.06,-40.97,0.097,0.971,0.749,happy
T02027,country,162.31,0.04,0.749,-8.77,0.52,0.813,0.053,romantic
T02028,jazz,197.38,0.984,0.565,-11.84,0.529,0.094,0.253,happy
T02029,jazz,95.91,0.383,0.448,-20.32,0.797,1.0,0.841,angry
T02030,jazz,151.58,0.152,0.309,-40.51,0.968,0.605,0.951,sad
T02031,metal,87.73,0.667,0.502,-29.02,0.055,0.854,0.415,angry
T02032,country,139.15,0.284,0.339,-33.31,0.592,0.067,0.97,romantic
T02033,jazz,124.95,0.586,0.757,-39.67,0.681,0.389,0.627,sad
T02034,reggae,196.08,0.587,0.544,-9.11,0.986,0.67,0.416,romantic
T02035,reggae,145.19,0.446,0.877,-30.99,0.943,0.106,0.803,calm
T02036,classical,108.93,0.836,0.544,-10.04,0.712,0.489,0.295,energetic
T02037,jazz,75.97,0.265,0.238,-53.69,0.522,0.443,0.266,sad
T02038,disco,81.17,0.449,0.851,-51.54,0.162,0.216,0.657,energetic
T02039,pop,91.54,0.538,0.557,-1.36,0.384,0.3,0.39,romantic
T02040,classical,95.14,0.664,0.207,-24.73,0.585,0.967,0.136,sad
T02041,hiphop,179.09,0.784,0.624,-29.41,0.725,0.289,0.067,calm
T02042,pop,138.57,0.395,0.358,-28.61,0.635,0.213,0.788,sad
T02043,disco,133.27,0.646,0.844,-47.08,0.714,0.536,0.676,angry
T02044,country,76.07,0.151,0.453,-16.88,0.429,0.671,0.412,happy
T02045,classical,180.42,0.933,0.726,-54.91,0.728,0.725,0.896,energetic
T02046,blues,161.19,0.383,0.096,-25.6,0.144,0.754,0.411,happy
T02047,hiphop,69.47,0.73,0.396,-25.75,0.163,0.037,0.71,sad
T02048,metal,159.1,0.02,0.983,-5.15,0.163,0.394,0.909,angry
T02049,rock,136.1,0.205,0.808,-28.43,0.891,0.774,0.841,sad
T02050,metal,71.44,0.487,0.16,-51.78,0.076,0.905,0.511,calm
T02051,disco,124.16,0.878,0.278,-25.63,0.802,0.602,0.681,calm
T02052,country,127.86,0.527,0.33,-54.52,0.234,0.052,0.414,calm
T02053,jazz,83.21,0.93,0.65,-47.77,0.468,0.397,0.647,sad
T02054,rock,192.4,0.484,0.757,-58.13,0.916,0.074,0.258,romantic
T02055,jazz,179.0,0.49,0.75,-29.2,0.586,0.749,0.435,calm
T02056,disco,153.66,0.12,0.51,-54.93,0.21,0.064,0.21,romantic
T02057,country,124.72,0.803,0.811,-31.84,0.284,0.186,0.038,romantic
T02058,pop,117.65,0.247,0.437,-4.02,0.92,0.417,0.589,sad
T02059,reggae,151.14,0.9,0.124,-16.81,0.427,0.463,0.864,sad
T02060,pop,136.36,0.911,0.564,-55.36,0.587,0.406,0.026,angry
T02061,pop,68.72,0.943,0.952,-46.55,0.46,0.463,0.196,romantic
T02062,hiphop,131.75,0.52,0.793,-19.58,0.378,0.713,0.46,energetic
T02063,pop,172.9,0.677,0.579,-6.32,0.223,0.369,0.666,happy
T02064,blues,124.29,0.779,0.647,-58.02,0.686,0.548,0.171,romantic
T02065,classical,67.27,0.131,0.931,-11.25,0.718,0.303,0.057,energetic
T02066,metal,170.08,0.601,0.428,-26.29,0.275,0.354,0.519,happy
T02067,reggae,88.19,0.034,0.331,-27.23,0.789,0.614,0.819,happy
T02068,pop,96.21,0.498,0.977,-2.53,0.855,0.49,0.035,sad
T02069,disco,83.06,0.155,0.863,-15.14,0.921,0.723,0.349,calm
T02070,disco,106.23,0.183,0.323,-8.99,0.161,0.561,0.664,calm
T02071,rock,165.95,0.365,0.464,-38.76,0.304,0.804,0.131,calm
T02072,jazz,132.71,0.432,0.415,-26.74,0.86,0.443,0.236,energetic
T02073,blues,88.68,0.623,0.149,-23.08,0.199,0.491,0.535,calm
T02074,blues,182.9,0.074,0.958,-40.7,0.003,0.67,0.953,romantic
T02075,hiphop,183.14,0.504,0.404,-25.79,0.871,0.221,0.287,angry
T02076,pop,181.88,0.183,0.875,-45.8,0.326,0.386,0.488,sad
T02077,rock,93.43,0.574,0.189,-51.4,0.414,0.625,0.4,calm
T02078,pop,123.17,0.637,0.548,-37.56,0.446,0.029,0.897,romantic
T02079,hiphop,197.9,0.557,0.024,-15.64,0.848,0.437,0.072,romantic
T02080,reggae,168.08,0.738,0.764,-5.03,0.338,0.599,0.566,calm
T02081,blues,63.8,0.336,0.581,-32.54,0.892,0.967,0.846,calm
T02082,classical,69.13,0.765,0.626,-21.43,0.617,0.877,0.988,energetic
T02083,metal,124.95,0.433,0.052,-53.82,0.527,0.281,0.699,sad
T02084,country,187.29,0.484,0.211,-5.73,0.326,0.507,0.38,angry
T02085,hiphop,135.42,0.648,0.074,-25.88,0.244,0.056,0.412,calm
T02086,jazz,129.69,0.018,0.289,-13.18,0.624,0.241,0.352,happy
T02087,metal,74.77,0.654,0.627,-12.33,0.447,0.775,0.604,energetic
T02088,jazz,151.95,0.619,0.566,-44.61,0.911,0.123,0.739,calm
T02089,blues,175.09,0.31,0.612,-28.25,0.492,0.258,0.819,calm
T02090,metal,113.26,0.086,0.549,-2.37,0.512,0.944,0.417,romantic
T02091,blues,168.59,0.091,0.273,-54.62,0.417,0.824,0.717,energetic
T02092,rock,195.03,0.923,0.245,-19.02,0.789,0.782,0.916,angry
T02093,reggae,88.53,0.689,0.137,-2.26,0.425,0.865,0.921,romantic
T02094,disco,133.27,0.127,0.849,-41.97,0.269,0.75,0.704,happy
T02095,jazz,100.2,0.357,0.616,-8.31,0.862,0.121,0.637,happy
T02096,reggae,171.0,0.592,0.187,-3.98,0.597,0.517,0.532,angry
T02097,hiphop,140.86,0.836,0.177,-15.17,0.592,0.444,0.183,romantic
T02098,classical,148.84,0.044,0.873,-46.12,0.611,0.311,0.124,energetic
T02099,metal,171.71,0.237,0.743,-39.96,0.719,0.834,0.486,calm
T02100,reggae,115.44,0.89,0.659,-57.85,0.313,0.464,0.159,angry
T02101,pop,188.11,0.009,0.407,-10.11,0.034,0.06,0.577,romantic
T02102,reggae,134.62,0.201,0.262,-9.02,0.811,0.275,0.646,energetic
T02103,hiphop,82.11,0.959,0.979,-22.04,0.129,0.229,0.526,energetic
T02104,rock,157.43,0.613,0.797,-38.85,0.722,0.887,0.036,energetic
T02105,rock,171.06,0.262,0.302,-55.39,0.082,0.647,0.058,energetic
T02106,classical,104.35,0.067,0.848,-14.82,0.375,0.56,0.113,happy
T02107,country,180.01,0.028,0.759,-16.41,0.063,0.507,0.154,energetic
T02108,classical,186.86,0.245,0.297,-5.24,0.522,0.65,0.99,romantic
T02109,metal,98.77,0.881,0.427,-16.17,0.653,0.755,0.344,angry
T02110,jazz,197.69,0.416,0.186,-10.28,0.171,0.554,0.292,calm
T02111,jazz,79.7,0.72,0.111,-15.24,0.372,0.938,0.052,calm
T02112,reggae,88.28,0.918,0.723,-22.16,0.93,0.977,0.635,romantic
T02113,jazz,85.79,0.408,0.268,-34.38,0.442,0.995,0.652,romantic
T02114,country,185.16,0.191,0.82,-5.87,0.803,0.669,0.175,sad
T02115,disco,151.6,0.517,0.996,-20.94,0.927,0.933,0.919,romantic
T02116,rock,81.29,0.908,0.077,-36.1,0.974,0.404,0.8,romantic
T02117,reggae,121.65,0.804,0.473,-54.99,0.898,0.86,0.23,angry
T02118,metal,146.14,0.066,0.802,-42.56,0.317,0.909,0.486,sad
T02119,reggae,71.68,0.693,0.789,-27.38,0.963,0.904,0.458,angry
T02120,blues,183.54,0.572,0.76,-43.46,0.812,0.831,0.349,energetic
T02121,blues,172.5,0.907,0.349,-46.73,0.837,0.407,0.818,romantic
T02122,blues,130.73,0.122,0.454,-28.36,0.015,0.159,0.109,romantic
T02123,country,195.4,0.534,0.595,-49.81,0.954,0.334,0.415,sad
T02124,jazz,118.49,0.879,0.974,-11.98,0.778,0.767,0.428,energetic
T02125,pop,197.78,0.41,0.328,-30.94,0.768,0.233,0.469,angry
T02126,reggae,153.51,0.482,0.923,-25.57,0.082,0.478,0.861,happy
T02127,pop,148.85,0.07,0.269,-51.16,0.233,0.565,0.218,romantic
T02128,country,83.23,0.278,0.989,-40.53,0.962,0.604,0.103,happy
T02129,rock,183.47,0.325,0.67,-35.39,0.501,0.936,0.618,happy
T02130,reggae,119.85,0.945,0.464,-11.51,0.398,0.661,0.174,happy
T02131,country,82.71,0.283,0.613,-13.79,0.84,0.786,0.075,calm
T02132,jazz,61.77,0.461,0.273,-46.62,0.087,0.582,0.427,happy
T02133,rock,138.37,0.671,0.274,-23.03,0.417,0.834,0.22,angry
T02134,jazz,133.84,0.162,0.114,-45.39,0.376,0.264,0.361,happy
T02135,country,160.71,0.486,0.114,-0.71,0.35,0.21,0.26,romantic
T02136,metal,184.64,0.739,0.348,-2.87,0.308,0.926,0.093,calm
T02137,rock,71.12,0.867,0.763,-26.2,0.21,0.693,0.56,energetic
T02138,hiphop,162.41,0.626,0.608,-18.07,0.173,0.672,0.027,sad
T02139,rock,86.24,0.669,0.103,-11.91,0.64,0.467,0.966,romantic
T02140,jazz,180.14,0.126,0.852,-16.74,0.919,0.377,0.341,energetic
T02141,reggae,174.67,0.946,0.601,-18.01,0.509,0.556,0.695,energetic
T02142,reggae,135.71,0.133,0.961,-2.49,0.298,0.121,0.81,sad
T02143,reggae,159.43,0.775,0.67,-24.21,0.159,0.455,0.279,happy
T02144,pop,104.01,0.265,0.175,-21.82,0.83,0.455,0.749,happy
T02145,rock,125.96,0.934,0.474,-9.04,0.971,0.538,0.832,angry
T02146,hiphop,175.03,0.72,0.648,-19.81,0.349,0.635,0.241,happy
T02147,pop,124.3,0.754,0.028,-16.02,0.291,0.957,0.992,happy
T02148,blues,110.09,0.219,0.015,-45.95,0.601,0.652,0.021,angry
T02149,jazz,129.19,0.443,0.129,-37.72,0.775,0.884,0.217,romantic
T02150,jazz,175.95,0.618,0.252,-51.16,0.455,0.556,0.78,sad
T02151,classical,106.93,0.77,0.43,-29.65,0.63,0.627,0.194,angry
T02152,metal,84.33,0.104,0.487,-32.66,0.717,0.07,0.698,romantic
T02153,rock,159.68,0.962,0.138,-0.17,0.961,0.133,0.856,happy
T02154,hiphop,175.64,0.89,0.673,-23.33,0.165,0.58,0.959,romantic
T02155,blues,74.09,0.27,0.596,-12.81,0.997,0.396,0.474,happy
T02156,rock,93.58,0.823,0.294,-39.96,0.392,0.799,0.971,happy
T02157,pop,79.88,0.518,0.014,-10.11,0.723,0.543,0.412,angry
T02158,hiphop,108.71,0.462,0.078,-23.09,0.572,0.882,0.218,sad
T02159,rock,123.05,0.314,0.392,-18.18,0.487,0.972,0.514,calm
T02160,rock,164.84,0.581,0.154,-42.33,0.698,0.148,0.65,romantic
T02161,disco,151.16,0.73,0.377,-27.08,0.396,0.395,0.458,romantic
T02162,blues,146.93,0.411,0.628,-21.96,0.126,0.665,0.567,angry
T02163,rock,109.33,0.629,0.547,-24.65,0.489,0.305,0.416,sad
T02164,pop,177.8,0.699,0.231,-5.09,0.522,0.267,0.525,happy
T02165,country,125.98,0.711,0.344,-6.1,0.202,0.814,0.953,romantic
T02166,reggae,197.07,0.052,0.614,-1.74,0.936,0.98,0.5,sad
T02167,rock,148.78,0.86,0.861,-19.95,0.227,0.774,0.253,energetic
T02168,metal,77.68,0.458,0.753,-1.69,0.409,0.524,0.759,energetic
T02169,country,154.66,0.262,0.553,-10.05,0.155,0.443,0.338,calm
T02170,disco,105.51,0.242,0.362,-43.75,0.536,0.54,0.816,romantic
T02171,blues,156.09,0.483,0.365,-34.35,0.308,0.463,0.057,happy
T02172,rock,69.75,0.887,0.879,-45.7,0.489,0.503,0.332,romantic
T02173,classical,84.48,0.378,0.039,-59.75,0.225,0.203,0.094,calm
T02174,disco,179.8,0.75,0.988,-48.72,0.054,0.904,0.085,energetic
T02175,blues,91.81,0.097,0.664,-59.76,0.779,0.755,0.658,calm
T02176,pop,177.19,0.476,0.681,-16.81,0.641,0.681,0.385,romantic
T02177,jazz,99.1,0.992,0.038,-34.47,0.341,0.95,0.871,romantic
T02178,metal,150.0,0.77,0.606,-41.25,0.047,0.284,0.516,energetic
T02179,country,157.18,0.211,0.485,-14.3,0.866,0.081,0.295,energetic
T02180,metal,131.77,0.501,0.106,-10.05,0.17,0.826,0.721,sad
T02181,disco,102.74,0.234,0.278,-1.48,0.931,0.998,0.624,happy
T02182,metal,89.77,0.41,0.89,-21.48,0.479,0.578,0.8,energetic
T02183,reggae,64.65,0.78,0.55,-32.31,0.34,0.059,0.644,happy
T02184,rock,102.55,0.771,0.413,-41.68,0.742,0.78,0.167,calm
T02185,pop,151.44,0.228,0.073,-46.66,0.877,0.074,0.67,calm
T02186,blues,191.36,0.922,0.714,-47.22,0.371,0.54,0.392,energetic
T02187,country,181.97,0.593,0.703,-35.45,0.407,0.278,0.463,happy
T02188,reggae,167.25,0.38,0.614,-0.49,0.433,0.915,0.922,energetic
T02189,disco,170.38,0.502,0.51,-59.95,0.922,0.451,0.36,energetic
T02190,reggae,153.1,0.605,0.434,-48.17,0.693,0.898,0.612,sad
T02191,jazz,96.44,0.56,0.593,-48.7,0.248,0.299,0.363,calm
T02192,pop,187.01,0.486,0.233,-16.97,0.185,0.387,0.095,happy
T02193,reggae,153.9,0.505,0.941,-38.85,0.23,0.947,0.454,calm
T02194,metal,138.46,0.176,0.589,-32.56,0.264,0.201,0.597,sad
T02195,jazz,75.54,0.813,0.311,-51.08,0.23,0.579,0.408,angry
T02196,country,122.59,0.542,0.45,-35.7,0.659,0.389,0.391,calm
T02197,pop,124.45,0.131,0.806,-53.81,0.116,0.774,0.82,sad
T02198,reggae,181.04,0.766,0.162,-28.02,0.387,0.129,0.03,romantic
T02199,jazz,136.53,0.932,0.293,-54.12,0.625,0.437,0.296,calm
T02200,reggae,113.26,0.947,0.68,-12.57,0.291,0.699,0.812,happy
T02201,jazz,196.75,0.369,0.315,-26.0,0.065,0.407,0.921,sad
T02202,hiphop,75.5,0.136,0.793,-16.56,0.082,0.059,0.412,angry
T02203,rock,119.16,0.518,0.13,-34.89,0.126,0.705,0.889,calm
T02204,pop,65.88,0.113,0.763,-37.11,0.836,0.503,0.199,sad
T02205,disco,163.59,0.934,0.068,-54.11,0.658,0.011,0.221,angry
T02206,disco,188.53,0.184,0.013,-28.57,0.065,0.613,0.846,romantic
T02207,hiphop,99.21,0.253,0.898,-29.13,0.391,0.92,0.903,happy
T02208,reggae,180.17,0.407,0.581,-31.91,0.279,0.111,0.223,calm
T02209,hiphop,100.91,0.383,0.352,-15.57,0.578,0.591,0.059,romantic
T02210,disco,187.51,0.795,0.233,-10.05,0.523,0.729,0.09,energetic
T02211,hiphop,165.55,0.456,0.617,-14.95,0.481,0.071,0.261,happy
T02212,hiphop,172.69,0.171,0.509,-51.37,0.315,0.023,0.761,happy
T02213,disco,62.52,0.267,0.992,-22.68,0.138,0.464,0.51,happy
T02214,pop,194.79,0.509,0.983,-55.18,0.742,0.791,0.456,happy
T02215,jazz,161.73,0.147,0.635,-18.32,0.88,0.161,0.584,angry
T02216,pop,102.67,0.612,0.443,-37.09,0.944,0.837,0.89,romantic
T02217,jazz,176.12,0.566,0.491,-52.05,0.059,0.657,0.09,energetic
T02218,reggae,99.41,0.715,0.682,-8.28,0.74,0.332,0.695,calm
T02219,hiphop,182.19,0.938,0.102,-23.16,0.727,0.516,0.927,happy
T02220,hiphop,75.76,0.912,0.328,-38.72,0.947,0.966,0.213,calm
T02221,classical,158.52,0.946,0.075,-58.16,0.253,0.216,0.838,sad
T02222,rock,135.7,0.245,0.073,-27.76,0.742,0.5,0.698,romantic
T02223,reggae,73.51,0.132,0.196,-4.61,0.055,0.624,0.014,romantic
T02224,metal,93.87,0.302,0.485,-24.22,0.631,0.138,0.232,happy
T02225,metal,61.74,0.895,0.785,-1.7,0.351,0.044,0.606,happy
T02226,jazz,125.63,0.972,0.485,-51.81,0.769,0.013,0.502,romantic
T02227,country,102.18,0.859,0.335,-25.9,0.863,0.325,0.528,calm
T02228,hiphop,143.77,0.11,0.082,-12.11,0.365,0.074,0.232,energetic
T02229,blues,101.61,0.947,0.55,-28.47,0.526,0.804,0.675,sad
T02230,hiphop,101.99,0.423,0.271,-54.54,0.117,0.997,0.266,romantic
T02231,classical,164.05,0.009,0.615,-25.03,0.417,0.061,0.389,energetic
T02232,jazz,66.74,0.442,0.977,-23.3,0.361,0.433,0.369,calm
T02233,pop,186.41,0.046,0.111,-16.28,0.183,0.026,0.672,angry
T02234,hiphop,179.32,0.544,0.212,-14.33,0.894,0.134,0.09,happy
T02235,pop,153.49,0.339,0.473,-13.75,0.148,0.323,0.206,angry
T02236,disco,143.05,0.473,0.969,-20.19,0.636,0.394,0.2,romantic
T02237,disco,184.92,0.613,0.772,-47.05,0.89,0.94,0.108,calm
T02238,reggae,85.95,0.869,0.898,-35.75,0.912,0.396,0.208,calm
T02239,hiphop,71.06,0.662,0.334,-13.43,0.793,0.496,0.607,calm
T02240,reggae,93.53,0.434,0.992,-2.79,0.176,0.246,0.732,calm
T02241,hiphop,171.24,0.819,0.103,-55.26,0.817,0.0,0.66,romantic
T02242,country,64.85,0.906,0.053,-27.87,0.277,0.899,0.475,happy
T02243,classical,141.59,0.12,0.856,-41.25,0.922,0.082,0.052,angry
T02244,rock,199.36,0.532,0.927,-46.48,0.709,0.964,0.959,sad
T02245,rock,179.8,0.285,0.091,-29.65,0.785,0.131,0.168,happy
T02246,disco,133.0,0.047,0.113,-23.63,0.085,0.605,0.668,calm
T02247,disco,68.91,0.669,0.033,-59.41,0.583,0.999,0.913,romantic
T02248,blues,176.39,0.863,0.105,-13.19,0.821,0.138,0.698,calm
T02249,reggae,143.86,0.163,0.209,-10.81,0.862,0.424,0.218,happy
T02250,disco,76.09,0.812,0.97,-2.07,0.029,0.78,0.316,angry
T02251,disco,73.14,0.853,0.668,-49.16,0.939,0.032,0.03,angry
T02252,blues,187.35,0.914,0.779,-24.33,0.043,0.69,0.613,energetic
T02253,classical,153.69,0.265,0.776,-34.4,0.615,0.08,0.613,energetic
T02254,metal,176.1,0.904,0.535,-39.91,0.693,0.237,0.726,romantic
T02255,jazz,183.06,0.321,0.797,-26.06,0.107,0.16,0.011,energetic
T02256,pop,140.05,0.552,0.596,-13.06,0.048,0.907,0.818,calm
T02257,classical,132.44,0.051,0.315,-58.62,0.785,0.18,0.739,happy
T02258,country,120.26,0.044,0.561,-1.84,0.385,0.04,0.141,romantic
T02259,blues,104.37,0.72,0.534,-11.41,0.107,0.588,0.348,romantic
T02260,reggae,120.84,0.444,0.823,-14.93,0.763,0.346,0.639,happy
T02261,country,168.34,0.256,0.982,-14.38,0.849,0.406,0.496,energetic
T02262,metal,144.27,0.19,0.411,-36.66,0.587,0.119,0.115,angry
T02263,pop,184.95,0.67,0.763,-14.9,0.161,0.748,0.087,energetic
T02264,pop,122.07,0.0,0.1,-36.79,0.015,0.602,0.781,happy
T02265,disco,144.99,0.806,0.777,-6.08,0.701,0.364,0.156,calm
T02266,hiphop,148.38,0.079,0.371,-49.37,0.55,0.172,0.172,energetic
T02267,jazz,142.84,0.191,0.039,-42.46,0.651,0.593,0.831,romantic
T02268,hiphop,158.37,0.386,0.363,-26.92,0.813,0.779,0.612,sad
T02269,blues,93.24,0.485,0.611,-40.85,0.434,0.312,0.605,sad
T02270,classical,131.73,0.355,0.119,-34.55,0.125,0.026,0.479,angry
T02271,rock,74.59,0.321,0.924,-30.45,0.94,0.214,0.569,happy
T02272,disco,113.83,0.964,0.078,-8.62,0.545,0.682,0.602,calm
T02273,reggae,128.27,0.642,0.93,-28.61,0.615,0.989,0.968,romantic
T02274,blues,151.31,0.023,0.707,-38.25,0.933,0.013,0.223,sad
T02275,country,193.07,0.43,0.33,-45.14,0.932,0.306,0.215,energetic
T02276,metal,144.09,0.875,0.391,-35.48,0.572,0.062,0.057,romantic
T02277,country,164.1,0.301,0.741,-29.06,0.298,0.316,0.658,calm
T02278,blues,130.88,0.095,0.601,-15.23,0.997,0.406,0.549,happy
T02279,metal,148.77,0.758,0.672,-52.74,0.681,0.921,0.111,romantic
T02280,pop,69.93,0.606,0.389,-46.7,0.408,0.081,0.365,romantic
T02281,country,95.61,0.57,0.488,-37.22,0.56,0.777,0.179,energetic
T02282,hiphop,110.66,0.054,0.99,-38.38,0.416,0.396,0.331,calm
T02283,blues,126.15,0.14,0.214,-36.5,0.888,0.811,0.951,happy
T02284,blues,66.39,0.623,0.418,-12.39,0.482,0.513,0.683,romantic
T02285,hiphop,79.6,0.208,0.292,-40.55,0.824,0.039,0.008,calm
T02286,rock,98.75,0.504,0.765,-29.89,0.84,0.946,0.253,romantic
T02287,rock,196.01,0.545,0.764,-22.57,0.824,0.083,0.01,sad
T02288,classical,106.39,0.284,0.292,-46.07,0.722,0.598,0.715,sad
T02289,jazz,127.49,0.948,0.081,-16.88,0.855,0.878,0.469,happy
T02290,hiphop,87.45,0.842,0.011,-27.17,0.387,0.08,0.994,sad
T02291,pop,145.51,0.722,0.427,-33.19,0.115,0.554,0.734,happy
T02292,reggae,99.3,0.078,0.41,-11.41,0.842,0.824,0.518,romantic
T02293,reggae,88.98,0.106,0.988,-45.39,0.498,0.986,0.805,angry
T02294,pop,132.32,0.493,0.47,-7.01,0.127,0.724,0.705,sad
T02295,country,60.77,0.161,0.256,-26.34,0.115,0.278,0.244,calm
T02296,reggae,61.07,0.978,0.891,-23.45,0.159,0.7,0.53,calm
T02297,pop,90.67,0.159,0.491,-7.5,0.751,0.706,0.556,happy
T02298,hiphop,65.14,0.487,0.599,-10.95,0.711,0.7,0.451,angry
T02299,disco,75.12,0.364,0.096,-23.91,0.204,0.854,0.179,romantic
T02300,classical,107.44,0.639,0.383,-14.81,0.847,0.087,0.223,energetic
T02301,jazz,172.36,0.129,0.944,-34.0,0.281,0.108,0.281,calm
T02302,country,140.09,0.43,0.59,-27.16,0.793,0.641,0.01,angry
T02303,pop,131.77,0.275,0.345,-56.28,0.489,0.954,0.917,calm
T02304,hiphop,101.09,0.888,0.626,-54.61,0.732,0.466,0.686,happy
T02305,country,190.45,0.041,0.91,-10.23,0.381,0.961,0.69,happy
T02306,blues,115.58,0.914,0.274,-56.42,0.347,0.938,0.572,energetic
T02307,jazz,72.19,0.833,0.505,-49.84,0.841,0.903,0.689,happy
T02308,hiphop,146.39,0.298,0.959,-12.25,0.035,0.91,0.982,energetic
T02309,rock,75.94,0.789,0.172,-59.93,0.975,0.898,0.385,romantic
T02310,disco,108.33,0.031,0.72,-43.06,0.648,0.82,0.713,happy
T02311,country,131.04,0.967,0.614,-24.96,0.432,0.695,0.36,calm
T02312,rock,182.39,0.527,0.68,-24.27,0.628,0.024,0.854,happy
T02313,metal,129.1,0.303,0.351,-13.37,0.123,0.132,0.858,sad
T02314,metal,158.32,0.363,0.314,-29.64,0.514,0.134,0.902,romantic
T02315,reggae,198.99,0.066,0.684,-29.44,0.985,0.024,0.005,romantic
T02316,jazz,78.41,0.989,0.216,-16.48,0.235,0.117,0.298,angry
T02317,classical,98.46,0.039,0.42,-30.08,0.722,0.92,0.134,calm
T02318,metal,115.24,0.655,0.188,-23.49,0.435,0.664,0.454,romantic
T02319,classical,119.06,0.443,0.008,-6.13,0.652,0.312,0.495,angry
T02320,country,117.54,0.949,0.97,-35.91,0.205,0.793,0.256,sad
T02321,country,187.07,0.246,0.432,-36.89,0.47,0.488,0.723,romantic
T02322,pop,159.96,0.532,0.969,-59.79,0.98,0.142,0.27,angry
T02323,jazz,145.11,0.482,0.14,-23.19,0.195,0.885,0.854,sad
T02324,disco,103.31,0.703,0.587,-58.21,0.636,0.339,0.178,happy
T02325,blues,175.33,0.068,0.201,-29.75,0.576,0.699,0.367,happy
T02326,hiphop,193.71,0.194,0.79,-11.75,0.565,0.291,0.622,romantic
T02327,metal,174.97,0.215,0.784,-27.0,0.615,0.5,0.605,sad
T02328,disco,60.22,0.738,0.113,-43.82,0.502,0.816,0.078,calm
T02329,pop,149.1,0.189,0.912,-12.83,0.017,0.157,0.846,romantic
T02330,hiphop,67.16,0.573,0.195,-43.82,0.9,0.977,0.598,happy
T02331,jazz,96.07,0.215,0.613,-16.02,0.827,0.07,0.87,calm
T02332,hiphop,68.33,0.862,0.986,-23.38,0.174,0.534,0.868,angry
T02333,rock,144.53,0.942,0.882,-49.8,0.413,0.916,0.546,happy
T02334,rock,156.12,0.518,0.957,-5.69,0.771,0.946,0.911,sad
T02335,blues,76.03,0.352,0.343,-47.96,0.98,0.232,0.848,romantic
T02336,hiphop,113.74,0.234,0.106,-0.62,0.951,0.144,0.958,romantic
T02337,jazz,123.87,0.05,0.188,-59.56,0.899,0.724,0.85,sad
T02338,disco,111.67,0.269,0.5,-44.19,0.158,0.042,0.821,happy
T02339,blues,76.94,0.654,0.793,-48.01,0.914,0.485,0.469,sad
T02340,classical,118.65,0.534,0.15,-59.16,0.878,0.796,0.212,romantic
T02341,pop,165.16,0.944,0.66,-16.06,0.377,0.56,0.911,happy
T02342,hiphop,69.94,0.396,0.324,-18.39,0.395,0.188,0.723,energetic
T02343,country,71.23,0.694,0.341,-12.46,0.46,0.487,0.282,happy
T02344,metal,109.67,0.489,0.662,-44.6,0.656,0.921,0.341,calm
T02345,reggae,191.84,0.513,0.467,-33.34,0.261,0.617,0.686,angry
T02346,hiphop,153.6,0.268,0.812,-20.45,0.023,0.721,0.478,sad
T02347,classical,155.01,0.455,0.156,-33.61,0.141,0.336,0.081,angry
T02348,hiphop,110.67,0.471,0.79,-18.16,0.44,0.188,0.141,happy
T02349,jazz,143.11,0.707,0.064,-21.96,0.282,0.256,0.746,happy
T02350,rock,61.42,0.941,0.194,-53.12,0.765,0.533,0.329,happy
T02351,disco,149.05,0.329,0.656,-13.14,0.107,0.28,0.508,calm
T02352,disco,187.86,0.042,0.855,-16.76,0.917,0.542,0.767,angry
T02353,country,145.76,0.496,0.253,-20.65,0.895,0.708,0.751,angry
T02354,pop,182.32,0.544,0.327,-50.69,0.909,0.734,0.167,sad
T02355,country,161.36,0.168,0.537,-43.92,0.74,0.165,0.098,happy
T02356,pop,76.88,0.76,0.212,-36.41,0.107,0.75,0.591,sad
T02357,rock,186.34,0.985,0.811,-43.2,0.438,0.673,0.742,calm
T02358,jazz,69.3,0.946,0.774,-46.33,0.131,0.012,0.149,energetic
T02359,metal,134.76,0.197,0.145,-11.68,0.988,0.059,0.372,romantic
T02360,reggae,79.9,0.875,0.464,-21.71,0.333,0.646,0.87,romantic
T02361,pop,61.64,0.704,0.775,-26.07,0.585,0.384,0.944,calm
T02362,reggae,119.08,0.454,0.337,-46.44,0.779,0.146,0.454,energetic
T02363,disco,101.31,0.541,0.633,-4.92,0.921,0.044,0.08,happy
T02364,disco,128.04,0.85,0.05,-48.53,0.756,0.159,0.258,romantic
T02365,rock,140.81,0.48,0.609,-12.3,0.675,0.958,0.233,angry
T02366,classical,66.12,0.373,0.153,-2.0,0.466,0.728,0.239,angry
T02367,reggae,77.22,0.493,0.831,-16.37,0.605,0.528,0.494,sad
T02368,pop,138.21,0.579,0.355,-0.43,0.094,0.942,0.583,energetic
T02369,reggae,108.04,0.189,0.282,-20.94,0.884,0.619,0.123,sad
T02370,jazz,162.08,0.901,0.841,-46.95,0.544,0.726,0.889,happy
T02371,classical,151.32,0.674,0.05,-47.77,0.04,0.283,0.62,angry
T02372,rock,178.38,0.633,0.397,-40.53,0.92,0.589,0.597,sad
T02373,classical,156.95,0.099,0.37,-59.57,0.489,0.143,0.987,energetic
T02374,blues,120.19,0.604,0.285,-19.1,0.869,0.404,0.628,happy
T02375,reggae,154.22,0.121,0.912,-43.88,0.857,0.033,0.929,happy
T02376,reggae,98.55,0.079,0.751,-11.09,0.816,0.217,0.286,energetic
T02377,disco,102.88,0.527,0.064,-38.45,0.061,0.075,0.24,sad
T02378,rock,170.46,0.403,0.715,-31.2,0.247,0.388,0.517,calm
T02379,reggae,122.5,0.589,0.527,-2.06,0.876,0.843,0.509,sad
T02380,country,171.77,0.089,0.901,-45.47,0.899,0.378,0.226,romantic
T02381,country,175.14,0.431,0.313,-16.72,0.458,0.832,0.7,energetic
T02382,jazz,180.06,0.175,0.574,-14.69,0.44,0.656,0.03,angry
T02383,reggae,188.33,0.987,0.501,-46.74,0.175,0.51,0.691,sad
T02384,pop,120.34,0.561,0.49,-29.94,0.968,0.237,0.457,calm
T02385,classical,104.64,0.687,0.456,-38.99,0.213,0.922,0.689,sad
T02386,disco,141.51,0.325,0.206,-13.69,0.191,0.054,0.477,angry
T02387,rock,111.96,0.095,0.756,-22.65,0.661,0.689,0.977,happy
T02388,pop,144.15,0.976,0.451,-31.44,0.243,0.621,0.335,sad
T02389,classical,158.78,0.286,0.959,-13.24,0.939,0.441,0.983,happy
T02390,reggae,156.38,0.424,0.261,-45.89,0.011,0.24,0.065,romantic
T02391,pop,112.44,0.65,0.683,-14.78,0.006,0.431,0.684,angry
T02392,blues,83.36,0.025,0.941,-8.08,0.505,0.873,0.454,calm
T02393,pop,120.27,0.81,0.663,-7.28,0.488,0.837,0.822,sad
T02394,country,79.96,0.537,0.871,-12.98,0.163,0.941,0.79,happy
T02395,reggae,184.61,0.278,0.827,-35.52,0.495,0.308,0.8,calm
T02396,metal,108.42,0.062,0.36,-1.09,0.412,0.387,0.095,happy
T02397,pop,81.62,0.162,0.6,-37.22,0.89,0.019,0.822,happy
T02398,rock,63.56,0.895,0.156,-21.68,0.009,0.943,0.214,happy
T02399,blues,150.42,0.686,0.536,-50.34,0.976,0.329,0.026,sad
T02400,reggae,149.17,0.25,0.23,-1.17,0.624,0.404,0.218,happy
T02401,pop,107.68,0.066,0.744,-17.76,0.152,0.908,0.479,romantic
T02402,hiphop,70.04,0.691,0.528,-14.8,0.047,0.527,0.742,romantic
T02403,blues,117.35,0.572,0.411,-56.05,0.538,0.566,0.219,angry
T02404,metal,103.57,0.405,0.269,-14.19,0.235,0.176,0.113,energetic
T02405,hiphop,154.8,0.364,0.999,-13.52,0.301,0.499,0.646,calm
T02406,blues,144.81,0.217,0.072,-19.69,0.245,0.918,0.984,romantic
T02407,disco,111.04,0.67,0.044,-42.49,0.65,0.559,0.601,calm
T02408,rock,90.5,0.971,0.217,-30.62,0.554,0.255,0.691,romantic
T02409,classical,198.33,0.176,0.971,-53.37,0.078,0.031,0.561,sad
T02410,blues,123.56,0.597,0.979,-31.7,0.527,0.336,0.782,sad
T02411,metal,156.36,0.424,0.655,-45.37,0.791,0.573,0.976,sad
T02412,jazz,79.68,0.447,0.88,-39.05,0.081,0.043,0.544,romantic
T02413,classical,127.98,0.254,0.214,-50.24,0.89,0.61,0.417,energetic
T02414,reggae,63.86,0.825,0.972,-46.2,0.578,0.523,0.86,angry
T02415,blues,130.76,0.485,0.143,-55.41,0.951,0.783,0.97,calm
T02416,classical,194.96,0.543,0.101,-4.81,0.148,0.029,0.129,calm
T02417,pop,113.79,0.305,0.112,-28.18,0.994,0.781,0.578,sad
T02418,blues,65.46,0.182,0.573,-36.2,0.644,0.521,0.792,sad
T02419,hiphop,64.33,0.086,0.781,-27.9,0.567,0.371,0.533,angry
T02420,metal,114.32,0.714,0.367,-22.3,0.515,0.965,0.409,romantic
T02421,country,82.4,0.196,0.978,-4.69,0.024,0.16,0.655,happy
T02422,country,63.27,0.69,0.434,-49.28,0.94,0.541,0.27,angry
T02423,metal,165.87,0.39,0.15,-42.27,0.644,0.321,0.349,sad
T02424,jazz,124.19,0.416,0.466,-1.45,0.092,0.527,0.992,romantic
T02425,metal,100.49,0.469,0.679,-37.73,0.021,0.552,0.636,calm
T02426,pop,186.01,0.368,0.832,-58.65,0.051,0.089,0.873,angry
T02427,metal,76.26,0.101,0.459,-51.14,0.609,0.661,0.808,happy
T02428,metal,193.83,0.31,0.594,-58.42,0.614,0.634,0.652,romantic
T02429,classical,103.96,0.664,0.267,-0.6,0.5,0.769,0.841,energetic
T02430,reggae,184.38,0.666,0.646,-43.27,0.307,0.091,0.287,energetic
T02431,country,144.41,0.286,0.986,-4.59,0.532,0.297,0.637,calm
T02432,jazz,175.74,0.46,0.049,-0.25,0.516,0.65,0.591,happy
T02433,classical,197.76,0.193,0.887,-24.01,0.019,0.137,0.622,angry
T02434,country,100.38,0.21,0.562,-58.01,0.282,0.678,0.169,sad
T02435,reggae,194.56,0.023,0.252,-55.1,0.053,0.059,0.277,sad
T02436,metal,114.53,0.897,0.955,-31.1,0.9,0.335,0.287,happy
T02437,reggae,113.97,0.211,0.483,-35.63,0.725,0.847,0.602,angry
T02438,country,107.65,0.228,0.332,-23.63,0.996,0.774,0.973,happy
T02439,disco,135.8,0.28,0.181,-33.67,0.302,0.645,0.954,angry
T02440,blues,81.58,0.127,0.244,-3.96,0.878,0.87,0.227,energetic
T02441,blues,137.52,0.639,0.833,-27.92,0.603,0.709,0.305,angry
T02442,hiphop,135.84,0.075,0.614,-18.38,0.453,0.519,0.036,angry
T02443,pop,166.67,0.134,0.913,-6.21,0.223,0.98,0.399,sad
T02444,reggae,176.71,0.645,0.232,-51.19,0.738,0.695,0.835,calm
T02445,metal,121.66,0.34,0.121,-46.22,0.904,0.601,0.916,romantic
T02446,reggae,102.33,0.708,0.006,-53.56,0.235,0.409,0.236,romantic
T02447,metal,96.31,0.557,0.508,-51.62,0.175,0.902,0.266,sad
T02448,disco,87.25,0.256,0.998,-29.24,0.696,0.296,0.221,energetic
T02449,disco,68.07,0.651,0.695,-40.73,0.977,0.009,0.35,happy
T02450,pop,107.94,0.116,0.308,-34.61,0.75,0.197,0.805,sad
T02451,jazz,97.83,0.536,0.877,-1.05,0.285,0.11,0.647,happy
T02452,country,195.3,0.437,0.782,-50.6,0.42,0.319,0.786,sad
T02453,hiphop,138.08,0.268,0.015,-27.55,0.384,0.826,0.583,romantic
T02454,disco,108.62,0.604,0.817,-54.07,0.852,0.652,0.258,calm
T02455,classical,141.27,0.871,0.301,-40.89,0.771,0.169,0.228,calm
T02456,blues,79.49,0.999,0.15,-28.35,0.589,0.789,0.009,sad
T02457,metal,122.17,0.608,0.226,-3.2,0.275,0.504,0.781,sad
T02458,rock,147.67,0.405,0.469,-36.53,0.938,0.513,0.847,romantic
T02459,blues,128.45,0.225,0.425,-56.11,0.653,0.362,0.768,happy
T02460,disco,116.25,0.257,0.289,-36.71,0.97,0.865,0.074,happy
T02461,disco,199.14,0.479,0.172,-51.26,0.58,0.318,0.762,romantic
T02462,classical,183.24,0.367,0.762,-46.2,0.821,0.094,0.046,energetic
T02463,classical,147.28,0.914,0.99,-22.91,0.813,0.303,0.106,energetic
T02464,rock,139.71,0.368,0.778,-55.95,0.337,0.715,0.44,sad
T02465,blues,146.89,0.373,0.296,-32.12,0.964,0.658,0.476,calm
T02466,pop,88.18,0.384,0.245,-23.43,0.022,0.188,0.816,energetic
T02467,rock,115.32,0.837,0.218,-34.69,0.769,0.112,0.68,energetic
T02468,blues,65.52,0.651,0.137,-58.85,0.966,0.661,0.153,angry
T02469,disco,126.58,0.614,0.551,-0.87,0.339,0.676,0.226,calm
T02470,blues,136.02,0.334,0.605,-37.97,0.648,0.366,0.286,happy
T02471,metal,91.88,0.818,0.706,-13.29,0.562,0.843,0.124,happy
T02472,pop,194.96,0.038,0.68,-40.46,0.762,0.978,0.288,romantic
T02473,disco,187.32,0.871,0.292,-31.5,0.866,0.206,0.729,happy
T02474,reggae,161.1,0.513,0.33,-36.69,0.603,0.577,0.241,angry
T02475,disco,134.67,0.398,0.682,-39.45,0.816,0.005,0.835,sad
T02476,blues,181.8,0.497,0.349,-58.69,0.312,0.713,0.47,sad
T02477,country,78.29,0.667,0.213,-38.4,0.229,0.414,0.323,happy
T02478,reggae,170.67,0.013,0.374,-6.63,0.431,0.193,0.412,calm
T02479,hiphop,77.47,0.872,0.272,-18.58,0.678,0.752,0.709,angry
T02480,disco,171.19,0.447,0.088,-51.27,0.187,0.811,0.517,happy
T02481,rock,98.61,0.343,0.83,-24.53,0.68,0.111,0.007,happy
T02482,jazz,182.79,0.138,0.853,-6.47,0.394,0.041,0.922,sad
T02483,rock,192.17,0.439,0.22,-18.0,0.796,0.334,0.066,romantic
T02484,rock,80.83,0.496,0.065,-51.08,0.037,0.626,0.939,calm
T02485,jazz,124.77,0.404,0.739,-7.93,0.668,0.793,0.028,angry
T02486,disco,197.34,0.679,0.212,-41.91,0.65,0.546,0.771,angry
T02487,hiphop,127.68,0.421,0.393,-32.76,0.941,0.581,0.535,energetic
T02488,country,180.9,0.961,0.064,-28.43,0.713,0.8,0.506,calm
T02489,reggae,142.42,0.599,0.226,-8.97,0.796,0.529,0.073,sad
T02490,disco,112.55,0.807,0.793,-4.1,0.905,0.611,0.239,romantic
T02491,metal,100.01,0.109,0.804,-4.22,0.675,0.516,0.778,romantic
T02492,hiphop,88.45,0.397,0.207,-59.52,0.29,0.88,0.891,energetic
T02493,hiphop,166.65,0.337,0.336,-4.69,0.87,0.236,0.529,sad
T02494,blues,114.12,0.569,0.134,-56.74,0.748,0.264,0.353,happy
T02495,reggae,131.58,0.861,0.074,-44.05,0.424,0.128,0.06,energetic
T02496,rock,128.93,0.078,0.992,-29.1,0.711,0.819,0.682,sad
T02497,country,140.82,0.073,0.656,-31.2,0.868,0.412,0.278,happy
T02498,metal,181.18,0.85,0.542,-23.72,0.976,0.348,0.055,sad
T02499,reggae,197.3,0.213,0.765,-31.23,0.952,0.981,0.666,romantic
T02500,pop,117.06,0.669,0.84,-3.94,0.325,0.927,0.486,calm
T02501,blues,175.85,0.543,0.807,-45.57,0.422,0.972,0.012,sad
T02502,jazz,167.03,0.833,0.017,-43.56,0.11,0.142,0.111,calm
T02503,metal,140.29,0.125,0.187,-4.76,0.248,0.891,0.699,sad
T02504,reggae,193.85,0.13,0.655,-55.4,0.882,0.329,0.064,happy
T02505,jazz,88.07,0.557,0.376,-23.43,0.361,0.013,0.866,calm
T02506,metal,75.3,0.946,0.982,-19.1,0.621,0.391,0.311,angry
T02507,metal,179.55,0.415,0.665,-29.67,0.666,0.509,0.089,calm
T02508,country,121.48,0.327,0.957,-18.35,0.782,0.108,0.76,happy
T02509,hiphop,178.58,0.607,0.201,-49.63,0.183,0.538,0.524,calm
T02510,metal,185.03,0.93,0.864,-8.84,0.305,0.819,0.307,sad
T02511,country,68.74,0.837,0.321,-51.6,0.448,0.378,0.406,sad
T02512,reggae,183.69,0.995,0.99,-35.95,0.365,0.353,0.021,angry
T02513,pop,122.76,0.023,0.158,-55.48,0.983,0.339,0.663,calm
T02514,disco,131.46,0.113,0.516,-27.29,0.835,0.923,0.366,sad
T02515,disco,147.72,0.609,0.793,-19.82,0.48,0.049,0.714,calm
T02516,hiphop,189.69,0.821,0.433,-3.53,0.879,0.445,0.628,energetic
T02517,country,62.68,0.285,0.468,-15.64,0.348,0.265,0.651,sad
T02518,pop,126.76,0.239,0.986,-27.53,0.786,0.894,0.793,calm
T02519,blues,156.28,0.787,0.425,-4.04,0.224,0.096,0.631,romantic
T02520,reggae,161.18,0.056,0.604,-31.29,0.772,0.411,0.419,sad
T02521,metal,156.95,0.369,0.055,-26.33,0.456,0.407,0.39,romantic
T02522,metal,78.82,0.506,0.842,-24.23,0.107,0.888,0.12,energetic
T02523,reggae,101.92,0.56,0.648,-35.4,0.273,0.215,0.779,energetic
T02524,reggae,110.22,0.729,0.404,-9.69,0.402,0.645,0.761,sad
T02525,country,172.62,0.355,0.016,-48.89,0.749,0.134,0.246,energetic
T02526,metal,99.03,0.613,0.592,-26.71,0.073,0.954,0.863,sad
T02527,disco,89.5,0.585,0.013,-16.67,0.66,0.593,0.589,happy
T02528,hiphop,194.04,0.548,0.001,-5.76,0.716,0.626,0.479,romantic
T02529,disco,61.24,0.64,0.616,-6.96,0.654,0.434,0.017,angry
T02530,jazz,199.69,0.259,0.189,-29.48,0.761,0.342,0.383,happy
T02531,classical,154.75,0.085,0.192,-21.41,0.178,0.213,0.641,energetic
T02532,pop,175.99,0.119,0.653,-36.35,0.587,0.604,0.09,sad
T02533,jazz,101.25,0.225,0.054,-31.91,0.941,0.955,0.46,happy
T02534,classical,62.0,0.5,0.313,-5.62,0.611,0.36,0.993,calm
T02535,reggae,163.3,0.84,0.149,-4.16,0.611,0.883,0.717,calm
T02536,disco,176.78,0.701,0.58,-6.28,0.736,0.149,0.547,calm
T02537,blues,163.67,0.789,0.662,-51.7,0.333,0.936,0.533,sad
T02538,hiphop,80.0,0.351,0.721,-8.99,0.7,0.35,0.044,energetic
T02539,metal,165.48,0.405,0.255,-3.1,0.916,0.38,0.957,sad
T02540,rock,167.65,0.394,0.089,-38.33,0.011,0.463,0.928,energetic
T02541,rock,152.2,0.192,0.079,-28.88,0.87,0.718,0.682,angry
T02542,blues,167.26,0.061,0.426,-13.25,0.219,0.72,0.099,sad
T02543,classical,178.43,0.591,0.946,-26.28,0.456,0.48,0.208,romantic
T02544,disco,145.9,0.989,0.218,-0.39,0.852,0.523,0.184,angry
T02545,rock,72.4,0.167,0.257,-32.66,0.824,0.03,0.52,sad
T02546,reggae,128.27,0.047,0.101,-17.16,0.892,0.304,0.208,angry
T02547,disco,70.87,0.78,0.606,-12.44,0.94,0.346,0.696,angry
T02548,pop,117.06,0.253,0.68,-30.35,0.447,0.559,0.545,sad
T02549,disco,116.99,0.83,0.643,-8.58,0.656,0.558,0.018,happy
T02550,jazz,69.24,0.704,0.861,-27.23,0.39,0.71,0.744,calm
T02551,hiphop,108.83,0.946,0.486,-35.3,0.351,0.717,0.189,angry
T02552,blues,75.54,0.409,0.134,-53.53,0.432,0.235,0.825,calm
T02553,disco,173.15,0.662,0.289,-36.4,0.743,0.77,0.355,sad
T02554,disco,192.68,0.465,0.662,-15.96,0.501,0.02,0.339,angry
T02555,classical,70.12,0.631,0.613,-4.72,0.814,0.716,0.012,calm
T02556,pop,193.72,0.45,0.531,-44.9,0.745,0.102,0.988,calm
T02557,disco,133.16,0.189,0.683,-38.69,0.02,0.73,0.612,energetic
T02558,rock,101.94,0.508,0.637,-50.76,0.63,0.527,0.423,happy
T02559,disco,70.76,0.529,0.881,-18.56,0.437,0.437,0.097,romantic
T02560,metal,130.09,0.811,0.586,-2.39,0.457,0.691,0.699,calm
T02561,disco,171.23,0.736,0.779,-21.54,0.818,0.036,0.283,romantic
T02562,reggae,158.99,0.664,0.249,-22.98,0.548,0.223,0.988,sad
T02563,jazz,67.03,0.113,0.678,-26.79,0.886,0.616,0.951,sad
T02564,hiphop,70.21,0.721,0.902,-54.69,0.713,0.847,0.735,energetic
T02565,metal,116.4,0.5,0.386,-16.23,0.553,0.381,0.971,calm
T02566,pop,101.34,0.894,0.779,-23.88,0.755,0.259,0.106,angry
T02567,reggae,92.53,0.92,0.725,-20.31,0.038,0.519,0.28,sad
T02568,jazz,99.34,0.055,0.06,-6.07,0.027,0.622,0.253,angry
T02569,hiphop,172.49,0.821,0.582,-12.96,0.083,0.42,0.072,sad
T02570,hiphop,190.09,0.038,0.13,-13.15,0.438,0.877,0.972,angry
T02571,jazz,116.71,0.367,0.967,-4.37,0.235,0.523,0.06,happy
T02572,reggae,186.86,0.542,0.811,-0.6,0.984,0.036,0.857,calm
T02573,pop,105.01,0.148,0.11,-25.12,0.542,0.223,0.768,happy
T02574,pop,126.7,0.746,0.122,-53.47,0.662,0.451,0.376,happy
T02575,classical,91.64,0.008,0.594,-32.45,0.279,0.698,0.019,calm
T02576,pop,149.67,0.169,0.345,-12.74,0.322,0.22,0.006,romantic
T02577,jazz,197.06,0.581,0.035,-58.34,0.335,0.976,0.204,angry
T02578,disco,144.49,0.714,0.542,-56.59,0.699,0.319,0.494,happy
T02579,jazz,110.09,0.917,0.388,-55.97,0.474,0.532,0.458,calm
T02580,jazz,150.69,0.705,0.101,-16.14,0.518,0.019,0.585,angry
T02581,metal,77.21,0.672,0.802,-29.93,0.592,0.885,0.772,calm
T02582,blues,184.41,0.394,0.915,-37.87,0.769,0.789,0.377,calm
T02583,rock,130.43,0.001,0.757,-53.66,0.09,0.195,0.16,romantic
T02584,disco,122.91,0.12,0.822,-16.07,0.777,0.933,0.8,happy
T02585,country,142.02,0.535,0.216,-40.74,0.563,0.316,0.333,calm
T02586,blues,147.47,0.675,0.264,-44.08,0.669,0.692,0.287,calm
T02587,hiphop,70.05,0.417,0.209,-20.86,0.328,0.819,0.764,sad
T02588,reggae,155.57,0.731,0.765,-26.46,0.409,0.741,0.934,happy
T02589,rock,93.87,0.522,0.948,-38.26,0.231,0.918,0.915,angry
T02590,rock,159.95,0.074,0.717,-21.51,0.979,0.864,0.137,happy
T02591,metal,175.15,0.192,0.881,-43.73,0.497,0.995,0.503,romantic
T02592,hiphop,172.55,0.84,0.639,-12.31,0.996,0.183,0.093,romantic
T02593,country,137.35,0.725,0.388,-46.24,0.49,0.305,0.961,calm
T02594,disco,132.82,0.895,0.426,-50.47,0.22,0.636,0.215,sad
T02595,jazz,80.0,0.118,0.075,-13.05,0.507,0.733,0.197,sad
T02596,disco,168.55,0.99,0.031,-17.53,0.04,0.535,0.889,energetic
T02597,metal,98.0,0.209,0.695,-49.04,0.905,0.074,0.968,energetic
T02598,rock,129.54,0.012,0.438,-53.03,0.819,0.842,0.698,sad
T02599,disco,99.8,0.997,0.552,-9.7,0.726,0.961,0.121,romantic
T02600,pop,78.74,0.281,0.558,-13.4,0.61,0.406,0.486,happy
T02601,reggae,148.14,0.668,0.277,-40.36,0.58,0.225,0.817,happy
T02602,jazz,67.61,0.177,0.476,-20.51,0.997,0.019,0.572,calm
T02603,hiphop,164.81,0.58,0.471,-52.55,0.278,0.237,0.133,romantic
T02604,pop,104.46,0.904,0.388,-29.58,0.78,0.7,0.172,energetic
T02605,pop,60.02,0.32,0.821,-58.88,0.581,0.912,0.864,sad
T02606,pop,131.56,0.67,0.451,-36.5,0.976,0.094,0.527,romantic
T02607,country,66.56,0.188,0.604,-55.51,0.828,0.553,0.706,calm
T02608,jazz,98.66,0.625,0.896,-31.49,0.999,0.696,0.373,angry
T02609,country,158.98,0.336,0.866,-34.7,0.588,0.276,0.532,romantic
T02610,country,68.78,0.211,0.89,-33.34,0.205,0.57,0.977,angry
T02611,reggae,177.51,0.313,0.27,-57.28,0.504,0.715,0.33,happy
T02612,pop,60.53,0.179,0.035,-38.3,0.711,0.838,0.675,calm
T02613,country,94.56,0.902,0.261,-14.61,0.774,0.452,0.173,calm
T02614,reggae,163.73,0.397,0.279,-37.87,0.001,0.748,0.122,sad
T02615,blues,104.28,0.245,0.909,-17.09,0.505,0.302,0.784,romantic
T02616,reggae,74.26,0.448,0.649,-37.83,0.235,0.213,0.844,calm
T02617,blues,110.43,0.321,0.082,-34.61,0.875,0.187,0.668,sad
T02618,classical,97.86,0.744,0.135,-26.17,0.153,0.359,0.158,energetic
T02619,blues,177.98,0.971,0.156,-2.96,0.666,0.036,0.241,romantic
T02620,blues,103.87,0.438,0.63,-53.47,0.266,0.283,0.911,calm
T02621,metal,170.45,0.861,0.735,-58.03,0.357,0.652,0.289,romantic
T02622,country,184.86,0.566,0.86,-23.52,0.941,0.648,0.819,romantic
T02623,disco,120.73,0.157,0.941,-3.05,0.24,0.074,0.286,happy
T02624,classical,187.39,0.691,0.202,-0.62,0.095,0.287,0.939,romantic
T02625,country,112.82,0.513,0.31,-30.95,0.069,0.57,0.914,happy
T02626,blues,194.97,0.651,0.24,-31.92,0.505,0.319,0.043,calm
T02627,disco,72.5,0.89,0.359,-21.3,0.642,0.418,0.77,romantic
T02628,reggae,156.18,0.44,0.915,-26.66,0.327,0.713,0.169,energetic
T02629,pop,129.13,0.901,0.575,-21.95,0.69,0.009,0.215,angry
T02630,jazz,114.27,0.751,0.738,-7.56,0.061,0.276,0.46,happy
T02631,blues,148.58,0.489,0.49,-15.22,0.857,0.142,0.576,energetic
T02632,rock,158.54,0.603,0.029,-30.19,0.817,0.128,0.326,calm
T02633,rock,60.61,0.326,0.064,-32.29,0.985,0.959,0.575,energetic
T02634,pop,83.37,0.984,0.538,-21.62,0.937,0.377,0.171,romantic
T02635,pop,159.83,0.667,0.719,-32.66,0.356,0.527,0.022,angry
T02636,blues,153.29,0.044,0.215,-32.53,0.399,0.734,0.571,angry
T02637,blues,195.25,0.327,0.722,-59.02,0.746,0.047,0.517,angry
T02638,reggae,166.55,0.623,0.811,-49.56,0.134,0.241,0.69,sad
T02639,reggae,193.11,0.056,0.412,-30.69,0.314,0.832,0.65,romantic
T02640,metal,158.36,0.024,0.746,-10.64,0.119,0.862,0.897,happy
T02641,blues,101.73,0.45,0.404,-43.28,0.455,0.373,0.459,angry
T02642,blues,74.75,0.333,0.678,-28.64,0.552,0.375,0.008,energetic
T02643,reggae,169.46,0.438,0.764,-39.3,0.211,0.757,0.631,romantic
T02644,hiphop,150.18,0.263,0.992,-53.71,0.027,0.295,0.675,happy
T02645,reggae,66.75,0.165,0.345,-2.5,0.719,0.117,0.521,angry
T02646,hiphop,110.41,0.689,0.411,-8.72,0.02,0.258,0.689,romantic
T02647,blues,193.95,0.515,0.166,-55.29,0.973,0.387,0.324,energetic
T02648,reggae,130.06,0.2,0.204,-16.81,0.222,0.052,0.149,happy
T02649,metal,120.58,0.32,0.693,-39.15,0.664,0.479,0.665,happy
T02650,country,124.08,0.592,0.917,-0.31,0.435,0.74,0.245,calm
T02651,classical,89.24,0.072,0.395,-41.86,0.06,0.514,0.456,energetic
T02652,classical,111.62,0.147,0.18,-45.68,0.472,0.072,0.492,calm
T02653,reggae,111.77,0.073,0.285,-25.93,0.517,0.44,0.477,angry
T02654,country,67.33,0.812,0.455,-9.89,0.855,0.709,0.598,happy
T02655,disco,167.46,0.752,0.291,-48.45,0.732,0.058,0.029,energetic
T02656,disco,118.31,0.753,0.234,-17.44,0.079,0.06,0.99,energetic
T02657,rock,175.11,0.716,0.736,-56.32,0.209,0.371,0.716,sad
T02658,reggae,179.05,0.669,0.008,-4.86,0.312,0.195,0.425,romantic
T02659,hiphop,89.68,0.477,0.539,-55.14,0.116,0.935,0.191,angry
T02660,jazz,152.03,0.642,0.794,-5.15,0.457,0.581,0.08,romantic
T02661,hiphop,126.12,0.038,0.266,-30.55,0.984,0.287,0.672,happy
T02662,metal,183.22,0.621,0.603,-33.11,0.515,0.705,0.317,angry
T02663,classical,90.2,0.778,0.669,-1.6,0.742,0.375,0.229,romantic
T02664,jazz,154.89,0.5,0.655,-0.58,0.683,0.132,0.38,sad
T02665,metal,145.09,0.358,0.446,-20.99,0.85,0.237,0.593,sad
T02666,pop,101.34,0.277,0.347,-52.37,0.216,0.643,0.672,energetic
T02667,rock,79.12,0.643,0.836,-29.63,0.754,0.052,0.645,sad
T02668,disco,151.23,0.693,0.758,-28.25,0.881,0.273,0.863,angry
T02669,disco,163.4,0.871,0.321,-29.13,0.172,0.208,0.219,happy
T02670,hiphop,104.19,0.342,0.103,-25.83,0.347,0.201,0.637,romantic
T02671,classical,150.28,0.77,0.072,-58.88,0.97,0.683,0.101,calm
T02672,blues,115.32,0.561,0.094,-17.33,0.781,0.826,0.548,romantic
T02673,classical,159.85,0.883,0.583,-17.26,0.283,0.716,0.584,angry
T02674,metal,87.89,0.528,0.052,-53.07,0.564,0.646,0.216,romantic
T02675,metal,184.63,0.518,0.337,-25.79,0.404,0.916,0.392,sad
T02676,metal,100.24,0.578,0.753,-25.9,0.49,0.058,0.827,romantic
T02677,reggae,111.49,0.749,0.294,-19.05,0.355,0.167,0.148,sad
T02678,pop,68.13,0.965,0.763,-54.88,0.279,0.414,0.435,energetic
T02679,blues,75.61,0.074,0.745,-22.41,0.675,0.372,0.933,energetic
T02680,blues,132.22,0.053,0.246,-43.15,0.779,0.418,0.504,energetic
T02681,country,97.46,0.938,0.729,-29.58,0.874,0.206,0.725,angry
T02682,classical,176.97,0.53,0.748,-13.6,0.155,0.15,0.827,romantic
T02683,pop,62.06,0.615,0.397,-17.66,0.823,0.509,0.204,calm
T02684,metal,113.07,0.482,0.21,-52.87,0.255,0.928,0.218,energetic
T02685,jazz,107.23,0.094,0.521,-24.53,0.427,0.392,0.759,happy
T02686,rock,62.71,0.768,0.921,-1.85,0.901,0.043,0.753,happy
T02687,classical,77.41,0.747,0.64,-50.59,0.455,0.706,0.06,energetic
T02688,reggae,117.91,0.312,0.173,-8.83,0.197,0.291,0.322,energetic
T02689,blues,129.0,0.306,0.683,-17.85,0.16,0.245,0.399,calm
T02690,disco,116.6,0.838,0.427,-13.56,0.473,0.324,0.829,calm
T02691,disco,134.33,0.072,0.592,-43.08,0.763,0.724,0.422,angry
T02692,rock,143.32,0.881,0.734,-42.73,0.997,0.819,0.926,angry
T02693,pop,61.39,0.257,0.515,-5.64,0.787,0.588,0.997,happy
T02694,hiphop,124.97,0.593,0.814,-38.41,0.877,0.322,0.781,calm
T02695,blues,194.89,0.936,0.722,-56.22,0.748,0.31,0.666,romantic
T02696,classical,132.66,0.678,0.615,-23.96,0.895,0.124,0.392,angry
T02697,hiphop,154.86,0.414,0.151,-52.51,0.076,0.933,0.067,romantic
T02698,reggae,103.66,0.69,0.836,-12.2,0.93,0.638,0.573,angry
T02699,rock,168.36,0.344,0.936,-21.5,0.396,0.027,0.362,energetic
T02700,blues,168.21,0.277,0.137,-7.52,0.922,0.662,0.351,calm
T02701,country,132.98,0.997,0.488,-12.91,0.076,0.447,0.688,angry
T02702,jazz,196.64,0.751,0.259,-53.27,0.715,0.973,0.464,energetic
T02703,blues,77.58,0.645,0.755,-37.14,0.736,0.819,0.752,romantic
T02704,disco,62.37,0.355,0.722,-13.53,0.997,0.171,0.398,romantic
T02705,rock,167.82,0.049,0.141,-34.96,0.769,0.72,0.151,happy
T02706,country,173.0,0.031,0.877,-1.66,0.383,0.486,0.461,sad
T02707,metal,76.83,0.554,0.181,-15.86,0.557,0.187,0.951,calm
T02708,classical,97.18,0.762,0.797,-59.07,0.367,0.699,0.802,happy
T02709,hiphop,62.46,0.537,0.457,-7.2,0.196,0.547,0.206,happy
T02710,country,101.06,0.841,0.328,-53.95,0.249,0.03,0.391,calm
T02711,rock,168.24,0.033,0.158,-51.57,0.222,0.647,0.928,sad
T02712,disco,132.51,0.367,0.168,-15.93,0.549,0.635,0.124,energetic
T02713,rock,108.73,0.237,0.662,-8.1,0.906,0.144,0.254,happy
T02714,metal,112.04,0.447,0.55,-27.82,0.913,0.349,0.262,happy
T02715,reggae,60.19,0.072,0.122,-42.66,0.055,0.586,0.571,sad
T02716,jazz,101.97,0.954,0.113,-38.92,0.08,0.139,0.411,energetic
T02717,metal,150.5,0.223,0.072,-39.43,0.245,0.853,0.08,happy
T02718,country,196.39,0.922,0.744,-40.4,0.255,0.027,0.629,romantic
T02719,classical,178.59,0.426,0.712,-45.43,0.095,0.103,0.099,sad
T02720,reggae,63.3,0.986,0.058,-23.47,0.388,0.116,0.606,calm
T02721,jazz,185.8,0.554,0.56,-5.98,0.588,0.528,0.507,sad
T02722,blues,169.65,0.931,0.085,-41.58,0.578,0.62,0.494,sad
T02723,classical,169.25,0.005,0.904,-48.8,0.543,0.404,0.067,angry
T02724,metal,124.12,0.748,0.907,-9.69,0.339,0.289,0.639,romantic
T02725,disco,115.72,0.903,0.698,-15.49,0.706,0.809,0.431,happy
T02726,classical,102.41,0.14,0.926,-4.15,0.826,0.068,0.411,energetic
T02727,jazz,69.2,0.096,0.811,-50.07,0.346,0.28,0.596,calm
T02728,rock,91.95,0.425,0.829,-51.34,0.086,0.039,0.606,romantic
T02729,rock,94.52,0.934,0.57,-27.51,0.296,0.014,0.015,angry
T02730,rock,127.77,0.542,0.306,-23.13,0.137,0.353,0.125,sad
T02731,metal,164.64,0.527,0.218,-31.19,0.467,0.195,0.237,calm
T02732,jazz,126.33,0.141,0.327,-24.06,0.156,0.268,0.678,energetic
T02733,blues,68.1,0.001,0.628,-49.18,0.463,0.821,0.577,calm
T02734,hiphop,194.09,0.81,0.173,-31.22,0.221,0.163,0.758,calm
T02735,pop,191.98,0.088,0.259,-20.51,0.739,0.78,0.741,romantic
T02736,pop,169.93,0.634,0.468,-34.04,0.028,0.675,0.853,romantic
T02737,disco,198.79,0.915,0.233,-19.23,0.555,0.326,0.377,happy
T02738,jazz,136.23,0.209,0.589,-32.93,0.169,0.547,0.345,energetic
T02739,reggae,194.79,0.665,0.923,-39.98,0.001,0.444,0.831,sad
T02740,metal,70.58,0.079,0.748,-41.78,0.869,0.128,0.238,happy
T02741,metal,111.2,0.604,0.666,-35.35,0.672,0.907,0.461,happy
T02742,country,91.55,0.164,0.583,-58.61,0.099,0.57,0.194,sad
T02743,rock,87.42,0.736,0.488,-19.89,0.664,0.88,0.914,angry
T02744,metal,79.71,0.301,0.187,-9.29,0.612,0.824,0.408,romantic
T02745,classical,147.14,0.463,0.895,-38.72,0.473,0.08,0.212,energetic
T02746,rock,169.39,0.599,0.249,-57.24,0.419,0.207,0.692,calm
T02747,hiphop,140.96,0.171,0.091,-0.79,0.887,0.145,0.245,angry
T02748,disco,80.57,0.742,0.75,-44.18,0.245,0.831,0.944,energetic
T02749,classical,173.56,0.303,0.176,-52.4,0.398,0.862,0.368,romantic
T02750,classical,149.03,0.662,0.372,-37.81,0.329,0.528,0.665,romantic
T02751,hiphop,114.34,0.158,0.028,-15.69,0.771,0.104,0.345,energetic
T02752,country,154.38,0.688,0.137,-42.37,0.916,0.136,0.807,calm
T02753,metal,96.39,0.128,0.173,-25.52,0.85,0.814,0.897,angry
T02754,country,108.33,0.425,0.054,-35.07,0.798,0.929,0.788,romantic
T02755,metal,188.45,0.247,0.657,-52.93,0.987,0.199,0.848,romantic
T02756,jazz,100.67,0.748,0.837,-40.18,0.697,0.011,0.102,angry
T02757,jazz,125.8,0.262,0.373,-16.51,0.751,0.331,0.924,angry
T02758,classical,184.62,0.882,0.875,-23.28,0.983,0.03,0.624,calm
T02759,classical,159.08,0.892,0.213,-52.81,0.007,0.828,0.869,calm
T02760,blues,68.71,0.196,0.325,-50.2,0.634,0.492,0.684,energetic
T02761,hiphop,80.62,0.614,0.151,-21.56,0.739,0.642,0.202,angry
T02762,pop,61.1,0.088,0.621,-11.2,0.918,0.411,0.61,sad
T02763,jazz,148.33,0.392,0.42,-39.03,0.884,0.346,0.091,energetic
T02764,hiphop,122.67,0.713,0.613,-24.28,0.842,0.222,0.696,sad
T02765,classical,78.8,0.659,0.762,-49.76,0.946,0.771,0.409,energetic
T02766,country,194.11,0.625,0.546,-41.32,0.537,0.696,0.152,sad
T02767,classical,134.15,0.283,0.628,-58.78,0.007,0.361,0.979,calm
T02768,country,93.87,0.378,0.935,-13.9,0.011,0.321,0.901,energetic
T02769,metal,130.08,0.103,0.299,-35.94,0.545,0.001,0.894,energetic
T02770,pop,155.15,0.719,0.359,-11.03,0.435,0.064,0.789,happy
T02771,reggae,70.67,0.504,0.718,-17.5,0.451,0.623,0.692,sad
T02772,reggae,98.46,0.709,0.611,-10.28,0.4,0.515,0.655,energetic
T02773,reggae,172.98,0.249,0.179,-42.86,0.918,0.435,0.106,energetic
T02774,metal,124.35,0.324,0.376,-48.89,0.359,0.828,0.901,calm
T02775,classical,136.52,0.334,0.468,-1.69,0.856,0.504,0.881,sad
T02776,blues,120.59,0.026,0.419,-16.96,0.903,0.384,0.748,angry
T02777,classical,66.15,0.341,0.178,-9.96,0.5,0.161,0.927,sad
T02778,jazz,83.2,0.803,0.924,-59.21,0.447,0.821,0.553,romantic
T02779,reggae,122.38,0.897,0.762,-38.73,0.761,0.576,0.448,angry
T02780,classical,89.29,0.518,0.481,-15.43,0.708,0.092,0.968,energetic
T02781,rock,67.0,0.456,0.68,-55.32,0.329,0.649,0.464,sad
T02782,rock,178.11,0.031,0.897,-25.96,0.103,0.425,0.641,sad
T02783,jazz,197.37,0.879,0.136,-34.26,0.265,0.811,0.373,romantic
T02784,metal,171.04,0.013,0.25,-58.94,0.131,0.919,0.636,romantic
T02785,blues,179.53,0.945,0.543,-45.84,0.295,0.6,0.72,romantic
T02786,hiphop,93.88,0.489,0.799,-42.91,0.262,0.732,0.625,sad
T02787,metal,194.49,0.342,0.036,-53.29,0.638,0.057,0.515,sad
T02788,metal,87.57,0.924,0.984,-22.11,0.954,0.56,0.3,sad
T02789,classical,193.2,0.024,0.455,-45.46,0.686,0.755,0.644,happy
T02790,reggae,199.27,0.581,0.359,-43.34,0.927,0.497,0.908,happy
T02791,disco,159.64,0.549,0.293,-6.11,0.784,0.594,0.007,energetic
T02792,rock,197.36,0.219,0.174,-31.97,0.728,0.899,0.134,angry
T02793,reggae,139.74,0.429,0.792,-36.47,0.414,0.198,0.12,sad
T02794,country,96.34,0.652,0.955,-16.57,0.325,0.098,0.923,calm
T02795,metal,121.18,0.727,0.414,-5.42,0.846,0.691,0.663,energetic
T02796,country,143.1,0.001,0.952,-58.5,0.905,0.823,0.952,energetic
T02797,country,70.23,0.937,0.824,-33.11,0.452,0.85,0.583,sad
T02798,hiphop,147.13,0.165,0.481,-23.35,0.009,0.642,0.462,sad
T02799,hiphop,197.36,0.234,0.674,-40.89,0.793,0.833,0.792,angry
T02800,hiphop,86.62,0.263,0.435,-13.66,0.285,0.701,0.161,romantic
T02801,pop,170.96,0.038,0.559,-1.71,0.01,0.087,0.381,happy
T02802,country,187.11,0.123,0.058,-3.39,0.805,0.762,0.466,romantic
T02803,classical,192.12,0.986,0.696,-44.04,0.517,0.179,0.298,energetic
T02804,country,194.42,0.315,0.053,-46.42,0.685,0.237,0.371,energetic
T02805,metal,133.0,0.115,0.817,-2.55,0.915,0.395,0.078,sad
T02806,hiphop,196.82,0.107,0.825,-32.48,0.541,0.315,0.198,energetic
T02807,metal,166.02,0.719,0.237,-47.5,0.503,0.322,0.335,calm
T02808,hiphop,82.63,0.855,0.324,-17.58,0.291,0.169,0.796,angry
T02809,pop,126.77,0.257,0.481,-42.93,0.305,0.294,0.182,sad
T02810,classical,160.57,0.021,0.597,-43.97,0.797,0.02,0.347,angry
T02811,jazz,94.63,0.223,0.287,-7.25,0.449,0.473,0.065,energetic
T02812,hiphop,149.69,0.057,0.592,-50.25,0.164,0.769,0.557,happy
T02813,disco,153.32,0.103,0.298,-56.14,0.095,0.862,0.611,happy
T02814,pop,82.78,0.432,0.055,-43.85,0.473,0.82,0.866,calm
T02815,rock,139.11,0.23,0.003,-23.58,0.465,0.416,0.819,calm
T02816,rock,168.03,0.516,0.101,-52.61,0.653,0.73,0.285,sad
T02817,disco,129.85,0.253,0.792,-31.7,0.471,0.288,0.137,calm
T02818,pop,61.69,0.941,0.961,-22.36,0.143,0.056,0.156,energetic
T02819,classical,61.27,0.906,0.427,-9.08,0.508,0.676,0.969,sad
T02820,country,109.98,0.567,0.513,-46.21,0.907,0.649,0.673,happy
T02821,hiphop,189.67,0.354,0.147,-10.96,0.159,0.802,0.043,romantic
T02822,blues,92.01,0.381,0.551,-45.91,0.69,0.616,0.137,angry
T02823,metal,148.81,0.412,0.145,-19.39,0.594,0.157,0.486,angry
T02824,jazz,91.09,0.728,0.611,-34.16,0.749,0.853,0.208,energetic
T02825,rock,105.03,0.452,0.933,-53.12,0.151,0.627,0.804,romantic
T02826,metal,178.73,0.857,0.196,-17.14,0.942,0.808,0.573,romantic
T02827,jazz,162.04,0.944,0.765,-46.93,0.621,0.774,0.613,energetic
T02828,pop,73.36,0.336,0.024,-49.4,0.847,0.298,0.463,calm
T02829,jazz,120.02,0.561,0.375,-38.5,0.247,0.075,0.256,energetic
T02830,metal,64.08,0.095,0.111,-20.8,0.739,0.177,0.589,angry
T02831,rock,127.32,0.2,0.352,-45.96,0.781,0.093,0.717,romantic
T02832,country,152.74,0.413,0.174,-48.98,0.397,0.243,0.371,sad
T02833,hiphop,76.59,0.206,0.373,-59.4,0.384,0.46,0.505,angry
T02834,jazz,100.44,0.877,0.418,-31.7,0.658,0.907,0.84,romantic
T02835,rock,115.7,0.158,0.301,-34.28,0.093,0.872,0.149,calm
T02836,disco,188.73,0.456,0.657,-45.97,0.736,0.719,0.545,energetic
T02837,pop,199.06,0.606,0.919,-56.78,0.043,0.024,0.348,romantic
T02838,jazz,66.29,0.692,0.401,-34.24,0.191,0.341,0.703,happy
T02839,country,166.54,0.383,0.192,-12.71,0.664,0.682,0.019,romantic
T02840,metal,112.04,0.869,0.271,-17.08,0.098,0.129,0.67,calm
T02841,jazz,114.94,0.568,0.854,-8.35,0.972,0.801,0.103,happy
T02842,hiphop,165.6,0.44,0.572,-59.43,0.868,0.915,0.065,sad
T02843,pop,188.58,0.067,0.455,-2.01,0.626,0.354,0.725,romantic
T02844,rock,193.13,0.465,0.15,-39.52,0.819,0.706,0.64,angry
T02845,disco,140.8,0.821,0.45,-0.58,0.888,0.148,0.895,happy
T02846,jazz,110.0,0.615,0.278,-44.84,0.259,0.691,0.52,energetic
T02847,metal,170.26,0.832,0.943,-31.71,0.849,0.021,0.53,happy
T02848,hiphop,95.14,0.494,0.884,-38.76,0.195,0.151,0.707,calm
T02849,metal,138.97,0.118,0.084,-38.65,0.413,0.71,0.323,angry
T02850,jazz,110.2,0.014,0.517,-9.46,0.558,0.712,0.037,sad
T02851,classical,151.93,0.303,0.225,-15.21,0.714,0.641,0.23,calm
T02852,rock,93.66,0.698,0.411,-0.47,0.03,0.477,0.238,energetic
T02853,disco,86.82,0.79,0.877,-23.19,0.291,0.675,0.336,happy
T02854,rock,188.55,0.296,0.528,-32.2,0.609,0.774,0.943,energetic
T02855,reggae,74.25,0.496,0.334,-54.6,0.357,0.966,0.805,happy
T02856,country,130.83,0.421,0.208,-0.21,0.775,0.889,0.936,angry
T02857,reggae,90.92,0.411,0.8,-26.91,0.652,0.795,0.999,romantic
T02858,blues,65.45,0.231,0.625,-17.97,0.234,0.695,0.434,sad
T02859,pop,65.04,0.136,0.468,-35.6,0.146,0.574,0.227,angry
T02860,disco,84.53,0.197,0.217,-27.14,0.629,0.121,0.56,angry
T02861,pop,181.35,0.055,0.334,-3.45,0.45,0.166,0.881,sad
T02862,hiphop,99.55,0.198,0.96,-50.01,0.169,0.82,0.466,energetic
T02863,classical,193.06,0.009,0.52,-42.46,0.326,0.803,0.505,sad
T02864,metal,141.43,0.627,0.401,-50.88,0.303,0.614,0.134,happy
T02865,pop,121.13,0.316,0.521,-12.47,0.108,0.439,0.42,happy
T02866,country,141.21,0.973,0.779,-56.28,0.547,0.026,0.387,angry
T02867,hiphop,132.34,0.194,0.34,-55.1,0.764,0.327,0.352,calm
T02868,disco,166.23,0.346,0.179,-42.09,0.575,0.421,0.887,romantic
T02869,hiphop,99.55,0.358,0.585,-29.15,0.826,0.486,0.059,romantic
T02870,country,109.43,0.008,0.665,-35.62,0.128,0.929,0.972,happy
T02871,metal,185.17,0.839,0.713,-57.31,0.436,0.109,0.008,angry
T02872,metal,192.5,0.032,0.882,-2.55,0.609,0.519,0.946,calm
T02873,classical,184.96,0.94,0.371,-2.83,0.676,0.368,0.548,sad
T02874,pop,118.72,0.892,0.075,-43.24,0.696,0.99,0.702,calm
T02875,rock,169.25,0.536,0.958,-16.11,0.729,0.862,0.187,energetic
T02876,pop,126.69,0.544,0.435,-25.29,0.651,0.439,0.654,angry
T02877,rock,129.66,0.654,0.623,-45.75,0.094,1.0,0.882,angry
T02878,metal,88.66,0.387,0.666,-44.27,0.695,0.514,0.139,angry
T02879,reggae,142.76,0.647,0.547,-30.53,0.725,0.167,0.127,happy
T02880,reggae,86.06,0.045,0.205,-34.85,0.993,0.556,0.304,romantic
T02881,metal,106.42,0.054,0.755,-42.53,0.693,0.226,0.162,energetic
T02882,reggae,179.7,0.457,0.804,-11.55,0.687,0.636,0.111,calm
T02883,blues,88.99,0.55,0.553,-31.11,0.515,0.937,0.678,sad
T02884,jazz,69.96,0.888,0.489,-20.71,0.868,0.786,0.214,romantic
T02885,reggae,69.66,0.105,0.114,-48.64,0.997,0.273,0.667,calm
T02886,rock,191.71,0.823,0.084,-27.99,0.779,0.297,0.862,energetic
T02887,classical,130.97,0.21,0.34,-40.92,0.613,0.069,0.652,calm
T02888,classical,117.32,0.394,0.311,-28.42,0.079,0.286,0.119,energetic
T02889,disco,173.52,0.317,0.954,-13.15,0.727,0.093,0.574,happy
T02890,jazz,177.02,0.4,0.784,-13.87,0.709,0.499,0.394,energetic
T02891,country,106.51,0.15,0.66,-38.75,0.776,0.708,0.343,energetic
T02892,rock,157.11,0.504,0.518,-18.34,0.125,0.751,0.319,energetic
T02893,blues,167.96,0.802,0.167,-3.52,0.654,0.06,0.929,energetic
T02894,rock,151.65,0.442,0.978,-22.46,0.296,0.34,0.743,calm
T02895,metal,81.22,0.491,0.375,-51.1,0.76,0.288,0.134,angry
T02896,jazz,182.62,0.849,0.107,-19.22,0.24,0.104,0.476,happy
T02897,metal,135.47,0.706,0.494,-53.71,0.684,0.362,0.318,sad
T02898,classical,99.55,0.49,0.874,-7.67,0.295,0.299,0.978,romantic
T02899,blues,119.53,0.258,0.887,-29.0,0.009,0.634,0.978,calm
T02900,classical,65.26,0.885,0.011,-36.89,0.633,0.883,0.32,romantic
T02901,hiphop,77.9,0.577,0.886,-56.58,0.113,0.455,0.352,calm
T02902,disco,167.18,0.221,0.271,-37.15,0.659,0.747,0.599,calm
T02903,reggae,60.0,0.269,0.039,-5.81,0.926,0.146,0.479,energetic
T02904,reggae,118.32,0.803,0.848,-58.74,0.969,0.895,0.213,sad
T02905,reggae,133.15,0.044,0.864,-31.52,0.236,0.153,0.66,romantic
T02906,rock,67.65,0.992,0.596,-4.13,0.809,0.192,0.334,calm
T02907,rock,196.23,0.13,0.574,-36.31,0.354,0.106,0.654,romantic
T02908,disco,91.66,0.796,0.813,-34.31,0.9,0.31,0.384,calm
T02909,pop,102.59,0.395,0.786,-25.29,0.787,0.552,0.7,sad
T02910,jazz,102.55,0.492,0.89,-32.22,0.074,0.988,0.668,angry
T02911,metal,92.26,0.881,0.553,-49.88,0.407,0.793,0.509,angry
T02912,pop,60.21,0.413,0.968,-58.89,0.337,0.38,0.705,happy
T02913,rock,162.11,0.537,0.996,-23.41,0.785,0.576,0.461,sad
T02914,reggae,195.36,0.049,0.117,-4.75,0.41,0.623,0.116,sad
T02915,country,91.4,0.002,0.85,-53.62,0.685,0.823,0.182,energetic
T02916,jazz,152.83,0.245,0.5,-47.34,0.602,0.736,0.246,calm
T02917,blues,163.87,0.681,0.388,-37.79,0.976,0.569,0.063,angry
T02918,pop,178.78,0.121,0.613,-11.48,0.938,0.669,0.711,energetic
T02919,classical,119.17,0.114,0.056,-43.84,0.428,0.746,0.367,happy
T02920,hiphop,102.41,0.411,0.506,-7.08,0.724,0.133,0.094,angry
T02921,metal,105.54,0.648,0.871,-56.7,0.829,0.2,0.82,calm
T02922,classical,159.77,0.712,0.213,-3.54,0.899,0.689,0.684,happy
T02923,classical,174.35,0.178,0.426,-26.36,0.068,0.85,0.452,happy
T02924,country,85.43,0.08,0.939,-20.47,0.302,0.409,0.247,calm
T02925,jazz,111.93,0.94,0.429,-37.94,0.32,0.98,0.152,romantic
T02926,hiphop,186.27,0.261,0.358,-13.08,0.434,0.216,0.458,energetic
T02927,jazz,172.94,0.853,0.441,-50.01,0.169,0.417,0.885,calm
T02928,pop,197.88,0.863,0.519,-57.07,0.496,0.379,0.188,sad
T02929,disco,165.59,0.773,0.632,-36.27,0.663,0.93,0.569,angry
T02930,reggae,115.05,0.169,0.801,-8.78,0.497,0.285,0.962,calm
T02931,pop,142.69,0.822,0.452,-14.7,0.666,0.471,0.637,romantic
T02932,jazz,152.54,0.769,0.817,-28.97,0.066,0.187,0.44,angry
T02933,pop,70.98,0.597,0.534,-25.67,0.876,0.521,0.716,sad
T02934,classical,136.23,0.337,0.338,-52.21,0.939,0.857,0.825,sad
T02935,pop,159.3,0.263,0.658,-9.56,0.618,0.304,0.591,sad
T02936,pop,83.42,0.122,0.718,-12.78,0.881,0.811,0.872,calm
T02937,jazz,169.29,0.51,0.558,-20.61,0.131,0.911,0.515,energetic
T02938,classical,141.73,0.585,0.057,-32.03,0.797,0.073,0.83,angry
T02939,hiphop,193.31,0.359,0.17,-2.13,0.119,0.756,0.952,calm
T02940,blues,65.94,0.475,0.285,-7.26,0.408,0.255,0.501,happy
T02941,classical,97.15,0.364,0.283,-21.33,0.324,0.175,0.605,energetic
T02942,blues,144.22,0.641,0.673,-37.69,0.586,0.601,0.609,angry
T02943,jazz,101.52,0.901,0.018,-22.92,0.302,0.706,0.781,energetic
T02944,classical,160.02,0.164,0.756,-25.47,0.637,0.395,0.823,calm
T02945,country,166.26,0.381,0.265,-36.35,0.367,0.039,0.027,angry
T02946,disco,74.35,0.141,0.31,-41.6,0.861,0.909,0.733,romantic
T02947,reggae,131.94,0.625,0.528,-35.58,0.634,0.731,0.784,calm
T02948,country,131.24,0.729,0.216,-25.57,0.215,0.272,0.7,sad
T02949,reggae,111.7,0.932,0.884,-34.31,0.336,0.497,0.714,happy
T02950,country,190.61,0.279,0.085,-44.19,0.847,0.028,0.041,happy
T02951,jazz,175.85,0.95,0.444,-14.34,0.386,0.339,0.442,sad
T02952,reggae,157.61,0.063,0.849,-28.11,0.536,0.523,0.818,energetic
T02953,metal,160.01,0.603,0.616,-55.94,0.649,0.517,0.934,energetic
T02954,pop,124.64,0.057,0.292,-37.9,0.348,0.208,0.229,romantic
T02955,disco,188.94,0.894,0.421,-6.91,0.294,0.777,0.579,romantic
T02956,metal,157.24,0.53,0.707,-14.69,0.475,0.299,0.804,calm
T02957,country,162.06,0.669,0.973,-40.61,0.215,0.58,0.752,happy
T02958,country,180.64,0.832,0.893,-3.71,0.284,0.272,0.619,romantic
T02959,metal,98.37,0.15,0.342,-55.4,0.062,0.425,0.019,romantic
T02960,metal,172.99,0.039,0.998,-2.33,0.304,0.208,0.724,energetic
T02961,blues,87.33,0.879,0.004,-45.26,0.321,0.633,0.773,calm
T02962,rock,108.35,0.315,0.028,-59.45,0.962,0.426,0.723,sad
T02963,disco,106.99,0.129,0.824,-33.97,0.59,0.016,0.766,calm
T02964,pop,196.99,0.468,0.199,-38.46,0.787,0.028,0.431,romantic
T02965,rock,179.92,0.598,0.061,-27.65,0.045,0.471,0.994,romantic
T02966,metal,158.16,0.031,0.237,-12.19,0.107,0.183,0.771,sad
T02967,metal,161.79,0.275,0.426,-9.45,0.815,0.585,0.579,happy
T02968,blues,138.69,0.033,0.731,-35.93,0.624,0.408,0.934,happy
T02969,disco,192.59,0.42,0.624,-34.21,0.191,0.654,0.908,energetic
T02970,disco,129.48,0.895,0.238,-51.11,0.405,0.952,0.815,calm
T02971,hiphop,113.27,0.983,0.503,-57.15,0.539,0.529,0.564,happy
T02972,classical,82.82,0.637,0.926,-21.53,0.844,0.787,0.527,angry
T02973,rock,170.07,0.162,0.815,-56.13,0.06,0.753,0.329,romantic
T02974,classical,162.82,0.906,0.323,-15.97,0.597,0.922,0.251,energetic
T02975,reggae,113.81,0.516,0.982,-27.65,0.717,0.214,0.512,angry
T02976,country,63.53,0.154,0.709,-48.09,0.978,0.827,0.578,calm
T02977,jazz,177.46,0.922,0.062,-27.63,0.807,0.906,0.245,angry
T02978,jazz,61.6,0.757,0.035,-49.02,0.276,0.393,0.923,calm
T02979,disco,158.52,0.732,0.168,-33.68,0.71,0.314,0.557,energetic
T02980,pop,195.84,0.709,0.728,-12.03,0.763,0.952,0.527,romantic
T02981,classical,121.27,0.2,0.184,-32.28,0.73,0.628,0.436,romantic
T02982,hiphop,92.9,0.211,0.511,-51.08,0.82,0.381,0.058,calm
T02983,pop,158.68,0.688,0.093,-16.57,0.904,0.792,0.882,romantic
T02984,reggae,174.4,0.22,0.921,-48.79,0.098,0.304,0.317,happy
T02985,jazz,136.5,0.439,0.344,-15.69,0.105,0.176,0.642,energetic
T02986,rock,195.38,0.782,0.908,-31.24,0.796,0.544,0.607,angry
T02987,metal,67.23,0.784,0.945,-32.78,0.252,0.566,0.584,romantic
T02988,rock,130.67,0.453,0.006,-8.91,0.059,0.826,0.526,angry
T02989,metal,160.58,0.792,0.464,-17.48,0.401,0.457,0.181,happy
T02990,rock,180.77,0.839,0.025,-58.03,0.82,0.815,0.281,energetic
T02991,classical,85.1,0.655,0.909,-42.23,0.127,0.311,0.524,sad
T02992,jazz,172.0,0.228,0.518,-7.74,0.672,0.575,0.789,angry
T02993,jazz,137.38,0.274,0.075,-58.9,0.004,0.208,0.432,happy
T02994,pop,115.52,0.315,0.11,-27.28,0.11,0.385,0.204,sad
T02995,rock,78.44,0.117,0.384,-16.33,0.351,0.858,0.088,energetic
T02996,country,181.14,0.273,0.94,-22.69,0.084,0.216,0.663,calm
T02997,hiphop,82.02,0.21,0.693,-14.37,0.846,0.81,0.423,romantic
T02998,rock,103.37,0.455,0.868,-16.46,0.864,0.283,0.125,sad
T02999,rock,100.61,0.908,0.366,-18.48,0.756,0.034,0.674,energetic
T03000,classical,182.0,0.104,0.043,-10.71,0.242,0.11,0.208,sad
T03001,country,154.18,0.72,0.974,-21.26,0.523,0.746,0.509,happy
T03002,jazz,171.54,0.687,0.017,-35.85,0.184,0.262,0.306,energetic
T03003,classical,95.07,0.096,0.948,-31.69,0.281,0.654,0.932,energetic
T03004,disco,147.48,0.923,0.369,-17.0,0.516,0.699,0.228,calm
T03005,hiphop,140.04,0.568,0.01,-7.42,0.735,0.345,0.42,romantic
T03006,classical,176.6,0.364,0.689,-43.67,0.095,0.475,0.959,energetic
T03007,country,186.85,0.757,0.981,-39.48,0.297,0.404,0.319,happy
T03008,jazz,61.7,0.257,0.966,-4.16,0.927,0.947,0.645,energetic
T03009,country,154.36,0.694,0.161,-25.29,0.429,0.32,0.317,energetic
T03010,reggae,67.26,0.04,0.181,-49.26,0.939,0.183,0.111,angry
T03011,metal,136.84,0.839,0.566,-20.18,0.991,0.366,0.628,romantic
T03012,metal,100.27,0.448,0.637,-0.55,0.527,0.67,0.916,happy
T03013,rock,102.95,0.637,0.739,-10.59,0.288,0.697,0.453,angry
T03014,country,109.41,0.221,0.181,-15.26,0.791,0.924,0.626,sad
T03015,rock,146.98,0.677,0.959,-47.52,0.159,0.882,0.609,romantic
T03016,metal,106.77,0.772,0.639,-7.43,0.252,0.288,0.415,sad
T03017,metal,162.58,0.473,0.847,-28.45,0.785,0.455,0.615,happy
T03018,country,116.63,0.618,0.54,-6.64,0.434,0.747,0.259,angry
T03019,pop,69.57,0.456,0.414,-40.21,0.202,0.917,0.378,sad
T03020,reggae,169.73,0.894,0.977,-56.28,0.651,0.337,0.442,angry
T03021,country,100.01,0.498,0.582,-31.44,0.733,0.444,0.864,energetic
T03022,reggae,120.59,0.842,0.867,-43.81,0.125,0.899,0.348,energetic
T03023,country,155.96,0.801,0.953,-17.09,0.277,0.358,0.635,romantic
T03024,pop,106.54,0.411,0.675,-2.57,0.221,0.481,0.213,energetic
T03025,hiphop,67.92,0.23,0.549,-18.54,0.38,0.905,0.253,energetic
T03026,country,112.35,0.406,0.004,-6.78,0.763,0.802,0.648,romantic
T03027,country,192.22,0.826,0.04,-32.82,0.714,0.243,0.762,romantic
T03028,jazz,149.84,0.228,0.201,-13.7,0.663,0.325,0.462,romantic
T03029,pop,154.01,0.524,0.186,-9.42,0.006,0.353,0.335,energetic
T03030,rock,148.52,0.806,0.255,-17.35,0.142,0.913,0.91,happy
T03031,blues,87.86,0.353,0.305,-29.53,0.223,0.999,0.136,angry
T03032,jazz,118.57,0.642,0.36,-22.45,0.272,0.774,0.721,angry
T03033,blues,165.13,0.246,0.421,-17.97,0.146,0.484,0.69,energetic
T03034,pop,74.19,0.109,0.099,-44.81,0.41,0.01,0.69,sad
T03035,country,98.9,0.794,0.042,-11.43,0.075,0.697,0.935,happy
T03036,disco,98.68,0.099,0.674,-2.98,0.75,0.389,0.728,sad
T03037,metal,120.48,0.271,0.537,-32.09,0.788,0.633,0.302,angry
T03038,reggae,197.25,0.855,0.444,-17.94,0.574,0.607,0.353,energetic
T03039,reggae,69.45,0.346,0.634,-15.78,0.09,0.481,0.391,energetic
T03040,pop,132.62,0.973,0.828,-20.27,0.89,0.944,0.031,calm
T03041,metal,85.11,0.98,0.428,-27.17,0.966,0.023,0.914,calm
T03042,pop,195.89,0.268,0.641,-7.1,0.202,0.712,0.074,energetic
T03043,metal,75.86,0.041,0.954,-33.06,0.705,0.41,0.7,sad
T03044,pop,116.5,0.705,0.84,-56.33,0.842,0.714,0.73,happy
T03045,pop,163.3,0.451,0.426,-9.33,0.54,0.675,0.844,sad
T03046,country,158.64,0.101,0.645,-19.56,0.323,0.01,0.553,sad
T03047,classical,119.18,0.708,0.177,-9.04,0.479,0.285,0.725,angry
T03048,rock,108.51,0.031,0.561,-51.69,0.512,0.189,0.303,sad
T03049,blues,115.67,0.87,0.981,-58.15,0.401,0.167,0.746,sad
T03050,disco,97.0,0.139,0.518,-3.94,0.93,0.728,0.343,angry
T03051,hiphop,88.75,0.127,0.928,-51.14,0.744,0.24,0.903,angry
T03052,blues,127.63,0.176,0.407,-11.42,0.241,0.475,0.163,romantic
T03053,hiphop,97.59,0.96,0.999,-10.61,0.586,0.247,0.316,angry
T03054,disco,100.24,0.693,0.579,-17.48,0.689,0.58,0.499,angry
T03055,reggae,151.95,0.801,0.042,-52.12,0.14,0.721,0.776,romantic
T03056,hiphop,195.6,0.398,0.587,-19.96,0.358,0.331,0.749,angry
T03057,country,144.51,0.336,0.275,-6.65,0.906,0.603,0.211,romantic
T03058,pop,70.78,0.234,0.032,-34.47,0.567,0.825,0.144,happy
T03059,rock,70.58,0.481,0.821,-35.19,0.217,0.094,0.304,calm
T03060,pop,193.2,0.552,0.276,-33.43,0.123,0.711,0.484,calm
T03061,reggae,101.62,0.632,0.797,-55.06,0.518,0.323,0.539,happy
T03062,reggae,72.89,0.257,0.288,-6.48,0.548,0.123,0.429,happy
T03063,classical,143.87,0.949,0.194,-7.85,0.334,0.546,0.663,sad
T03064,rock,147.31,0.17,0.974,-0.13,0.63,0.226,0.428,happy
T03065,classical,150.79,0.966,0.362,-24.89,0.069,0.821,0.946,calm
T03066,hiphop,97.44,0.015,0.601,-14.93,0.145,0.043,0.261,energetic
T03067,reggae,62.12,0.481,0.61,-47.84,0.546,0.099,0.627,energetic
T03068,jazz,195.1,0.333,0.56,-19.95,0.062,0.521,0.611,romantic
T03069,reggae,95.13,0.449,0.915,-21.02,0.881,0.589,0.282,energetic
T03070,blues,154.64,0.571,0.674,-5.93,0.142,0.73,0.412,sad
T03071,pop,158.93,0.436,0.404,-10.15,0.674,0.259,0.365,calm
T03072,reggae,145.4,0.415,0.862,-3.69,0.391,0.842,0.172,angry
T03073,disco,103.81,0.733,0.181,-7.87,0.4,0.953,0.477,angry
T03074,metal,97.95,0.686,0.544,-7.88,0.765,0.499,0.387,energetic
T03075,classical,143.67,0.833,0.951,-56.18,0.499,0.761,0.178,sad
T03076,disco,181.25,0.25,0.625,-9.24,0.726,0.525,0.45,romantic
T03077,hiphop,192.54,0.61,0.817,-23.55,0.505,0.069,0.422,energetic
T03078,blues,74.83,0.585,0.654,-37.17,0.593,0.326,0.131,happy
T03079,pop,81.68,0.37,0.839,-56.61,0.761,0.087,0.131,romantic
T03080,hiphop,192.26,0.486,0.944,-19.34,0.607,0.989,0.648,happy
T03081,jazz,163.11,0.314,0.273,-40.31,0.616,0.229,0.707,sad
T03082,classical,183.62,0.142,0.17,-31.93,0.789,0.636,0.941,sad
T03083,pop,88.37,0.214,0.484,-19.1,0.949,0.284,0.087,romantic
T03084,classical,142.26,0.106,0.702,-5.29,0.377,0.653,0.118,sad
T03085,disco,158.16,0.683,0.227,-10.47,0.577,0.21,0.052,romantic
T03086,disco,155.22,0.661,0.004,-32.96,0.086,0.785,0.532,sad
T03087,rock,117.14,0.951,0.343,-36.73,0.359,0.111,0.623,energetic
T03088,jazz,62.16,0.73,0.969,-45.61,0.412,0.895,0.404,sad
T03089,rock,141.61,0.052,0.695,-37.65,0.835,0.84,0.798,sad
T03090,metal,95.43,0.884,0.401,-53.34,0.513,0.679,0.687,sad
T03091,country,123.04,0.863,0.193,-1.73,0.731,0.067,0.986,happy
T03092,rock,194.06,0.443,0.356,-25.56,0.019,0.209,0.138,calm
T03093,country,115.86,0.586,0.17,-52.33,0.464,0.859,0.058,romantic
T03094,disco,177.57,0.976,0.106,-38.83,0.901,0.122,0.275,happy
T03095,disco,86.4,0.532,0.907,-27.18,0.224,0.156,0.019,happy
T03096,blues,154.14,0.905,0.998,-28.03,0.032,0.544,0.933,happy
T03097,rock,196.78,0.083,0.164,-57.87,0.433,0.274,0.304,calm
T03098,jazz,74.27,0.191,0.055,-2.95,0.704,0.222,0.552,calm
T03099,reggae,61.16,0.441,0.33,-43.48,0.454,0.576,0.318,happy
T03100,hiphop,120.7,0.585,0.462,-59.03,0.46,0.373,0.246,sad
T03101,rock,72.97,0.816,0.205,-55.41,0.67,0.141,0.152,happy
T03102,reggae,164.77,0.988,0.301,-25.19,0.254,0.535,0.32,happy
T03103,country,188.04,0.389,0.201,-51.73,0.752,0.387,0.615,romantic
T03104,jazz,120.76,0.047,0.774,-57.5,0.153,0.735,0.972,angry
T03105,hiphop,96.22,0.801,0.713,-37.22,0.396,0.103,0.558,angry
T03106,hiphop,120.82,0.604,0.635,-22.63,0.656,0.621,0.533,happy
T03107,rock,161.28,0.199,0.387,-53.29,0.828,0.436,0.035,calm
T03108,hiphop,61.27,0.495,0.909,-41.2,0.792,0.406,0.84,happy
T03109,reggae,142.52,0.742,0.97,-34.93,0.722,0.232,0.045,energetic
T03110,classical,145.86,0.77,0.174,-50.43,0.359,0.03,0.906,happy
T03111,country,149.28,0.5,0.223,-29.64,0.122,0.848,0.539,happy
T03112,metal,93.88,0.305,0.526,-54.89,0.217,0.326,0.168,energetic
T03113,blues,159.97,0.974,0.091,-57.21,0.865,0.681,0.452,romantic
T03114,hiphop,72.79,0.663,0.436,-28.81,0.857,0.948,0.995,happy
T03115,country,87.9,0.408,0.582,-45.13,0.952,0.565,0.305,happy
T03116,country,182.85,0.28,0.522,-54.28,0.076,0.397,0.269,happy
T03117,disco,163.42,0.731,0.331,-34.57,0.537,0.268,0.118,angry
T03118,country,61.92,0.242,0.542,-5.09,0.649,0.934,0.597,sad
T03119,jazz,94.77,0.172,0.959,-16.55,0.711,0.682,0.089,angry
T03120,disco,90.02,0.53,0.206,-11.06,0.644,0.665,0.766,sad
T03121,metal,97.91,0.29,0.655,-7.69,0.77,0.426,0.919,sad
T03122,pop,94.66,0.629,0.043,-1.64,0.359,0.845,0.932,romantic
T03123,country,68.75,0.118,0.066,-14.21,0.179,0.714,0.108,energetic
T03124,rock,124.25,0.655,0.552,-23.5,0.205,0.283,0.558,happy
T03125,hiphop,162.58,0.283,0.105,-38.07,0.012,0.6,0.097,happy
T03126,metal,144.94,0.0,0.022,-49.1,0.35,0.43,0.572,sad
T03127,metal,154.2,0.127,0.172,-18.8,0.092,0.007,0.815,romantic
T03128,pop,71.36,0.934,0.565,-0.3,0.321,0.808,0.538,energetic
T03129,classical,193.21,0.867,0.703,-31.96,0.628,0.123,0.872,angry
T03130,classical,177.39,0.234,0.202,-16.58,0.894,0.51,0.802,energetic
T03131,metal,172.71,0.778,0.668,-30.29,0.84,0.336,0.277,energetic
T03132,reggae,175.22,0.609,0.182,-34.08,0.253,0.342,0.63,sad
T03133,hiphop,190.58,0.971,0.613,-35.38,0.134,0.477,0.007,angry
T03134,jazz,136.2,0.374,0.412,-29.72,0.193,0.997,0.396,romantic
T03135,pop,88.04,0.681,0.654,-37.99,0.971,0.408,0.238,angry
T03136,pop,146.35,0.064,0.995,-15.07,0.549,0.182,0.937,sad
T03137,jazz,164.0,0.396,0.938,-7.54,0.183,0.614,0.405,angry
T03138,rock,163.31,0.964,0.004,-7.03,0.841,0.236,0.654,angry
T03139,blues,133.0,0.539,0.885,-46.34,0.395,0.106,0.732,happy
T03140,classical,69.58,0.288,0.066,-6.25,0.899,0.05,0.773,happy
T03141,pop,111.96,0.12,0.953,-39.51,0.261,0.023,0.736,angry
T03142,jazz,188.91,0.704,0.282,-41.44,0.393,0.431,0.289,happy
T03143,classical,141.82,0.645,0.382,-16.39,0.505,0.427,0.686,angry
T03144,reggae,135.37,0.374,0.092,-41.72,0.893,0.186,0.549,sad
T03145,metal,97.64,0.951,0.112,-56.82,0.869,0.784,0.597,romantic
T03146,disco,111.58,0.022,0.727,-37.58,0.574,0.129,0.001,sad
T03147,metal,185.35,0.304,0.944,-16.71,0.222,0.915,0.258,energetic
T03148,disco,153.3,0.921,0.611,-40.38,0.403,0.588,0.931,sad
T03149,pop,170.23,0.321,0.716,-22.23,0.976,0.028,0.29,angry
T03150,hiphop,123.61,0.252,0.762,-20.39,0.608,0.963,0.438,happy
T03151,jazz,148.23,0.534,0.263,-15.98,0.781,0.308,0.187,romantic
T03152,hiphop,94.77,0.824,0.045,-6.17,0.45,0.45,0.139,happy
T03153,jazz,158.76,0.103,0.002,-34.05,0.532,0.284,0.209,sad
T03154,reggae,119.86,0.943,0.351,-50.01,0.429,0.728,0.554,angry
T03155,rock,121.96,0.795,0.241,-40.86,0.703,0.486,0.919,romantic
T03156,country,150.91,0.181,0.062,-34.07,0.851,0.132,0.326,calm
T03157,rock,191.08,0.712,0.18,-17.17,0.507,0.104,0.323,energetic
T03158,pop,68.96,0.385,0.124,-59.21,0.481,0.725,0.564,romantic
T03159,jazz,175.46,0.402,0.915,-41.05,0.34,0.237,0.357,angry
T03160,blues,100.93,0.783,0.14,-13.21,0.177,0.138,0.91,sad
T03161,blues,122.15,0.963,0.538,-19.75,0.939,0.499,0.378,calm
T03162,classical,63.07,0.127,0.593,-16.1,0.316,0.803,0.49,romantic
T03163,pop,102.15,0.421,0.543,-11.29,0.801,0.279,0.533,happy
T03164,blues,130.37,0.481,0.099,-13.01,0.715,0.276,0.782,sad
T03165,classical,67.86,0.376,0.319,-19.07,0.791,0.834,0.564,energetic
T03166,country,128.75,0.363,0.051,-33.62,0.937,0.148,0.239,calm
T03167,pop,189.8,0.052,0.396,-0.98,0.623,0.617,0.124,calm
T03168,pop,74.76,0.686,0.189,-25.86,0.898,0.955,0.938,sad
T03169,blues,167.02,0.436,0.562,-47.83,0.168,0.841,0.802,angry
T03170,metal,117.35,0.195,0.693,-42.43,0.627,0.062,0.023,sad
T03171,disco,151.72,0.816,0.532,-18.39,0.772,0.32,0.822,calm
T03172,country,96.43,0.803,0.434,-4.52,0.272,0.142,0.591,happy
T03173,hiphop,82.33,0.486,0.387,-49.28,0.741,0.949,0.519,energetic
T03174,country,82.46,0.298,0.842,-55.06,0.778,0.986,0.012,happy
T03175,hiphop,69.87,0.638,0.219,-7.11,0.831,0.235,0.781,calm
T03176,classical,85.99,0.288,0.734,-5.08,0.313,0.67,0.198,happy
T03177,jazz,152.99,0.236,0.757,-43.42,0.682,0.842,0.728,angry
T03178,hiphop,183.44,0.731,0.419,-37.36,0.304,0.234,0.016,sad
T03179,classical,173.98,0.04,0.297,-20.39,0.739,0.188,0.796,calm
T03180,jazz,155.92,0.095,0.471,-40.2,0.463,0.011,0.023,energetic
T03181,country,75.46,0.007,0.093,-7.37,0.598,0.412,0.236,romantic
T03182,blues,100.49,0.153,0.046,-53.55,0.416,0.899,0.268,energetic
T03183,metal,103.37,0.069,0.112,-57.72,0.162,0.903,0.158,angry
T03184,hiphop,94.99,0.996,0.187,-47.49,0.178,0.128,0.481,romantic
T03185,disco,132.1,0.289,0.504,-42.83,0.078,0.204,0.284,happy
T03186,metal,134.98,0.149,0.849,-53.22,0.618,0.408,0.993,happy
T03187,classical,109.96,0.241,0.236,-56.06,0.849,0.781,0.58,energetic
T03188,classical,109.53,0.936,0.935,-14.66,0.021,0.612,0.566,calm
T03189,blues,176.0,0.52,0.955,-50.14,0.066,0.514,0.221,happy
T03190,disco,170.5,0.365,0.959,-5.16,0.457,0.592,0.409,calm
T03191,pop,103.09,0.873,0.838,-37.92,0.738,0.096,0.124,energetic
T03192,classical,187.93,0.395,0.364,-19.76,0.158,0.478,0.763,calm
T03193,country,193.39,0.335,0.073,-46.48,0.272,0.992,0.331,angry
T03194,rock,105.74,0.207,0.569,-45.58,0.232,0.088,0.752,romantic
T03195,disco,109.62,0.378,0.559,-25.52,0.399,0.519,0.372,energetic
T03196,reggae,130.79,0.317,0.85,-26.36,0.225,0.296,0.989,romantic
T03197,pop,191.76,0.677,0.996,-13.88,0.353,0.54,0.171,calm
T03198,blues,182.68,0.29,0.508,-14.53,0.729,0.574,0.002,sad
T03199,blues,74.36,0.577,0.345,-19.76,0.611,0.577,0.595,angry
T03200,jazz,114.98,0.066,0.186,-33.05,0.081,0.852,0.953,calm
T03201,classical,137.47,0.191,0.005,-6.56,0.638,0.39,0.647,energetic
T03202,metal,130.44,0.407,0.509,-22.65,0.477,0.516,0.086,calm
T03203,country,87.14,0.937,0.556,-0.59,0.935,0.011,0.54,sad
T03204,pop,180.23,0.377,0.825,-10.84,0.289,0.79,0.909,happy
T03205,classical,154.77,0.664,0.505,-57.34,0.726,0.259,0.007,calm
T03206,disco,177.31,0.255,0.916,-40.76,0.731,0.817,0.167,romantic
T03207,metal,180.23,0.127,0.628,-25.69,0.222,0.266,0.815,energetic
T03208,classical,164.77,0.059,0.84,-16.71,0.903,0.011,0.894,sad
T03209,classical,121.49,0.305,0.148,-26.98,0.491,0.155,0.707,happy
T03210,classical,145.48,0.158,0.855,-12.83,0.679,0.986,0.992,romantic
T03211,jazz,82.45,0.174,0.675,-43.04,0.146,0.32,0.09,calm
T03212,jazz,154.31,0.761,0.17,-48.97,0.258,0.109,0.546,romantic
T03213,hiphop,85.1,0.016,0.19,-56.76,0.586,0.119,0.685,happy
T03214,country,157.15,0.558,0.927,-25.6,0.319,0.31,0.703,calm
T03215,metal,92.14,0.379,0.032,-18.68,0.5,0.038,0.793,calm
T03216,country,76.46,0.507,0.463,-40.43,0.374,0.511,0.918,angry
T03217,country,83.14,0.563,0.313,-23.18,0.641,0.214,0.362,romantic
T03218,classical,60.28,0.313,0.665,-56.87,0.487,0.519,0.043,romantic
T03219,reggae,160.62,0.295,0.84,-54.04,0.005,0.141,0.362,happy
T03220,rock,162.54,0.733,0.36,-17.89,0.65,0.43,0.672,happy
T03221,blues,132.09,0.871,0.427,-37.92,0.422,0.598,0.213,sad
T03222,rock,82.59,0.193,0.982,-19.72,0.342,0.062,0.81,calm
T03223,country,71.7,0.098,0.784,-10.1,0.094,0.399,0.22,calm
T03224,pop,62.68,0.898,0.897,-8.84,0.22,0.303,0.01,romantic
T03225,jazz,83.2,0.35,0.439,-49.67,0.224,0.24,0.508,angry
T03226,disco,184.72,0.551,0.234,-30.82,0.935,0.605,0.726,happy
T03227,country,93.82,0.36,0.412,-15.96,0.433,0.589,0.35,romantic
T03228,metal,109.6,0.126,0.716,-13.56,0.042,0.631,0.749,sad
T03229,rock,74.75,0.589,0.109,-12.92,0.139,0.159,0.438,happy
T03230,pop,91.13,0.525,0.27,-46.31,0.079,0.286,0.172,energetic
T03231,disco,132.69,0.203,0.047,-48.45,0.589,0.21,0.091,sad
T03232,classical,145.09,0.452,0.432,-24.6,0.187,0.541,0.711,energetic
T03233,classical,94.35,0.797,0.827,-15.53,0.499,0.461,0.386,sad
T03234,country,68.08,0.59,0.025,-40.85,0.37,0.33,0.913,angry
T03235,classical,114.74,0.097,0.675,-53.72,0.804,0.786,0.54,calm
T03236,rock,92.79,0.548,0.932,-17.0,0.32,0.094,0.348,happy
T03237,metal,90.74,0.703,0.237,-42.02,0.458,0.975,0.349,sad
T03238,jazz,194.38,0.793,0.694,-50.02,0.721,0.117,0.131,calm
T03239,metal,146.28,0.629,0.975,-51.14,0.433,0.773,0.594,romantic
T03240,jazz,137.96,0.153,0.962,-41.11,0.793,0.368,0.582,calm
T03241,country,118.21,0.71,0.235,-24.44,0.662,0.865,0.8,energetic
T03242,disco,120.05,0.677,0.1,-38.5,0.411,0.074,0.201,romantic
T03243,hiphop,135.73,0.024,0.148,-58.76,0.504,0.375,0.291,angry
T03244,classical,157.5,0.412,0.702,-54.19,0.967,0.335,0.097,angry
T03245,disco,158.3,0.333,0.726,-42.57,0.662,0.993,0.295,energetic
T03246,reggae,84.04,0.669,0.674,-20.42,0.905,0.986,0.428,romantic
T03247,rock,130.02,0.216,0.336,-54.09,0.179,0.19,0.964,calm
T03248,rock,117.67,0.591,0.17,-26.36,0.483,0.63,0.653,energetic
T03249,rock,181.87,0.913,0.581,-52.81,0.909,0.536,0.783,calm
T03250,hiphop,148.4,0.798,0.484,-47.3,0.323,0.154,0.326,romantic
T03251,blues,134.55,0.921,0.729,-49.67,0.968,0.168,0.145,angry
T03252,hiphop,76.16,0.979,0.441,-55.97,0.097,0.989,0.257,calm
T03253,disco,144.79,0.011,0.339,-19.72,0.903,0.453,0.256,calm
T03254,reggae,76.41,0.623,0.293,-32.2,0.445,0.126,0.583,angry
T03255,rock,107.21,0.413,0.211,-10.14,0.074,0.215,0.341,energetic
T03256,reggae,80.0,0.86,0.266,-54.07,0.88,0.268,0.857,sad
T03257,disco,156.89,0.252,0.095,-51.32,0.252,0.511,0.989,calm
T03258,metal,88.88,0.981,0.347,-41.61,0.022,0.336,0.343,happy
T03259,hiphop,114.86,0.614,0.037,-14.05,0.136,0.455,0.705,happy
T03260,blues,185.39,0.794,0.186,-41.65,0.659,0.166,0.657,energetic
T03261,disco,88.6,0.086,0.747,-35.49,0.978,0.327,0.194,calm
T03262,pop,131.09,0.183,0.325,-41.9,0.111,0.07,0.918,calm
T03263,metal,118.7,0.758,0.668,-55.19,0.462,0.89,0.199,sad
T03264,classical,62.54,0.022,0.717,-3.63,0.181,0.199,0.737,romantic
T03265,disco,170.99,0.817,0.581,-27.09,0.745,0.757,0.348,sad
T03266,pop,69.67,0.014,0.959,-12.73,0.118,0.35,0.367,happy
T03267,rock,126.4,0.657,0.021,-20.5,0.24,0.474,0.455,happy
T03268,classical,138.49,0.365,0.739,-29.14,0.196,0.291,0.865,romantic
T03269,reggae,147.98,0.611,0.959,-54.62,0.553,0.696,0.14,happy
T03270,blues,156.41,0.696,0.862,-21.44,0.873,0.845,0.055,happy
T03271,jazz,95.46,0.342,0.168,-50.68,0.511,0.286,0.402,calm
T03272,jazz,61.4,0.108,0.327,-35.14,0.058,0.242,0.056,romantic
T03273,country,161.28,0.07,0.172,-22.25,0.563,0.681,0.688,happy
T03274,metal,134.99,0.589,0.601,-13.07,0.798,0.195,0.76,sad
T03275,rock,177.06,0.521,0.712,-18.9,0.132,0.64,0.855,calm
T03276,metal,174.99,0.742,0.317,-19.71,0.073,0.094,0.744,angry
T03277,jazz,178.07,0.51,0.54,-51.06,0.188,0.62,0.916,romantic
T03278,reggae,127.91,0.422,0.691,-39.23,0.746,0.513,0.748,energetic
T03279,country,106.71,0.398,0.421,-57.43,0.592,0.114,0.936,sad
T03280,pop,170.82,0.026,0.854,-16.83,0.541,0.649,0.193,energetic
T03281,classical,123.18,0.336,0.772,-2.84,0.249,0.447,0.5,angry
T03282,blues,85.68,0.976,0.065,-44.15,0.332,0.217,0.994,angry
T03283,rock,179.7,0.874,0.621,-54.74,0.966,0.353,0.682,happy
T03284,classical,183.56,0.329,0.235,-31.47,0.241,0.492,0.879,happy
T03285,blues,125.28,0.588,0.558,-8.6,0.902,0.092,0.03,romantic
T03286,hiphop,70.6,0.847,0.957,-26.88,0.581,0.958,0.872,angry
T03287,disco,114.3,0.441,0.879,-57.19,0.123,0.666,0.698,calm
T03288,blues,172.5,0.018,0.405,-1.54,0.467,0.103,0.171,calm
T03289,blues,186.25,0.075,0.292,-10.28,0.949,0.823,0.026,sad
T03290,metal,88.49,0.51,0.234,-52.1,0.419,0.323,0.26,energetic
T03291,reggae,69.38,0.969,0.533,-4.69,0.863,0.597,0.916,romantic
T03292,hiphop,182.83,0.693,0.114,-32.96,0.256,0.277,0.668,calm
T03293,reggae,114.52,0.071,0.549,-37.69,0.571,0.733,0.919,calm
T03294,metal,135.85,0.189,0.001,-32.34,0.844,0.723,0.446,angry
T03295,metal,195.53,0.771,0.324,-9.93,0.921,0.552,0.937,energetic
T03296,metal,69.32,0.841,0.22,-20.43,0.486,0.241,0.463,angry
T03297,classical,150.76,0.618,0.971,-56.45,0.64,0.254,0.204,energetic
T03298,reggae,70.37,0.644,0.727,-2.54,0.003,0.383,0.151,angry
T03299,reggae,112.57,0.028,0.35,-51.13,0.253,0.145,0.994,angry
T03300,rock,172.53,0.829,0.093,-15.27,0.279,0.338,0.334,happy
T03301,country,120.69,0.788,0.517,-21.83,0.093,0.684,0.16,happy
T03302,hiphop,199.61,0.259,0.213,-48.75,0.28,0.831,0.008,calm
T03303,classical,138.27,0.709,0.536,-49.76,0.321,0.333,0.286,happy
T03304,hiphop,104.96,0.215,0.835,-7.78,0.969,0.234,0.889,calm
T03305,classical,90.82,0.04,0.616,-34.82,0.669,0.833,0.534,calm
T03306,reggae,109.07,0.201,0.634,-20.73,0.426,0.891,0.632,energetic
T03307,disco,112.15,0.179,0.541,-29.76,0.988,0.41,0.922,calm
T03308,country,69.62,0.338,0.927,-16.36,0.153,0.027,0.513,calm
T03309,reggae,111.74,0.418,0.932,-31.25,0.476,0.695,0.838,calm
T03310,jazz,124.99,0.509,0.513,-42.76,0.647,0.784,0.324,happy
T03311,metal,161.18,0.477,0.306,-38.2,0.056,0.018,0.977,happy
T03312,rock,151.94,0.271,0.46,-8.46,0.717,0.595,0.079,sad
T03313,classical,159.23,0.029,0.187,-31.92,0.1,0.588,0.725,angry
T03314,hiphop,61.17,0.605,0.636,-47.19,0.14,0.379,0.661,romantic
T03315,metal,90.47,0.396,0.5,-3.92,0.16,0.75,0.192,energetic
T03316,disco,152.64,0.299,0.103,-12.2,0.929,0.428,0.389,romantic
T03317,blues,127.76,0.867,0.198,-56.66,0.683,0.677,0.313,sad
T03318,disco,60.74,0.747,0.48,-0.06,0.655,0.517,0.094,calm
T03319,classical,172.63,0.858,0.888,-18.3,0.555,0.248,0.585,calm
T03320,metal,168.19,0.495,0.566,-50.38,0.293,0.607,0.994,sad
T03321,classical,136.78,0.131,0.682,-45.77,0.621,0.737,0.56,energetic
T03322,pop,69.3,0.696,0.339,-18.45,0.41,0.974,0.545,romantic
T03323,rock,167.31,0.206,0.571,-13.21,0.145,0.38,0.04,calm
T03324,rock,141.72,0.441,0.447,-45.66,0.69,0.064,0.139,calm
T03325,blues,169.47,0.065,0.659,-44.58,0.13,0.988,0.513,happy
T03326,hiphop,165.24,0.825,0.051,-41.57,0.191,0.624,0.985,angry
T03327,country,172.42,0.126,0.493,-24.12,0.818,0.946,0.877,romantic
T03328,classical,132.52,0.903,0.296,-49.69,0.66,0.104,0.34,calm
T03329,blues,79.65,0.864,0.326,-53.75,0.631,0.342,0.543,romantic
T03330,country,153.96,0.465,0.961,-19.27,0.418,0.134,0.553,angry
T03331,blues,146.87,0.744,0.183,-13.25,0.396,0.836,0.685,romantic
T03332,country,163.92,0.619,0.311,-29.94,0.69,0.88,0.688,angry
T03333,pop,83.78,0.803,0.51,-38.17,0.74,0.501,0.79,angry
T03334,jazz,87.3,0.432,0.863,-34.08,0.51,0.187,0.025,calm
T03335,reggae,184.66,0.786,0.417,-36.7,0.969,0.127,0.944,calm
T03336,reggae,165.0,0.462,0.744,-2.4,0.956,0.588,0.07,angry
T03337,hiphop,187.15,0.941,0.856,-13.91,0.412,0.506,0.476,sad
T03338,country,166.22,0.486,0.31,-47.51,0.821,0.695,0.92,angry
T03339,jazz,143.6,0.463,0.393,-36.95,0.543,0.305,0.488,happy
T03340,country,151.58,0.785,0.357,-27.36,0.512,0.402,0.064,calm
T03341,hiphop,184.48,0.822,0.833,-23.22,0.055,0.021,0.229,energetic
T03342,classical,141.03,0.554,0.044,-31.91,0.574,0.61,0.579,calm
T03343,blues,148.53,0.18,0.308,-11.39,0.901,0.423,0.088,angry
T03344,jazz,81.91,0.468,0.679,-13.94,0.78,0.92,0.424,calm
T03345,metal,126.35,0.968,0.565,-29.69,0.786,0.642,0.329,angry
T03346,hiphop,160.3,0.753,0.436,-8.73,0.16,0.399,0.815,romantic
T03347,reggae,97.93,0.811,0.54,-14.93,0.358,0.264,0.11,energetic
T03348,classical,88.32,0.033,0.198,-13.29,0.233,0.905,0.683,energetic
T03349,hiphop,103.94,0.468,0.431,-2.62,0.316,0.016,0.407,energetic
T03350,rock,93.81,0.647,0.502,-44.01,0.58,0.327,0.588,happy
T03351,classical,90.09,0.83,0.901,-43.94,0.365,0.944,0.206,happy
T03352,pop,119.48,0.049,0.261,-6.66,0.561,0.654,0.61,angry
T03353,pop,187.1,0.852,0.868,-13.67,0.439,0.533,0.674,happy
T03354,reggae,130.99,0.548,0.644,-4.41,0.287,0.204,0.07,sad
T03355,jazz,86.31,0.197,0.02,-56.21,0.095,0.833,0.824,energetic
T03356,blues,70.78,0.317,0.725,-22.33,0.892,0.204,0.861,energetic
T03357,pop,157.46,0.282,0.036,-51.32,0.011,0.248,0.064,romantic
T03358,rock,113.59,0.531,0.997,-29.77,0.002,0.192,0.603,angry
T03359,country,175.06,0.052,0.873,-50.66,0.827,0.158,0.594,happy
T03360,jazz,152.33,0.159,0.297,-52.32,0.997,0.953,0.012,romantic
T03361,country,171.47,0.813,0.257,-59.27,0.727,0.602,0.342,energetic
T03362,hiphop,98.07,0.133,0.381,-22.19,0.015,0.638,0.969,calm
T03363,classical,156.93,0.233,0.356,-38.46,0.227,0.954,0.555,happy
T03364,rock,96.97,0.453,0.372,-53.69,0.972,0.231,0.933,calm
T03365,classical,191.47,0.517,0.318,-40.63,0.809,0.006,0.676,energetic
T03366,disco,149.09,0.764,0.621,-49.86,0.567,0.599,0.028,energetic
T03367,reggae,105.43,0.447,0.164,-3.5,0.237,0.508,0.078,calm
T03368,blues,97.73,0.79,0.846,-40.8,0.014,0.478,0.722,energetic
T03369,blues,86.73,0.618,0.812,-39.96,0.021,0.062,0.555,happy
T03370,blues,157.25,0.113,0.476,-9.61,0.612,0.454,0.127,romantic
T03371,disco,90.62,0.156,0.853,-21.13,0.022,0.288,0.614,sad
T03372,blues,143.34,0.437,0.247,-17.39,0.994,0.275,0.81,sad
T03373,pop,97.05,0.397,0.018,-21.84,0.183,0.222,0.753,sad
T03374,jazz,152.68,0.744,0.619,-3.23,0.711,0.333,0.246,romantic
T03375,metal,174.09,0.581,0.458,-47.58,0.155,0.353,0.258,energetic
T03376,country,168.92,0.388,0.567,-0.66,0.54,0.309,0.968,angry
T03377,country,166.52,0.171,0.899,-10.14,0.081,0.979,0.887,happy
T03378,blues,86.28,0.227,0.97,-24.66,0.767,0.933,0.318,romantic
T03379,reggae,72.37,0.576,0.634,-20.26,0.585,0.575,0.824,happy
T03380,metal,157.85,0.423,0.764,-21.07,0.086,0.981,0.162,energetic
T03381,disco,111.57,0.515,0.084,-56.5,0.849,0.991,0.197,happy
T03382,jazz,120.53,0.171,0.161,-46.92,0.547,0.356,0.181,energetic
T03383,disco,64.36,0.663,0.733,-2.31,0.922,0.445,0.088,sad
T03384,metal,96.34,0.853,0.431,-27.94,0.917,0.959,0.855,happy
T03385,jazz,64.71,0.258,0.446,-37.3,0.921,0.609,0.579,angry
T03386,hiphop,183.09,0.492,0.309,-14.28,0.078,0.213,0.259,energetic
T03387,classical,94.08,0.976,0.607,-28.53,0.121,0.689,0.849,happy
T03388,rock,138.03,0.333,0.185,-59.21,0.988,0.206,0.803,calm
T03389,jazz,65.46,0.595,0.627,-15.83,0.488,0.339,0.101,romantic
T03390,classical,153.36,0.09,0.174,-16.07,0.238,0.228,0.644,calm
T03391,reggae,105.22,0.606,0.064,-50.09,0.77,0.245,0.722,angry
T03392,blues,185.71,0.09,0.33,-2.6,0.264,0.005,0.716,angry
T03393,country,184.34,0.959,0.231,-46.57,0.727,0.881,0.723,calm
T03394,disco,105.54,0.716,0.889,-32.54,0.837,0.296,0.169,energetic
T03395,reggae,186.13,0.788,0.055,-53.12,0.784,0.086,0.315,happy
T03396,blues,199.46,0.704,0.177,-23.8,0.274,0.087,0.844,romantic
T03397,metal,175.56,0.59,0.549,-37.47,0.402,0.556,0.898,calm
T03398,classical,178.28,0.45,0.481,-38.81,0.413,0.993,0.279,angry
T03399,pop,94.86,0.858,0.046,-10.38,0.491,0.145,0.023,happy
T03400,hiphop,140.74,0.957,0.007,-59.43,0.167,0.1,0.86,energetic
T03401,hiphop,69.42,0.499,0.988,-12.12,0.452,0.438,0.377,calm
T03402,jazz,73.29,0.932,0.659,-25.71,0.511,0.563,0.329,angry
T03403,classical,199.84,0.583,0.365,-0.83,0.532,0.294,0.347,calm
T03404,reggae,105.73,0.538,0.47,-24.63,0.82,0.303,0.416,energetic
T03405,pop,164.75,0.454,0.267,-56.68,0.517,0.424,0.378,angry
T03406,blues,172.93,0.209,0.345,-56.96,0.231,0.314,0.566,happy
T03407,jazz,180.12,0.004,0.649,-7.01,0.663,0.915,0.079,calm
T03408,disco,199.67,0.242,0.883,-9.53,0.797,0.042,0.972,happy
T03409,hiphop,93.81,0.51,0.184,-39.25,0.319,0.235,0.936,romantic
T03410,rock,65.65,0.38,0.84,-22.92,0.645,0.809,0.934,romantic
T03411,hiphop,117.57,0.448,0.122,-30.62,0.147,0.834,0.879,sad
T03412,rock,78.21,0.981,0.215,-1.97,0.342,0.112,0.66,energetic
T03413,disco,63.14,0.35,0.037,-3.0,0.909,0.974,0.221,calm
T03414,pop,110.46,0.452,0.141,-0.97,0.911,0.693,0.049,angry
T03415,jazz,169.72,0.134,0.917,-8.01,0.575,0.273,0.099,romantic
T03416,rock,139.27,0.048,0.459,-5.43,0.702,0.456,0.324,energetic
T03417,pop,103.79,0.775,0.078,-46.96,0.854,0.297,0.504,sad
T03418,disco,151.61,0.571,0.96,-10.14,0.959,0.15,0.993,angry
T03419,reggae,92.48,0.761,0.879,-17.47,0.49,0.291,0.435,energetic
T03420,disco,62.01,0.15,0.755,-2.23,0.562,0.58,0.525,energetic
T03421,country,167.01,0.572,0.933,-25.72,0.416,0.826,0.695,calm
T03422,blues,147.32,0.254,0.22,-54.89,0.072,0.364,0.181,sad
T03423,metal,166.72,0.228,0.836,-24.16,0.423,0.348,0.933,calm
T03424,blues,65.45,0.012,0.69,-18.81,0.791,0.468,0.529,romantic
T03425,disco,177.2,0.13,0.87,-46.78,0.805,0.645,0.276,happy
T03426,reggae,146.73,0.309,0.797,-36.35,0.892,0.752,0.935,angry
T03427,jazz,138.88,0.117,0.346,-24.09,0.051,0.327,0.625,sad
T03428,blues,147.45,0.986,0.774,-37.55,0.527,0.586,0.484,energetic
T03429,jazz,181.02,0.309,0.262,-37.5,0.107,0.389,0.58,energetic
T03430,blues,142.17,0.13,0.329,-52.01,0.201,0.716,0.748,happy
T03431,metal,141.33,0.199,0.108,-3.56,0.9,0.165,0.155,energetic
T03432,hiphop,198.7,0.588,0.935,-14.97,0.497,0.257,0.865,angry
T03433,classical,165.94,0.064,0.291,-59.93,0.759,0.426,0.96,calm
T03434,disco,121.92,0.862,0.521,-14.06,0.064,0.889,0.567,sad
T03435,reggae,159.04,0.961,0.391,-15.61,0.417,0.573,0.682,angry
T03436,disco,114.49,0.247,0.96,-59.42,0.674,0.965,0.86,romantic
T03437,metal,92.04,0.45,0.335,-37.82,0.133,0.103,0.375,happy
T03438,pop,143.56,0.022,0.779,-23.6,0.326,0.46,0.993,romantic
T03439,blues,189.95,0.641,0.855,-32.83,0.065,0.419,0.681,angry
T03440,country,190.08,0.414,0.436,-13.32,0.651,0.6,0.424,happy
T03441,hiphop,107.87,0.27,0.378,-34.47,0.971,0.812,0.677,angry
T03442,classical,133.87,0.207,0.748,-50.77,0.827,0.841,0.522,energetic
T03443,blues,89.63,0.654,0.913,-1.42,0.975,0.67,0.112,energetic
T03444,disco,199.39,0.416,0.755,-45.48,0.846,0.642,0.796,happy
T03445,reggae,197.36,0.18,0.227,-16.94,0.855,0.949,0.564,angry
T03446,metal,150.93,0.689,0.888,-51.41,0.577,0.384,0.796,angry
T03447,jazz,172.62,0.565,0.388,-40.26,0.518,0.833,0.155,calm
T03448,pop,160.11,0.859,0.576,-33.48,0.406,0.922,0.538,calm
T03449,classical,143.04,0.117,0.831,-48.47,0.818,0.492,0.767,sad
T03450,rock,67.47,0.786,0.188,-33.0,0.182,0.729,0.988,energetic
T03451,classical,123.67,0.674,0.785,-50.57,0.056,0.377,0.884,happy
T03452,reggae,154.47,0.115,0.596,-26.46,0.948,0.159,0.864,romantic
T03453,country,154.85,0.695,0.893,-20.18,0.004,0.587,0.247,energetic
T03454,metal,112.24,0.442,0.172,-56.25,0.977,0.196,0.838,angry
T03455,classical,191.84,0.945,0.421,-7.73,0.729,0.458,0.169,energetic
T03456,rock,83.43,0.142,0.833,-48.89,0.328,0.873,0.198,calm
T03457,rock,130.05,0.643,0.019,-46.48,0.698,0.086,0.11,romantic
T03458,blues,156.72,0.382,0.112,-20.32,0.818,0.03,0.858,angry
T03459,metal,157.6,0.957,0.991,-31.87,0.245,0.606,0.108,energetic
T03460,country,150.81,0.33,0.28,-30.04,0.771,0.331,0.138,sad
T03461,disco,98.54,0.962,0.976,-52.31,0.804,0.418,0.246,calm
T03462,hiphop,81.87,0.901,0.183,-11.66,0.249,0.406,0.573,calm
T03463,hiphop,149.03,0.27,0.361,-22.98,0.042,0.087,0.88,energetic
T03464,jazz,143.9,0.804,0.753,-51.88,0.204,0.004,0.418,angry
T03465,metal,85.11,0.996,0.658,-37.56,0.201,0.898,0.546,angry
T03466,jazz,158.72,0.253,0.581,-11.38,0.065,0.218,0.166,calm
T03467,jazz,123.72,0.437,0.53,-25.9,0.726,0.426,0.266,romantic
T03468,pop,153.49,0.52,0.843,-53.48,0.38,0.972,0.134,angry
T03469,hiphop,177.23,0.295,0.235,-37.63,0.884,0.827,0.41,sad
T03470,disco,83.76,0.015,0.442,-45.44,0.252,0.108,0.59,happy
T03471,classical,62.68,0.22,0.155,-28.95,0.453,0.509,0.284,romantic
T03472,disco,169.07,0.282,0.596,-9.4,0.639,0.73,0.846,romantic
T03473,country,145.36,0.444,0.251,-33.82,0.877,0.698,0.981,angry
T03474,rock,157.95,0.171,0.334,-34.0,0.525,0.761,0.12,sad
T03475,classical,177.34,0.873,0.471,-5.68,0.374,0.457,0.018,angry
T03476,country,172.39,0.705,0.027,-25.43,0.867,0.176,0.79,calm
T03477,classical,194.53,0.085,0.092,-26.03,0.31,0.465,0.191,sad
T03478,country,135.03,0.65,0.686,-44.29,0.079,0.648,0.353,romantic
T03479,pop,128.39,0.654,0.429,-23.54,0.445,0.609,0.394,romantic
T03480,pop,116.26,0.956,0.865,-25.45,0.785,0.071,0.917,calm
T03481,jazz,81.52,0.003,0.695,-36.19,0.031,0.065,0.659,energetic
T03482,metal,140.17,0.248,0.008,-0.56,0.586,0.965,0.041,romantic
T03483,classical,98.78,0.928,0.617,-7.09,0.594,0.152,0.015,angry
T03484,reggae,188.98,0.932,0.094,-15.02,0.929,0.294,0.2,angry
T03485,jazz,141.65,0.721,0.781,-27.76,0.286,0.768,0.318,calm
T03486,disco,143.0,0.766,0.992,-32.28,0.279,0.41,0.485,angry
T03487,pop,109.69,0.091,0.531,-48.91,0.44,0.181,0.838,romantic
T03488,hiphop,67.28,0.514,0.683,-41.66,0.357,0.467,0.315,romantic
T03489,pop,64.44,0.232,0.237,-13.56,0.736,0.569,0.377,happy
T03490,hiphop,119.27,0.181,0.438,-32.78,0.642,0.453,0.329,angry
T03491,classical,71.84,0.81,0.856,-7.06,0.759,0.919,0.009,sad
T03492,classical,144.96,0.135,0.167,-51.13,0.82,0.285,0.955,energetic
T03493,country,183.34,0.469,0.266,-29.5,0.923,0.661,0.139,calm
T03494,hiphop,183.61,0.939,0.445,-21.18,0.431,0.112,0.288,sad
T03495,rock,152.27,0.186,0.712,-28.99,0.985,0.392,0.129,sad
T03496,blues,89.57,0.978,0.376,-6.65,0.216,0.741,0.491,sad
T03497,disco,180.82,0.994,0.928,-0.63,0.714,0.225,0.932,romantic
T03498,jazz,184.05,0.556,0.094,-53.05,0.534,0.59,0.101,romantic
T03499,country,87.53,0.17,0.371,-52.2,0.817,0.153,0.441,energetic
T03500,classical,163.24,0.316,0.709,-52.18,0.477,0.103,0.022,calm
T03501,disco,100.11,0.424,0.226,-19.13,0.784,0.523,0.771,calm
T03502,jazz,172.37,0.309,0.656,-37.64,0.93,0.675,0.641,energetic
T03503,metal,199.61,0.281,0.164,-16.0,0.732,0.113,0.7,happy
T03504,reggae,64.2,0.972,0.056,-35.67,0.776,0.918,0.472,romantic
T03505,blues,185.63,0.153,0.121,-22.34,0.067,0.226,0.908,sad
T03506,hiphop,147.17,0.733,0.93,-13.81,0.205,0.12,0.41,calm
T03507,hiphop,196.27,0.0,0.552,-27.11,0.974,0.203,0.514,energetic
T03508,country,125.1,0.596,0.796,-27.63,0.693,0.17,0.695,energetic
T03509,blues,178.63,0.916,0.333,-54.71,0.561,0.091,0.521,romantic
T03510,metal,68.74,0.288,0.593,-35.35,0.367,0.798,0.189,sad
T03511,pop,106.94,0.186,0.495,-27.25,0.044,0.496,0.317,energetic
T03512,reggae,69.38,0.652,0.946,-32.28,0.369,0.389,0.092,romantic
T03513,reggae,196.55,0.713,0.748,-5.95,0.499,0.951,0.433,angry
T03514,disco,174.38,0.688,0.731,-5.61,0.211,0.371,0.609,sad
T03515,classical,179.36,0.319,0.046,-10.68,0.173,0.167,0.119,calm
T03516,pop,191.32,0.252,0.55,-37.48,0.508,0.274,0.631,sad
T03517,classical,71.91,0.956,0.467,-16.96,0.586,0.239,0.893,happy
T03518,country,113.98,0.923,0.928,-36.28,0.24,0.499,0.338,sad
T03519,classical,69.94,0.457,0.257,-46.04,0.587,0.292,0.222,sad
T03520,blues,89.51,0.846,0.27,-39.43,0.9,0.516,0.893,happy
T03521,blues,92.11,0.452,0.411,-55.74,0.473,0.669,0.692,sad
T03522,disco,125.68,0.424,0.243,-40.09,0.857,0.777,0.105,energetic
T03523,country,97.6,0.157,0.129,-32.36,0.927,0.71,0.408,calm
T03524,disco,74.14,0.426,0.857,-2.67,0.092,0.206,0.674,calm
T03525,metal,83.45,0.537,0.558,-41.2,0.096,0.116,0.574,angry
T03526,jazz,80.62,0.023,0.861,-5.85,0.476,0.542,0.619,calm
T03527,classical,196.23,0.444,0.831,-46.27,0.588,0.199,0.567,calm
T03528,rock,166.3,0.781,0.282,-48.54,0.426,0.085,0.798,romantic
T03529,rock,195.49,0.68,0.548,-28.86,0.326,0.527,0.32,happy
T03530,hiphop,121.56,0.635,0.083,-19.65,0.641,0.327,0.708,sad
T03531,classical,98.97,0.91,0.915,-57.34,0.002,0.756,0.991,sad
T03532,blues,171.76,0.018,0.404,-46.74,0.968,0.314,0.39,energetic
T03533,classical,105.68,0.557,0.394,-32.66,0.232,0.979,0.791,sad
T03534,disco,101.91,0.787,0.303,-40.14,0.917,0.759,0.246,happy
T03535,pop,92.55,0.541,0.461,-17.24,0.109,0.058,0.282,energetic
T03536,country,78.16,0.324,0.252,-29.33,0.238,0.509,0.935,energetic
T03537,classical,95.9,0.136,0.375,-50.38,0.235,0.563,0.026,romantic
T03538,jazz,109.74,0.888,0.8,-6.33,0.996,0.695,0.217,angry
T03539,classical,154.36,0.471,0.834,-42.43,0.005,0.498,0.483,sad
T03540,blues,68.76,0.878,0.304,-16.13,0.64,0.483,0.402,romantic
T03541,pop,89.47,0.586,0.469,-13.21,0.87,0.368,0.629,happy
T03542,blues,173.26,0.674,0.874,-2.21,0.672,0.271,0.193,romantic
T03543,country,80.57,0.804,0.053,-30.09,0.363,0.946,0.071,calm
T03544,rock,107.97,0.659,0.889,-23.05,0.958,0.318,0.369,happy
T03545,metal,181.05,0.398,0.219,-39.91,0.894,0.063,0.524,happy
T03546,metal,81.69,0.514,0.679,-19.31,0.434,0.167,0.562,happy
T03547,pop,71.58,0.803,0.583,-32.2,0.573,0.857,0.601,energetic
T03548,blues,127.84,0.374,0.553,-33.74,0.968,0.587,0.549,angry
T03549,metal,102.34,0.388,0.859,-8.67,0.983,0.779,0.246,energetic
T03550,metal,138.88,0.096,0.102,-56.99,0.45,0.809,0.765,happy
T03551,country,172.53,0.915,0.347,-7.08,0.847,0.823,0.088,calm
T03552,jazz,79.2,0.091,0.538,-8.88,0.302,0.551,0.198,energetic
T03553,disco,141.3,0.648,0.811,-29.62,0.372,0.177,0.739,romantic
T03554,country,130.77,0.413,0.216,-30.59,0.165,0.148,0.28,romantic
T03555,hiphop,80.17,0.406,0.803,-38.29,0.209,0.574,0.493,happy
T03556,hiphop,147.36,0.68,0.4,-0.35,0.657,0.367,0.327,calm
T03557,pop,98.31,0.067,0.189,-53.33,0.511,0.558,0.507,romantic
T03558,country,128.3,0.594,0.759,-24.59,0.231,0.498,0.347,sad
T03559,blues,71.52,0.772,0.091,-19.1,0.403,0.602,0.994,sad
T03560,rock,124.34,0.828,0.515,-3.94,0.373,0.032,0.357,happy
T03561,rock,102.9,0.171,0.064,-13.19,0.987,0.033,0.627,angry
T03562,rock,175.13,0.897,0.356,-21.37,0.854,0.722,0.888,romantic
T03563,disco,67.98,0.656,0.601,-52.99,0.388,0.193,0.638,angry
T03564,hiphop,118.61,0.882,0.556,-37.58,0.914,0.652,0.566,happy
T03565,pop,124.18,0.485,0.405,-51.67,0.343,0.547,0.569,angry
T03566,metal,161.5,0.542,0.429,-7.13,0.668,0.982,0.496,romantic
T03567,reggae,140.4,0.919,0.227,-15.02,0.967,0.835,0.808,angry
T03568,pop,153.41,0.9,0.456,-14.55,0.39,0.413,0.05,angry
T03569,blues,168.79,0.448,0.953,-20.86,0.68,0.616,0.885,energetic
T03570,classical,180.71,0.274,0.85,-29.58,0.296,0.117,0.586,calm
T03571,hiphop,103.94,0.393,0.145,-51.0,0.266,0.386,0.849,happy
T03572,metal,135.32,0.388,0.03,-40.22,0.574,0.734,0.01,sad
T03573,country,177.62,0.287,0.934,-51.79,0.979,0.623,0.869,angry
T03574,metal,198.52,0.269,0.527,-16.51,0.453,0.484,0.12,happy
T03575,disco,184.53,0.861,0.538,-50.39,0.938,0.177,0.721,energetic
T03576,reggae,112.01,0.07,0.781,-17.87,0.914,0.803,0.417,energetic
T03577,disco,87.32,0.678,0.315,-18.46,0.254,0.273,0.681,angry
T03578,reggae,128.51,0.173,0.482,-32.44,0.402,0.82,0.628,romantic
T03579,blues,163.83,0.345,0.969,-51.89,0.643,0.612,0.163,calm
T03580,metal,128.96,0.062,0.672,-41.11,0.518,0.373,0.515,romantic
T03581,jazz,127.65,0.27,0.154,-40.79,0.096,0.041,0.277,romantic
T03582,pop,177.35,0.768,0.133,-17.98,0.994,0.232,0.56,sad
T03583,reggae,110.6,0.885,0.204,-53.18,0.753,0.889,0.738,calm
T03584,pop,180.37,0.222,0.767,-10.26,0.438,0.818,0.081,sad
T03585,jazz,116.95,0.464,0.295,-14.34,0.618,0.575,0.516,sad
T03586,rock,105.95,0.47,0.021,-48.82,0.088,0.466,0.618,happy
T03587,reggae,123.56,0.874,0.944,-16.85,0.495,0.647,0.295,sad
T03588,jazz,166.74,0.763,0.17,-19.89,0.931,0.466,0.953,sad
T03589,metal,77.64,0.513,0.01,-15.11,0.897,0.644,0.52,energetic
T03590,hiphop,87.5,0.671,0.237,-48.66,0.337,0.307,0.183,calm
T03591,country,193.2,0.847,0.235,-50.54,0.531,0.838,0.108,calm
T03592,blues,84.57,0.01,0.422,-45.81,0.697,0.702,0.542,energetic
T03593,jazz,139.48,0.403,0.92,-38.05,0.34,0.33,0.375,angry
T03594,rock,141.1,0.907,0.879,-12.38,0.065,0.831,0.193,happy
T03595,disco,128.55,0.74,0.457,-15.72,0.505,0.487,0.031,calm
T03596,blues,150.26,0.543,0.411,-4.47,0.602,0.175,0.567,angry
T03597,hiphop,92.18,0.53,0.555,-56.48,0.006,0.078,0.599,energetic
T03598,blues,137.37,0.348,0.243,-59.31,0.096,0.7,0.142,romantic
T03599,pop,112.1,0.521,0.052,-18.05,0.207,0.865,0.602,happy
T03600,reggae,152.63,0.655,0.939,-43.24,0.348,0.807,0.952,energetic
T03601,jazz,79.77,0.418,0.187,-39.96,0.541,0.656,0.978,angry
T03602,rock,139.92,0.714,0.198,-27.19,0.294,0.141,0.888,calm
T03603,disco,85.94,0.861,0.472,-53.86,0.276,0.094,0.807,calm
T03604,country,99.01,0.155,0.492,-21.44,0.869,0.345,0.209,romantic
T03605,classical,90.62,0.452,0.018,-40.49,0.145,0.855,0.156,sad
T03606,disco,85.6,0.408,0.148,-22.04,0.495,0.962,0.445,energetic
T03607,disco,175.6,0.687,0.378,-9.96,0.953,0.241,0.62,sad
T03608,hiphop,100.0,0.25,0.684,-49.73,0.625,0.762,0.851,energetic
T03609,reggae,189.8,0.64,0.228,-4.15,0.717,0.574,0.232,calm
T03610,blues,195.79,0.877,0.423,-28.16,0.431,0.032,0.48,romantic
T03611,disco,139.98,0.418,0.557,-4.62,0.02,0.543,0.647,energetic
T03612,rock,80.02,0.911,0.889,-47.54,0.646,0.806,0.446,energetic
T03613,metal,112.44,0.993,0.326,-23.73,0.632,0.276,0.454,happy
T03614,jazz,171.68,0.106,0.134,-35.77,0.11,0.897,0.225,romantic
T03615,country,111.43,0.233,0.489,-13.55,0.462,0.236,0.987,angry
T03616,country,72.18,0.95,0.747,-23.65,0.915,0.076,0.475,happy
T03617,disco,137.95,0.958,0.11,-30.33,0.205,0.16,0.533,romantic
T03618,rock,178.32,0.098,0.425,-5.22,0.461,0.837,0.219,romantic
T03619,jazz,171.43,0.015,0.018,-37.37,0.461,0.417,0.514,happy
T03620,jazz,84.52,0.161,0.034,-46.8,0.811,0.797,0.255,romantic
T03621,rock,154.19,0.996,0.483,-23.51,0.825,0.531,0.202,romantic
T03622,blues,90.87,0.18,0.298,-22.56,0.759,0.481,0.276,sad
T03623,jazz,90.55,0.503,0.845,-33.65,0.365,0.807,0.003,energetic
T03624,rock,182.37,0.848,0.602,-30.8,0.072,0.423,0.57,angry
T03625,rock,94.95,0.02,0.454,-2.43,0.349,0.802,0.387,calm
T03626,country,96.85,0.604,0.408,-16.04,0.68,0.101,0.899,energetic
T03627,rock,60.09,0.277,0.497,-53.36,0.703,0.636,0.041,romantic
T03628,disco,181.89,0.862,0.04,-47.27,0.965,0.703,0.043,romantic
T03629,pop,170.96,0.283,0.893,-1.47,0.454,0.899,0.886,energetic
T03630,reggae,147.83,0.687,0.998,-16.41,0.632,0.224,0.127,romantic
T03631,hiphop,165.04,0.674,0.181,-5.1,0.539,0.604,0.002,happy
T03632,country,81.29,0.221,0.12,-41.77,0.151,0.433,0.179,angry
T03633,pop,124.17,0.035,0.144,-15.49,0.461,0.383,0.824,sad
T03634,blues,109.17,0.409,0.661,-17.16,0.545,0.107,0.803,calm
T03635,classical,73.13,0.289,0.661,-42.32,0.951,0.134,0.34,calm
T03636,blues,128.06,0.809,0.848,-26.95,0.367,0.837,0.668,happy
T03637,disco,188.9,0.8,0.752,-22.36,0.98,0.75,0.507,calm
T03638,rock,65.61,0.457,0.45,-31.13,0.542,0.382,0.905,energetic
T03639,disco,100.8,0.607,0.613,-10.37,0.242,0.828,0.056,energetic
T03640,blues,89.06,0.604,0.688,-10.03,0.192,0.081,0.813,happy
T03641,reggae,93.34,0.827,0.513,-8.96,0.142,0.625,0.171,sad
T03642,pop,187.18,0.425,0.476,-11.79,0.453,0.868,0.392,energetic
T03643,blues,125.53,0.275,0.645,-30.71,0.022,0.839,0.192,sad
T03644,jazz,125.28,0.265,0.557,-37.11,0.445,0.373,0.703,sad
T03645,rock,166.48,0.536,0.644,-10.12,0.988,0.745,0.678,calm
T03646,disco,81.63,0.449,0.613,-30.59,0.67,0.427,0.548,romantic
T03647,country,128.22,0.44,0.719,-45.22,0.76,0.84,0.698,energetic
T03648,jazz,120.2,0.091,0.643,-29.56,0.119,0.531,0.64,romantic
T03649,country,143.57,0.719,0.52,-51.49,0.473,0.765,0.776,calm
T03650,jazz,199.94,0.214,0.682,-18.5,0.286,0.079,0.239,happy
T03651,blues,167.72,0.197,0.449,-39.84,0.894,0.59,0.429,energetic
T03652,blues,115.7,0.413,0.242,-44.36,0.181,0.55,0.152,happy
T03653,country,175.86,0.228,0.001,-2.61,0.459,0.61,0.43,calm
T03654,rock,83.9,0.584,0.56,-13.39,0.588,0.696,0.702,calm
T03655,country,64.26,0.371,0.591,-12.78,0.514,0.918,0.691,romantic
T03656,classical,88.62,0.449,0.972,-22.58,0.83,0.786,0.709,calm
T03657,reggae,107.66,0.537,0.361,-9.65,0.231,0.22,0.309,energetic
T03658,jazz,131.48,0.204,0.394,-14.45,0.377,0.826,0.662,romantic
T03659,classical,146.12,0.156,0.202,-24.07,0.792,0.122,0.367,calm
T03660,jazz,187.48,0.88,0.071,-2.33,0.528,0.622,0.944,happy
T03661,metal,131.38,0.434,0.773,-48.5,0.402,0.883,0.343,sad
T03662,rock,130.18,0.412,0.25,-3.4,0.029,0.101,0.603,romantic
T03663,classical,67.03,0.036,0.609,-35.91,0.753,0.85,0.75,energetic
T03664,jazz,64.89,0.498,0.688,-28.3,0.972,0.799,0.906,angry
T03665,hiphop,137.16,0.554,0.471,-52.64,0.62,0.504,0.438,happy
T03666,jazz,121.35,0.559,0.876,-27.59,0.857,0.309,0.36,energetic
T03667,country,177.49,0.707,0.444,-23.33,0.517,0.405,0.43,calm
T03668,country,82.5,0.177,0.285,-0.14,0.232,0.969,0.324,angry
T03669,metal,63.5,0.252,0.896,-1.49,0.014,0.202,0.654,romantic
T03670,pop,122.87,0.811,0.862,-2.02,0.653,0.58,0.933,angry
T03671,jazz,93.25,0.947,0.164,-39.1,0.493,0.083,0.126,romantic
T03672,country,66.95,0.136,0.026,-0.52,0.782,0.218,0.561,energetic
T03673,reggae,161.44,0.498,0.09,-32.67,0.695,0.763,0.898,calm
T03674,rock,75.62,0.214,0.287,-8.89,0.988,0.303,0.1,romantic
T03675,jazz,145.16,0.06,0.972,-47.02,0.51,0.986,0.494,happy
T03676,disco,99.35,0.326,0.559,-29.65,0.427,0.501,0.865,happy
T03677,rock,84.29,0.144,0.373,-2.04,0.287,0.517,0.9,romantic
T03678,country,113.17,0.71,0.889,-3.18,0.477,0.036,0.514,romantic
T03679,metal,172.2,0.534,0.453,-18.98,0.873,0.957,0.025,sad
T03680,hiphop,114.89,0.144,0.315,-12.13,0.042,0.174,0.106,romantic
T03681,hiphop,165.11,0.009,0.941,-49.41,0.978,0.538,0.587,calm
T03682,country,77.57,0.808,0.85,-16.7,0.993,0.396,0.124,romantic
T03683,country,168.19,0.176,0.844,-22.92,0.598,0.416,0.149,sad
T03684,blues,93.17,0.606,0.512,-54.51,0.332,0.643,0.772,happy
T03685,rock,154.84,0.337,0.789,-53.21,0.223,0.662,0.751,calm
T03686,metal,139.21,0.585,0.179,-53.49,0.276,0.154,0.843,sad
T03687,rock,190.08,0.316,0.573,-16.54,0.05,0.5,0.106,romantic
T03688,blues,114.23,0.087,0.984,-51.5,0.475,0.79,0.198,energetic
T03689,country,69.26,0.223,0.291,-31.94,0.057,0.443,0.833,energetic
T03690,rock,62.68,0.188,0.794,-38.58,0.718,0.166,0.721,angry
T03691,jazz,175.76,0.428,0.49,-26.97,0.372,0.313,0.806,happy
T03692,rock,133.46,0.658,0.04,-17.61,0.199,0.212,0.99,happy
T03693,disco,168.53,0.264,0.763,-18.92,0.545,0.126,0.864,sad
T03694,rock,92.82,0.012,0.169,-29.07,0.974,0.378,0.52,sad
T03695,classical,108.31,0.519,0.631,-32.14,0.695,0.541,0.311,angry
T03696,pop,64.21,0.606,0.086,-36.13,0.492,0.073,0.57,romantic
T03697,country,194.61,0.963,0.947,-8.29,0.777,0.604,0.639,romantic
T03698,jazz,153.5,0.589,0.292,-40.15,0.737,0.993,0.335,sad
T03699,classical,190.65,0.471,0.226,-44.44,0.892,0.964,0.771,angry
T03700,disco,97.17,0.573,0.129,-15.4,0.205,0.829,0.093,romantic
T03701,jazz,145.6,0.928,0.946,-38.41,0.859,0.266,0.779,calm
T03702,jazz,154.99,0.828,0.712,-9.18,0.301,0.022,0.032,energetic
T03703,country,104.46,0.323,0.742,-40.33,0.941,0.834,0.498,calm
T03704,classical,178.74,0.237,0.499,-17.88,0.281,0.056,0.861,calm
T03705,jazz,192.6,0.263,0.475,-57.29,0.927,0.206,0.086,romantic
T03706,pop,183.88,0.504,0.11,-36.87,0.964,0.544,0.518,sad
T03707,blues,163.47,0.744,0.56,-39.41,0.145,0.178,0.159,energetic
T03708,hiphop,98.85,0.503,0.247,-11.0,0.974,0.834,0.895,sad
T03709,disco,99.43,0.068,0.977,-1.98,0.086,0.777,0.832,romantic
T03710,disco,194.87,0.724,0.797,-32.35,0.219,0.756,0.934,angry
T03711,classical,61.44,0.806,0.413,-10.51,0.444,0.816,0.875,energetic
T03712,jazz,160.25,0.289,0.151,-18.02,0.994,0.22,0.737,energetic
T03713,hiphop,158.87,0.664,0.785,-1.96,0.489,0.729,0.185,sad
T03714,classical,147.18,0.427,0.122,-11.33,0.55,0.355,0.303,happy
T03715,blues,198.62,0.889,0.189,-55.35,0.694,0.667,0.497,calm
T03716,blues,103.66,0.845,0.212,-17.2,0.968,0.122,0.589,energetic
T03717,metal,107.6,0.525,0.557,-27.87,0.783,0.706,0.782,sad
T03718,pop,71.05,0.692,0.787,-59.01,0.224,0.972,0.227,calm
T03719,metal,121.99,0.883,0.314,-44.92,0.303,0.044,0.128,calm
T03720,country,96.55,0.496,0.085,-4.69,0.098,0.094,0.483,angry
T03721,metal,108.07,0.313,0.465,-4.44,0.644,0.124,0.158,sad
T03722,pop,176.84,0.754,0.748,-12.07,0.181,0.431,0.694,happy
T03723,metal,190.97,0.22,0.222,-1.09,0.257,0.291,0.576,happy
T03724,jazz,86.0,0.389,0.22,-11.61,0.888,0.807,0.741,angry
T03725,reggae,112.15,0.866,0.947,-59.39,0.327,0.474,0.063,romantic
T03726,metal,190.01,0.724,0.954,-42.73,0.567,0.485,0.965,angry
T03727,classical,68.65,0.404,0.99,-58.16,0.398,0.717,0.0,romantic
T03728,pop,72.93,0.215,0.808,-54.35,0.074,0.362,0.325,sad
T03729,rock,82.79,0.356,0.188,-46.87,0.363,0.353,0.68,happy
T03730,disco,143.33,0.284,0.212,-29.79,0.408,0.757,0.045,calm
T03731,country,81.07,0.176,0.34,-9.15,0.896,0.78,0.083,sad
T03732,pop,195.53,0.743,0.318,-8.28,0.324,0.014,0.077,energetic
T03733,classical,122.54,0.252,0.957,-23.03,0.379,0.144,0.582,romantic
T03734,blues,130.21,0.454,0.789,-4.31,0.783,0.213,0.896,sad
T03735,hiphop,94.53,0.386,0.724,-30.0,0.759,0.352,0.555,happy
T03736,blues,125.93,0.982,0.186,-6.66,0.798,0.291,0.604,calm
T03737,jazz,152.67,0.391,0.91,-32.76,0.954,0.669,0.346,angry
T03738,hiphop,165.16,0.08,0.828,-43.37,0.796,0.828,0.019,calm
T03739,classical,165.54,0.09,0.164,-5.02,0.408,0.192,0.022,angry
T03740,classical,140.9,0.591,0.871,-36.72,0.822,0.563,0.888,energetic
T03741,jazz,186.61,0.599,0.272,-29.8,0.509,0.368,0.103,sad
T03742,country,174.44,0.419,0.081,-40.27,0.278,0.506,1.0,happy
T03743,metal,165.99,0.432,0.657,-20.23,0.303,0.621,0.164,energetic
T03744,country,67.78,0.054,0.654,-0.3,0.224,0.894,0.675,sad
T03745,classical,60.96,0.517,0.095,-58.47,0.145,0.192,0.949,angry
T03746,reggae,89.74,0.505,0.319,-6.01,0.184,0.087,0.362,happy
T03747,classical,152.89,0.15,0.993,-59.76,0.063,0.627,0.734,happy
T03748,jazz,117.57,0.104,0.678,-38.15,0.888,0.394,0.351,romantic
T03749,rock,116.34,0.124,0.73,-49.88,0.931,0.163,0.305,angry
T03750,rock,183.84,0.101,0.213,-14.56,0.587,0.117,0.202,calm
T03751,pop,185.38,0.61,0.079,-56.96,0.84,0.559,0.821,calm
T03752,blues,187.28,0.196,0.277,-26.79,0.184,0.3,0.257,romantic
T03753,metal,103.94,0.251,0.249,-42.3,0.902,0.997,0.283,calm
T03754,country,156.75,0.174,0.235,-51.98,0.506,0.406,0.999,happy
T03755,rock,98.03,0.958,0.193,-13.69,0.067,0.212,0.327,sad
T03756,metal,86.69,0.855,0.575,-46.95,0.141,0.629,0.423,romantic
T03757,country,85.85,0.23,0.328,-46.58,0.309,0.244,0.99,sad
T03758,blues,107.9,0.328,0.82,-43.5,0.044,0.494,0.369,sad
T03759,classical,120.19,0.21,0.184,-24.79,0.309,0.483,0.366,energetic
T03760,jazz,176.33,0.492,0.465,-20.42,0.06,0.454,0.828,energetic
T03761,disco,76.78,0.02,0.014,-58.94,0.236,0.796,0.312,romantic
T03762,disco,162.89,0.671,0.482,-45.49,0.266,0.217,0.234,calm
T03763,metal,134.4,0.523,0.056,-34.14,0.994,0.904,0.423,calm
T03764,reggae,100.31,0.899,0.978,-40.08,0.236,0.791,0.701,sad
T03765,reggae,128.99,0.164,0.791,-6.95,0.239,0.333,0.043,calm
T03766,hiphop,101.99,0.804,0.49,-12.74,0.687,0.181,0.374,sad
T03767,hiphop,143.45,0.792,0.087,-22.45,0.859,0.28,0.346,angry
T03768,hiphop,120.74,0.127,0.592,-39.72,0.387,0.333,0.245,sad
T03769,disco,83.02,0.399,0.759,-17.96,0.876,0.557,0.654,energetic
T03770,classical,76.32,0.17,0.191,-9.38,0.34,0.046,0.29,romantic
T03771,blues,136.54,0.255,0.568,-24.31,0.197,0.914,0.607,romantic
T03772,metal,186.34,0.263,0.814,-12.93,0.33,0.099,0.504,sad
T03773,rock,108.15,0.556,0.768,-15.05,0.609,0.279,0.217,calm
T03774,reggae,162.62,0.411,0.803,-25.7,0.367,0.109,0.267,sad
T03775,pop,152.21,0.948,0.879,-41.27,0.673,0.257,0.171,calm
T03776,country,190.42,0.126,0.938,-15.25,0.237,0.838,0.057,sad
T03777,blues,174.94,0.974,0.406,-47.59,0.701,0.615,0.619,happy
T03778,jazz,139.32,0.231,0.569,-13.23,0.347,0.227,0.673,energetic
T03779,blues,151.98,0.773,0.791,-11.73,0.456,0.872,0.166,energetic
T03780,metal,185.77,0.339,0.697,-10.67,0.558,0.801,0.615,sad
T03781,classical,115.93,0.143,0.996,-31.63,0.686,0.754,0.982,angry
T03782,hiphop,105.75,0.858,0.014,-48.45,0.239,0.848,0.074,calm
T03783,rock,61.51,0.309,0.355,-54.02,0.836,0.62,0.49,sad
T03784,pop,175.72,0.659,0.281,-15.4,0.722,0.501,0.733,energetic
T03785,disco,172.14,0.566,0.262,-6.82,0.234,0.374,0.046,angry
T03786,classical,74.62,0.472,0.223,-20.95,0.975,0.224,0.778,romantic
T03787,blues,140.76,0.496,0.709,-51.35,0.665,0.557,0.98,romantic
T03788,disco,124.96,0.732,0.085,-3.91,0.452,0.889,0.088,calm
T03789,country,76.62,0.088,0.742,-0.65,0.158,0.594,0.822,happy
T03790,hiphop,197.28,0.668,0.693,-34.0,0.533,0.92,0.379,happy
T03791,classical,90.06,0.896,0.251,-24.31,0.165,0.357,0.144,calm
T03792,pop,69.41,0.058,0.253,-13.37,0.429,0.695,0.493,sad
T03793,classical,143.28,0.141,0.629,-15.82,0.409,0.649,0.072,energetic
T03794,hiphop,163.44,0.717,0.762,-1.93,0.72,0.67,0.522,romantic
T03795,metal,64.54,0.437,0.876,-53.11,0.192,0.645,0.019,calm
T03796,pop,152.22,0.404,0.852,-25.16,0.822,0.222,0.729,romantic
T03797,pop,134.52,0.137,0.965,-18.48,0.326,0.144,0.488,sad
T03798,hiphop,74.46,0.507,0.581,-6.59,0.444,0.979,0.459,romantic
T03799,classical,84.15,0.127,0.909,-7.55,0.772,0.045,0.196,calm
T03800,reggae,139.52,0.477,0.809,-1.32,0.625,0.468,0.361,romantic
T03801,metal,101.49,0.764,0.895,-29.28,0.308,0.425,0.182,calm
T03802,country,191.36,0.258,0.012,-10.15,0.386,0.36,0.735,romantic
T03803,jazz,174.62,0.481,0.966,-34.36,0.306,0.782,0.199,angry
T03804,metal,197.7,0.992,0.474,-34.66,0.595,0.745,0.617,energetic
T03805,jazz,96.35,0.687,0.798,-44.8,0.333,0.905,0.28,happy
T03806,country,195.76,0.841,0.127,-10.91,0.726,0.395,0.657,happy
T03807,pop,120.37,0.415,0.396,-0.85,0.58,0.564,0.54,angry
T03808,blues,108.65,0.768,0.271,-44.62,0.146,0.892,0.423,happy
T03809,hiphop,67.05,0.041,0.292,-56.63,0.31,0.994,0.673,happy
T03810,pop,67.39,0.123,0.123,-11.07,0.221,0.969,0.416,energetic
T03811,pop,156.88,0.203,0.806,-22.79,0.39,0.718,0.821,sad
T03812,hiphop,124.11,0.402,0.009,-2.42,0.516,0.143,0.73,calm
T03813,disco,91.71,0.846,0.313,-44.87,0.507,0.023,0.541,energetic
T03814,hiphop,145.96,0.346,0.174,-55.74,0.755,0.825,0.877,angry
T03815,rock,95.4,0.655,0.589,-30.45,0.189,0.841,0.829,romantic
T03816,blues,140.87,0.709,0.254,-54.87,0.946,0.746,0.532,angry
T03817,country,110.29,0.586,0.259,-44.29,0.343,0.28,0.068,romantic
T03818,classical,175.3,0.357,0.488,-52.44,0.3,0.64,0.566,romantic
T03819,classical,174.9,0.577,0.653,-46.55,0.685,0.316,0.355,happy
T03820,jazz,126.83,0.342,0.121,-53.63,0.806,0.451,0.54,happy
T03821,reggae,109.11,0.084,0.176,-2.77,0.378,0.382,0.647,energetic
T03822,metal,110.76,0.993,0.247,-43.29,0.747,0.914,0.645,angry
T03823,rock,172.8,0.127,0.974,-33.37,0.884,0.234,0.674,angry
T03824,disco,105.95,0.072,0.397,-6.08,0.767,0.578,0.679,calm
T03825,reggae,89.27,0.879,0.599,-19.36,0.034,0.361,0.109,energetic
T03826,blues,71.86,0.302,0.242,-22.92,0.827,0.663,0.192,calm
T03827,metal,125.34,0.65,0.49,-17.67,0.774,0.565,0.631,romantic
T03828,reggae,127.5,0.329,0.074,-10.27,0.669,0.924,0.408,energetic
T03829,metal,177.73,0.391,0.035,-7.34,0.76,0.102,0.763,sad
T03830,reggae,90.97,0.262,0.469,-21.44,0.979,0.221,0.125,angry
T03831,pop,113.34,0.343,0.399,-6.6,0.431,0.766,0.192,happy
T03832,rock,173.18,0.411,0.137,-27.88,0.067,0.369,0.558,angry
T03833,disco,175.31,0.72,0.688,-43.36,0.461,0.166,0.501,sad
T03834,pop,113.85,0.512,0.993,-7.2,0.046,0.503,0.266,energetic
T03835,hiphop,124.28,0.944,0.396,-27.51,0.294,0.652,0.408,sad
T03836,classical,102.46,0.042,0.625,-5.63,0.587,0.045,0.035,angry
T03837,metal,190.56,0.503,0.963,-57.59,0.31,0.292,0.037,calm
T03838,blues,76.61,0.584,0.832,-36.15,0.685,0.809,0.095,energetic
T03839,reggae,190.72,0.92,0.464,-3.13,0.822,0.52,0.577,calm
T03840,rock,155.74,0.049,0.737,-45.02,0.42,0.035,0.864,sad
T03841,reggae,134.42,0.573,0.128,-3.51,0.9,0.282,0.26,happy
T03842,rock,64.57,0.854,0.512,-2.77,0.08,0.639,0.034,energetic
T03843,rock,126.58,0.242,0.279,-7.07,0.84,0.199,0.709,romantic
T03844,country,117.08,0.876,0.161,-26.18,0.829,0.827,0.855,angry
T03845,classical,82.57,0.019,0.426,-21.18,0.322,0.677,0.138,calm
T03846,pop,151.9,0.732,0.131,-7.82,0.299,0.471,0.386,sad
T03847,country,195.96,0.933,0.699,-13.45,0.305,0.916,0.159,energetic
T03848,country,138.71,0.657,0.456,-22.19,0.811,0.392,0.106,happy
T03849,disco,160.07,0.439,0.531,-1.06,0.832,0.235,0.648,energetic
T03850,disco,69.58,0.045,0.146,-18.86,0.33,0.661,0.968,happy
T03851,country,118.47,0.92,0.14,-1.47,0.593,0.573,0.678,sad
T03852,blues,76.29,0.47,0.583,-56.56,0.139,0.335,0.985,calm
T03853,metal,145.79,0.029,0.985,-51.66,0.469,0.344,0.434,energetic
T03854,classical,191.39,0.69,0.096,-32.91,0.999,0.398,0.898,romantic
T03855,metal,152.65,0.482,0.286,-36.91,0.159,0.291,0.205,energetic
T03856,disco,70.75,0.124,0.869,-13.04,0.948,0.71,0.118,calm
T03857,country,109.65,0.214,0.072,-50.36,0.824,0.651,0.703,energetic
T03858,rock,137.09,0.064,0.876,-1.43,0.972,0.441,0.371,energetic
T03859,hiphop,116.45,0.574,0.524,-41.1,0.18,0.398,0.318,angry
T03860,jazz,176.71,0.622,0.408,-34.26,0.214,0.365,0.671,energetic
T03861,classical,174.05,0.506,0.31,-43.52,0.017,0.283,0.333,angry
T03862,classical,145.66,0.817,0.297,-25.24,0.725,0.086,0.573,energetic
T03863,metal,112.28,0.861,0.306,-56.48,0.644,0.268,0.299,calm
T03864,reggae,95.75,0.616,0.885,-51.02,0.178,0.321,0.784,sad
T03865,metal,74.82,0.013,0.724,-15.25,0.791,0.548,0.312,energetic
T03866,reggae,109.69,0.695,0.67,-48.81,0.299,0.774,0.535,romantic
T03867,jazz,117.84,0.418,0.799,-45.87,0.135,0.396,0.023,calm
T03868,hiphop,154.62,0.566,0.257,-12.42,0.423,0.945,0.792,sad
T03869,reggae,152.14,0.649,0.618,-54.4,0.091,0.827,0.62,angry
T03870,pop,69.82,0.35,0.46,-33.75,0.263,0.985,0.192,romantic
T03871,blues,115.34,0.917,0.782,-58.62,0.371,0.876,0.215,romantic
T03872,rock,85.45,0.134,0.309,-39.19,0.852,0.617,0.262,calm
T03873,rock,81.95,0.672,0.643,-18.06,0.793,0.598,0.577,happy
T03874,reggae,175.82,0.004,0.882,-54.59,0.443,0.13,0.548,sad
T03875,metal,65.87,0.925,0.402,-6.7,0.725,0.722,0.274,sad
T03876,classical,118.69,0.113,0.067,-5.43,0.569,0.6,0.694,happy
T03877,metal,83.55,0.095,0.516,-53.7,0.341,0.507,0.889,sad
T03878,country,183.11,0.333,0.346,-0.56,0.726,0.693,0.044,sad
T03879,country,137.99,0.374,0.672,-42.15,0.683,0.444,0.417,happy
T03880,rock,92.39,0.214,0.951,-54.95,0.619,0.524,0.594,calm
T03881,rock,130.34,0.585,0.486,-59.7,0.618,0.398,0.586,energetic
T03882,rock,162.41,0.443,0.466,-35.49,0.683,0.717,0.02,sad
T03883,classical,194.14,0.034,0.655,-22.21,0.385,0.877,0.211,romantic
T03884,classical,90.86,0.32,0.103,-40.07,0.869,0.841,0.062,calm
T03885,rock,184.07,0.81,0.254,-9.8,0.162,0.786,0.569,calm
T03886,classical,190.8,0.69,0.919,-17.0,0.884,0.014,0.645,happy
T03887,hiphop,188.3,0.725,0.67,-38.99,0.342,0.912,0.16,calm
T03888,reggae,148.96,0.698,0.013,-15.94,0.125,0.275,0.333,happy
T03889,jazz,148.17,0.311,0.205,-3.57,0.6,0.888,0.33,calm
T03890,metal,116.45,0.1,0.683,-54.41,0.376,0.197,0.82,energetic
T03891,hiphop,165.34,0.272,0.764,-41.63,0.815,0.44,0.195,romantic
T03892,metal,134.38,0.832,0.84,-32.2,0.431,0.749,0.548,angry
T03893,pop,154.84,0.98,0.292,-30.12,0.669,0.64,0.783,calm
T03894,rock,119.98,0.494,0.931,-27.47,0.308,0.416,0.83,calm
T03895,rock,162.41,0.01,0.553,-41.96,0.209,0.679,0.667,calm
T03896,pop,175.43,0.14,0.697,-19.96,0.388,0.549,0.3,happy
T03897,blues,80.5,0.322,0.597,-21.29,0.607,0.276,0.823,romantic
T03898,country,176.61,0.579,0.123,-25.33,0.657,0.646,0.742,sad
T03899,hiphop,135.64,0.075,0.963,-53.17,0.578,0.204,0.704,happy
T03900,metal,178.25,0.943,0.123,-31.38,0.988,0.694,0.067,energetic
T03901,country,120.38,0.365,0.255,-38.63,0.691,0.003,0.043,happy
T03902,rock,113.07,0.913,0.814,-30.54,0.932,0.549,0.695,sad
T03903,rock,188.11,0.781,0.619,-4.69,0.118,0.401,0.945,energetic
T03904,metal,95.16,0.755,0.838,-31.17,0.061,0.303,0.774,sad
T03905,blues,178.19,0.607,0.516,-59.16,0.311,0.516,0.831,sad
T03906,metal,127.76,0.627,0.377,-33.67,0.137,0.645,0.545,romantic
T03907,jazz,131.97,0.638,0.922,-10.76,0.526,0.965,0.305,angry
T03908,disco,103.19,0.629,0.036,-13.2,0.519,0.833,0.678,energetic
T03909,blues,140.23,0.554,0.856,-29.2,0.575,0.717,0.712,angry
T03910,pop,105.53,0.986,0.231,-45.01,0.745,0.479,0.675,romantic
T03911,hiphop,65.5,0.732,0.849,-32.09,0.971,0.392,0.947,angry
T03912,jazz,98.08,0.777,0.139,-26.18,0.878,0.033,0.367,sad
T03913,blues,60.89,0.872,0.58,-0.01,0.118,0.359,0.04,angry
T03914,jazz,196.97,0.216,0.888,-21.35,0.339,0.848,0.908,happy
T03915,hiphop,195.2,0.084,0.474,-18.34,0.256,0.384,0.16,angry
T03916,hiphop,115.32,0.483,0.747,-30.51,0.177,0.462,0.697,angry
T03917,hiphop,161.97,0.514,0.805,-38.73,0.545,0.272,0.873,sad
T03918,pop,108.41,0.829,0.736,-11.22,0.553,0.274,0.31,calm
T03919,classical,153.95,0.444,0.925,-30.3,0.227,0.062,0.83,happy
T03920,disco,172.76,0.571,0.447,-0.32,0.712,0.614,0.332,sad
T03921,country,192.55,0.527,0.173,-32.57,0.733,0.448,0.794,calm
T03922,hiphop,116.03,0.038,0.048,-55.92,0.021,0.606,0.07,romantic
T03923,pop,169.66,0.615,0.246,-19.05,0.396,0.547,0.655,happy
T03924,jazz,97.23,0.828,0.143,-57.2,0.89,0.799,0.677,energetic
T03925,hiphop,198.65,0.158,0.558,-44.97,0.52,0.751,0.491,happy
T03926,metal,63.61,0.594,0.185,-38.78,0.348,0.771,0.687,energetic
T03927,rock,144.49,0.594,0.039,-15.63,0.254,0.499,0.923,romantic
T03928,classical,152.33,0.164,0.036,-30.35,0.243,0.354,0.734,romantic
T03929,disco,156.33,0.123,0.832,-58.28,0.1,0.933,0.961,happy
T03930,pop,76.85,0.98,0.591,-22.99,0.817,0.054,0.449,calm
T03931,disco,191.39,0.394,0.358,-35.31,0.087,0.153,0.528,energetic
T03932,metal,85.37,0.227,0.894,-4.69,0.292,0.42,0.264,angry
T03933,pop,147.19,0.171,0.07,-30.03,0.046,0.614,0.986,happy
T03934,reggae,91.17,0.668,0.98,-17.46,0.781,0.008,0.055,energetic
T03935,jazz,103.01,0.609,0.616,-46.87,0.039,0.719,0.359,sad
T03936,blues,136.5,0.644,0.183,-14.34,0.308,0.559,0.298,happy
T03937,reggae,118.41,0.088,0.679,-16.74,0.573,0.485,0.387,happy
T03938,country,82.43,0.894,0.763,-5.76,0.41,0.423,0.918,calm
T03939,classical,83.93,0.389,0.429,-57.97,0.282,0.519,0.368,romantic
T03940,hiphop,118.54,0.313,0.862,-33.15,0.275,0.162,0.917,romantic
T03941,reggae,166.02,0.462,0.151,-19.25,0.798,0.109,0.423,calm
T03942,metal,185.72,0.39,0.279,-54.29,0.974,0.29,0.855,calm
T03943,country,71.78,0.864,0.093,-35.36,0.348,0.71,0.522,romantic
T03944,reggae,115.03,0.929,0.211,-3.47,0.039,0.588,0.311,energetic
T03945,rock,74.03,0.303,0.239,-33.84,0.037,0.48,0.449,angry
T03946,blues,62.32,0.864,0.918,-0.88,0.759,0.572,0.424,romantic
T03947,country,152.64,0.782,0.078,-56.59,0.552,0.559,0.26,happy
T03948,disco,144.34,0.931,0.427,-16.93,0.784,0.307,0.29,energetic
T03949,disco,82.82,0.246,0.532,-25.14,0.697,0.097,0.186,happy
T03950,blues,92.73,0.577,0.899,-29.97,0.908,0.897,0.336,romantic
T03951,disco,63.32,0.275,0.998,-1.75,0.886,0.6,0.624,angry
T03952,blues,176.89,0.824,0.753,-52.22,0.788,0.698,0.387,calm
T03953,pop,196.46,0.005,0.971,-6.24,0.475,0.464,0.712,energetic
T03954,blues,78.96,0.565,0.787,-18.53,0.308,0.756,0.987,romantic
T03955,jazz,92.41,0.339,0.963,-44.46,0.507,0.584,0.377,romantic
T03956,disco,181.58,0.323,0.707,-5.9,0.502,0.054,0.463,angry
T03957,hiphop,189.7,0.645,0.08,-34.24,0.61,0.89,0.164,sad
T03958,jazz,118.75,0.851,0.402,-11.15,0.186,0.306,0.392,sad
T03959,pop,67.09,0.609,0.647,-36.67,0.656,0.138,0.727,happy
T03960,reggae,65.51,0.853,0.351,-8.94,0.457,0.088,0.217,romantic
T03961,metal,140.35,0.265,0.273,-21.8,0.62,0.72,0.182,energetic
T03962,classical,115.01,0.52,0.577,-51.54,0.24,0.704,0.376,energetic
T03963,blues,64.01,0.451,0.934,-21.02,0.434,0.7,0.819,happy
T03964,disco,141.66,0.012,0.035,-48.52,0.21,0.916,0.624,romantic
T03965,jazz,61.58,0.557,0.769,-35.28,0.875,0.349,0.958,happy
T03966,pop,170.23,0.662,0.723,-49.78,0.488,0.561,0.905,angry
T03967,rock,102.9,0.592,0.964,-58.68,0.225,0.619,0.151,angry
T03968,pop,65.64,0.736,0.931,-47.29,0.041,0.979,0.043,calm
T03969,country,142.37,0.571,0.762,-27.82,0.676,0.312,0.399,happy
T03970,pop,115.68,0.067,0.52,-31.11,0.215,0.956,0.522,calm
T03971,rock,196.33,0.116,0.204,-29.91,0.99,0.149,0.516,energetic
T03972,reggae,136.19,0.596,0.545,-45.14,0.534,0.764,0.134,sad
T03973,jazz,98.53,0.275,0.765,-18.89,0.289,0.633,0.125,sad
T03974,jazz,159.32,0.08,0.896,-17.74,0.658,0.817,0.047,calm
T03975,country,98.01,0.43,0.79,-38.52,0.275,0.029,0.851,happy
T03976,hiphop,186.59,0.554,0.195,-7.13,0.82,0.078,0.948,happy
T03977,classical,112.46,0.329,0.6,-21.36,0.308,0.07,0.116,sad
T03978,hiphop,136.98,0.72,0.332,-17.22,0.988,0.593,0.213,sad
T03979,blues,67.08,0.644,0.009,-43.36,0.605,0.603,0.09,calm
T03980,metal,119.66,0.333,0.2,-59.96,0.844,0.906,0.878,calm
T03981,blues,176.53,0.755,0.113,-8.08,0.073,0.468,0.959,energetic
T03982,country,172.79,0.649,0.843,-10.65,0.348,0.068,0.262,romantic
T03983,rock,91.4,0.637,0.259,-52.61,0.737,0.21,0.304,romantic
T03984,disco,91.65,0.553,0.285,-37.55,0.655,0.008,0.363,sad
T03985,disco,174.42,0.011,0.96,-20.32,0.194,0.777,0.502,happy
T03986,disco,190.26,0.697,0.379,-20.87,0.356,0.816,0.682,energetic
T03987,disco,73.35,0.376,0.01,-8.38,0.263,0.998,0.504,calm
T03988,hiphop,123.01,0.943,0.284,-51.58,0.613,0.412,0.951,calm
T03989,metal,107.24,0.818,0.119,-34.2,0.345,0.019,0.1,romantic
T03990,reggae,181.9,0.588,0.103,-54.17,0.309,0.235,0.799,energetic
T03991,blues,71.69,0.252,0.077,-36.62,0.207,0.588,0.334,romantic
T03992,blues,89.56,0.204,0.593,-59.09,0.409,0.962,0.378,angry
T03993,pop,165.35,0.34,0.189,-6.1,0.196,0.104,0.709,sad
T03994,country,67.18,0.477,0.361,-28.38,0.963,0.122,0.929,energetic
T03995,country,128.95,0.296,0.862,-9.01,0.155,0.702,0.716,romantic
T03996,rock,121.89,0.515,0.424,-56.41,0.913,0.667,0.776,happy
T03997,blues,106.82,0.165,0.916,-46.35,0.428,0.251,0.751,energetic
T03998,disco,115.24,0.978,0.498,-44.44,0.378,0.813,0.321,angry
T03999,hiphop,134.19,0.108,0.399,-36.8,0.231,0.129,0.757,sad
T04000,rock,82.59,0.932,0.75,-11.83,0.636,0.926,0.785,calm
T04001,hiphop,140.08,0.914,0.073,-36.81,0.686,0.201,0.533,calm
T04002,hiphop,172.76,0.525,0.089,-47.72,0.468,0.081,0.537,calm
T04003,metal,166.42,0.725,0.652,-56.1,0.056,0.34,0.76,calm
T04004,metal,81.55,0.436,0.487,-55.23,0.919,0.188,0.817,energetic
T04005,jazz,80.89,0.63,0.79,-14.4,0.98,0.527,0.337,angry
T04006,pop,97.54,0.341,0.916,-33.31,0.431,0.687,0.802,angry
T04007,hiphop,110.55,0.301,0.388,-16.43,0.614,0.491,0.814,calm
T04008,disco,117.18,0.578,0.596,-19.06,0.45,0.661,0.234,happy
T04009,pop,155.16,0.498,0.501,-51.88,0.322,0.365,0.717,calm
T04010,hiphop,67.94,0.58,0.982,-51.43,0.077,0.028,0.187,energetic
T04011,reggae,64.85,0.287,0.831,-14.68,0.456,0.974,0.093,angry
T04012,rock,114.87,0.367,0.912,-16.72,0.818,0.819,0.575,sad
T04013,metal,157.6,0.084,0.254,-37.32,0.017,0.073,0.909,calm
T04014,rock,87.08,0.052,0.773,-55.35,0.582,0.449,0.035,romantic
T04015,classical,149.81,0.253,0.265,-59.27,0.881,0.635,0.827,calm
T04016,blues,96.38,0.074,0.209,-42.71,0.218,0.191,0.506,happy
T04017,reggae,184.05,0.104,0.944,-59.45,0.183,0.578,0.861,happy
T04018,jazz,185.4,0.813,0.019,-46.2,0.772,0.534,0.843,angry
T04019,reggae,101.62,0.039,0.965,-34.83,0.255,0.208,0.875,energetic
T04020,rock,92.2,0.659,0.149,-52.72,0.192,0.141,0.769,calm
T04021,rock,117.58,0.273,0.819,-53.74,0.378,0.759,0.843,romantic
T04022,hiphop,93.67,0.872,0.276,-6.21,0.393,0.323,0.176,sad
T04023,hiphop,154.13,0.485,0.351,-24.87,0.874,0.244,0.304,romantic
T04024,classical,175.65,0.306,0.217,-3.93,0.618,0.738,0.242,romantic
T04025,pop,154.23,0.518,0.586,-39.25,0.406,0.736,0.742,romantic
T04026,classical,175.41,0.382,0.348,-19.37,0.534,0.276,0.154,sad
T04027,jazz,115.58,0.564,0.657,-47.72,0.954,0.873,0.182,calm
T04028,hiphop,81.88,0.115,0.016,-22.9,0.113,0.688,0.879,angry
T04029,jazz,163.31,0.997,0.064,-52.22,0.208,0.346,0.706,romantic
T04030,hiphop,110.47,0.426,0.1,-59.88,0.963,0.427,0.875,romantic
T04031,hiphop,153.98,0.348,0.419,-4.11,0.957,0.727,0.139,angry
T04032,hiphop,97.89,0.71,0.815,-26.71,0.177,0.212,0.399,happy
T04033,disco,71.37,0.364,0.888,-4.38,0.145,0.469,0.283,energetic
T04034,country,198.96,0.833,0.245,-39.97,0.421,0.654,0.01,calm
T04035,reggae,81.87,0.454,0.574,-40.33,0.05,0.539,0.285,calm
T04036,disco,198.38,0.72,0.768,-35.96,0.655,0.608,0.38,happy
T04037,blues,196.82,0.107,0.289,-17.64,0.077,0.546,0.092,calm
T04038,rock,171.13,0.846,0.409,-26.05,0.058,0.199,0.566,energetic
T04039,metal,152.32,0.736,0.524,-4.48,0.485,0.41,0.383,sad
T04040,jazz,140.89,0.212,0.135,-58.47,0.958,0.532,0.046,sad
T04041,country,181.25,0.145,0.026,-17.51,0.427,0.78,0.704,romantic
T04042,blues,100.52,0.316,0.153,-40.18,0.356,0.654,0.729,energetic
T04043,pop,125.48,0.976,0.627,-49.19,0.998,0.427,0.834,sad
T04044,hiphop,146.71,0.257,0.074,-29.38,0.532,0.974,0.486,angry
T04045,hiphop,117.57,0.456,0.19,-29.7,0.375,0.108,0.969,calm
T04046,metal,119.85,0.03,0.338,-51.78,0.386,0.207,0.914,energetic
T04047,metal,106.24,0.397,0.078,-47.89,0.195,0.341,0.551,angry
T04048,metal,138.99,0.571,0.192,-35.51,0.512,0.229,0.445,happy
T04049,blues,179.08,0.953,0.911,-35.47,0.439,0.625,0.003,angry
T04050,rock,88.21,0.517,0.019,-40.95,0.271,0.04,0.711,happy
T04051,rock,190.82,0.819,0.653,-51.09,0.161,0.177,0.565,happy
T04052,disco,156.47,0.547,0.384,-59.74,0.311,0.293,0.938,angry
T04053,jazz,175.26,0.041,0.673,-1.79,0.509,0.683,0.594,happy
T04054,disco,137.87,0.315,0.589,-3.39,0.058,0.876,0.993,angry
T04055,reggae,169.13,0.576,0.223,-30.98,0.154,0.798,0.854,calm
T04056,pop,62.27,0.951,0.847,-0.3,0.948,0.182,0.954,calm
T04057,jazz,174.57,0.859,0.492,-19.58,0.543,0.565,0.328,happy
T04058,reggae,65.62,0.228,0.823,-55.87,0.063,0.03,0.149,calm
T04059,hiphop,184.59,0.22,0.406,-52.94,0.693,0.311,0.797,romantic
T04060,country,198.87,0.201,0.985,-5.03,0.062,0.806,0.786,romantic
T04061,reggae,101.17,0.922,0.77,-22.2,0.739,0.457,0.211,angry
T04062,country,89.44,0.853,0.966,-9.41,0.75,0.15,0.765,energetic
T04063,hiphop,167.15,0.775,0.514,-6.1,0.651,0.439,0.582,energetic
T04064,classical,95.42,0.393,0.474,-33.12,0.732,0.198,0.11,energetic
T04065,pop,181.18,0.504,0.755,-57.09,0.088,0.393,0.502,angry
T04066,country,74.4,0.464,0.88,-48.7,0.727,0.488,0.931,happy
T04067,hiphop,77.63,0.253,0.964,-56.01,0.137,0.35,0.506,angry
T04068,reggae,197.08,0.505,0.325,-48.68,0.34,0.937,0.789,happy
T04069,country,154.34,0.03,0.799,-35.37,0.943,0.563,0.029,happy
T04070,jazz,178.56,0.132,0.211,-52.91,0.503,0.843,0.728,romantic
T04071,classical,105.41,0.887,0.546,-50.0,0.967,0.761,0.947,romantic
T04072,disco,154.71,0.752,0.18,-33.25,0.089,0.661,0.5,calm
T04073,jazz,143.19,0.423,0.347,-39.59,0.478,0.497,0.338,sad
T04074,disco,144.44,0.517,0.931,-31.94,0.062,0.002,0.647,sad
T04075,hiphop,155.55,0.37,0.146,-34.25,0.63,0.613,0.916,calm
T04076,metal,140.55,0.741,0.632,-21.33,0.079,0.356,0.177,happy
T04077,jazz,120.07,0.784,0.593,-3.77,0.175,0.118,0.404,happy
T04078,jazz,98.63,0.763,0.121,-53.53,0.259,0.445,0.156,calm
T04079,hiphop,167.6,0.723,0.326,-54.04,0.749,0.736,0.497,romantic
T04080,rock,91.68,0.205,0.563,-8.83,0.164,0.962,0.54,energetic
T04081,hiphop,156.93,0.338,0.187,-29.62,0.847,0.374,0.944,energetic
T04082,pop,92.67,0.47,0.801,-14.02,0.132,0.543,0.413,angry
T04083,classical,147.55,0.331,0.972,-47.07,0.035,0.851,0.567,romantic
T04084,pop,164.59,0.755,0.215,-10.27,0.395,0.334,0.885,calm
T04085,blues,90.62,0.329,0.187,-4.57,0.979,0.142,0.321,romantic
T04086,rock,68.39,0.138,0.455,-21.87,0.11,0.282,0.674,calm
T04087,rock,78.34,0.399,0.748,-53.65,0.102,0.899,0.757,angry
T04088,rock,144.84,0.98,0.282,-6.28,0.751,0.159,0.331,energetic
T04089,classical,178.92,0.226,0.02,-12.45,0.312,0.329,0.164,energetic
T04090,pop,66.3,0.612,0.541,-14.95,0.717,0.465,0.503,sad
T04091,disco,162.78,0.433,0.957,-57.8,0.2,0.847,0.357,sad
T04092,reggae,107.78,0.071,0.391,-12.06,0.46,0.938,0.266,sad
T04093,classical,126.99,0.488,0.42,-51.72,0.265,0.426,0.973,happy
T04094,metal,190.04,0.702,0.969,-46.66,0.452,0.932,0.502,romantic
T04095,reggae,106.48,0.513,0.695,-25.37,0.769,0.161,0.856,angry
T04096,hiphop,125.15,0.872,0.719,-44.1,0.762,0.157,0.195,energetic
T04097,metal,61.92,0.289,0.563,-20.32,0.516,0.949,0.939,romantic
T04098,blues,71.42,0.086,0.975,-23.52,0.928,0.51,0.794,happy
T04099,country,96.2,0.937,0.689,-53.51,0.264,0.186,0.809,calm
T04100,country,63.9,0.378,0.895,-20.64,0.24,0.488,0.39,angry
T04101,disco,148.39,0.576,0.699,-4.56,0.614,0.783,0.486,happy
T04102,jazz,119.7,0.792,0.735,-50.33,0.621,0.827,0.593,happy
T04103,metal,136.74,0.324,0.29,-24.18,0.047,0.864,0.79,calm
T04104,rock,84.45,0.716,0.303,-39.49,0.608,0.57,0.849,happy
T04105,pop,101.43,0.135,0.783,-32.42,0.374,0.867,0.078,happy
T04106,country,152.94,0.291,0.297,-42.78,0.747,0.51,0.904,sad
T04107,jazz,195.14,0.145,0.563,-38.75,0.808,0.607,0.937,romantic
T04108,country,67.06,0.811,0.249,-58.27,0.552,0.759,0.593,calm
T04109,classical,184.65,0.223,0.817,-1.11,0.002,0.425,0.187,calm
T04110,pop,140.76,0.717,0.111,-22.51,0.636,0.074,0.818,romantic
T04111,jazz,138.95,0.943,0.829,-29.96,0.749,0.35,0.549,calm
T04112,country,130.04,0.528,0.603,-36.98,0.249,0.624,0.817,romantic
T04113,jazz,69.72,0.54,0.187,-27.64,0.465,0.192,0.815,romantic
T04114,blues,72.58,0.461,0.542,-37.19,0.966,0.148,0.087,angry
T04115,blues,144.13,0.326,0.282,-38.41,0.298,0.293,0.607,romantic
T04116,pop,107.73,0.476,0.323,-32.16,0.223,0.032,0.483,calm
T04117,hiphop,188.42,0.603,0.352,-43.44,0.211,0.743,0.946,energetic
T04118,disco,116.92,0.986,0.063,-49.2,0.559,0.259,0.297,angry
T04119,country,80.06,0.938,0.986,-26.6,0.95,0.124,0.206,angry
T04120,rock,160.06,0.862,0.032,-9.43,0.609,0.699,0.897,energetic
T04121,country,101.07,0.889,0.662,-50.83,0.303,0.843,0.149,romantic
T04122,pop,133.57,0.468,0.371,-58.04,0.639,0.02,0.687,romantic
T04123,classical,157.7,0.657,0.646,-45.19,0.625,0.234,0.3,romantic
T04124,country,186.04,0.895,0.356,-1.22,0.597,0.945,0.568,romantic
T04125,rock,170.91,0.393,0.674,-10.27,0.159,0.385,0.616,calm
T04126,metal,154.69,0.962,0.729,-24.25,0.635,0.939,0.417,energetic
T04127,metal,155.15,0.416,0.691,-4.25,0.43,0.274,0.975,happy
T04128,metal,192.43,0.601,0.114,-33.28,0.019,0.218,0.132,sad
T04129,metal,101.42,0.71,0.657,-1.0,0.54,0.214,0.391,sad
T04130,pop,60.16,0.951,0.28,-42.22,0.989,0.085,0.43,happy
T04131,metal,98.07,0.245,0.029,-45.58,0.35,0.896,0.631,sad
T04132,blues,90.5,0.746,0.415,-21.72,0.966,0.98,0.407,happy
T04133,blues,152.66,0.521,0.434,-37.31,0.096,0.955,0.097,happy
T04134,reggae,148.72,0.269,0.467,-22.42,0.732,0.852,0.947,romantic
T04135,disco,143.08,0.777,0.705,-41.7,0.114,0.847,0.416,sad
T04136,jazz,62.27,0.552,0.309,-22.92,0.274,0.661,0.343,happy
T04137,blues,162.03,0.661,0.315,-43.46,0.571,0.826,0.447,sad
T04138,jazz,105.29,0.323,0.061,-56.94,0.593,0.208,0.217,calm
T04139,reggae,153.11,0.481,0.687,-5.27,0.775,0.388,0.1,romantic
T04140,disco,137.92,0.617,0.568,-7.01,0.615,0.641,0.149,sad
T04141,blues,107.98,0.405,0.349,-1.75,0.594,0.875,0.167,romantic
T04142,blues,78.84,0.198,0.705,-17.01,0.912,0.66,0.198,sad
T04143,disco,73.22,0.962,0.537,-19.04,0.452,0.839,0.42,calm
T04144,disco,176.41,0.511,0.469,-26.46,0.225,0.474,0.624,romantic
T04145,jazz,188.58,0.734,0.511,-52.44,0.162,0.717,0.629,angry
T04146,hiphop,150.97,0.411,0.636,-48.65,0.4,0.98,0.0,sad
T04147,country,74.48,0.355,0.66,-42.63,0.713,0.153,0.921,happy
T04148,classical,116.28,0.407,0.289,-6.59,0.043,0.927,0.823,energetic
T04149,metal,162.05,0.409,0.141,-49.62,0.129,0.522,0.964,calm
T04150,reggae,169.17,0.544,0.157,-4.63,0.106,0.643,0.36,sad
T04151,rock,76.55,0.543,0.639,-28.63,0.585,0.878,0.665,calm
T04152,hiphop,60.0,0.497,0.873,-17.07,0.243,0.41,0.168,calm
T04153,country,159.7,0.135,0.409,-53.39,0.166,0.419,0.817,happy
T04154,classical,109.92,0.496,0.17,-43.86,0.593,0.527,0.161,happy
T04155,blues,95.63,0.169,0.757,-2.49,0.761,0.019,0.326,sad
T04156,hiphop,61.81,0.126,0.832,-44.03,0.332,0.497,0.491,sad
T04157,hiphop,135.64,0.933,0.881,-42.21,0.578,0.291,0.595,romantic
T04158,pop,179.16,0.605,0.607,-48.14,0.098,0.928,0.56,romantic
T04159,reggae,194.07,0.659,0.861,-52.26,0.935,0.088,0.102,calm
T04160,rock,139.2,0.402,0.015,-46.0,0.337,0.459,0.422,calm
T04161,reggae,132.02,0.909,0.107,-21.46,0.998,0.947,0.923,calm
T04162,jazz,71.91,0.638,0.093,-32.68,0.979,0.901,0.872,happy
T04163,metal,136.84,0.769,0.713,-26.77,0.779,0.701,0.591,calm
T04164,country,113.2,0.369,0.07,-52.66,0.02,0.589,0.572,angry
T04165,jazz,145.0,0.96,0.496,-11.87,0.543,0.281,0.112,sad
T04166,pop,114.42,0.82,0.473,-12.95,0.087,0.367,0.2,sad
T04167,jazz,93.64,0.854,0.311,-58.7,0.895,0.09,0.253,energetic
T04168,disco,73.3,0.172,0.87,-36.99,0.79,0.786,0.488,angry
T04169,country,104.09,0.271,0.17,-55.87,0.972,0.324,0.731,calm
T04170,metal,73.53,0.286,0.352,-12.47,0.608,0.668,0.461,happy
T04171,blues,84.77,0.271,0.774,-15.76,0.522,0.358,0.126,energetic
T04172,disco,198.23,0.855,0.03,-5.88,0.519,0.464,0.439,happy
T04173,disco,122.17,0.032,0.673,-45.82,0.386,0.555,0.163,happy
T04174,country,134.46,0.076,0.816,-32.62,0.469,0.802,0.751,romantic
T04175,disco,182.31,0.274,0.932,-48.93,0.635,0.211,0.167,romantic
T04176,blues,199.38,0.2,0.876,-37.73,0.933,0.399,0.483,calm
T04177,rock,141.58,0.232,0.319,-28.67,0.596,0.13,0.693,calm
T04178,reggae,173.75,0.798,0.586,-56.8,0.857,0.076,0.228,calm
T04179,country,105.77,0.563,0.077,-17.11,0.863,0.605,0.076,romantic
T04180,classical,102.8,0.006,0.258,-27.4,0.519,0.189,0.563,angry
T04181,jazz,116.38,0.429,0.094,-10.26,0.347,0.06,0.054,angry
T04182,blues,154.15,0.408,0.315,-43.69,0.64,0.897,0.588,romantic
T04183,metal,155.51,0.114,0.875,-5.8,0.446,0.534,0.753,angry
T04184,hiphop,104.13,0.676,0.347,-0.08,0.081,0.135,0.329,energetic
T04185,reggae,78.65,0.702,0.562,-4.84,0.378,0.053,0.488,happy
T04186,rock,148.54,0.721,0.433,-13.33,0.994,0.12,0.929,calm
T04187,blues,77.97,0.728,0.459,-11.26,0.049,0.471,0.471,calm
T04188,rock,140.99,0.0,0.97,-25.58,0.697,0.668,0.997,calm
T04189,blues,157.08,0.954,0.296,-48.59,0.841,0.641,0.157,angry
T04190,classical,158.09,0.814,0.627,-19.38,0.649,0.144,0.709,angry
T04191,blues,165.49,0.904,0.42,-17.23,0.57,0.633,0.653,romantic
T04192,blues,182.2,0.016,0.061,-0.88,0.708,0.405,0.872,angry
T04193,classical,129.99,0.934,0.489,-27.52,0.429,0.465,0.092,romantic
T04194,metal,162.23,0.81,0.813,-43.72,0.091,0.801,0.28,calm
T04195,pop,146.68,0.837,0.099,-18.98,0.962,0.332,0.132,sad
T04196,metal,86.13,0.093,0.07,-1.24,0.432,0.147,0.933,romantic
T04197,classical,63.6,0.739,0.154,-49.37,0.665,0.873,0.427,happy
T04198,reggae,99.84,0.96,0.764,-40.44,0.531,0.212,0.91,angry
T04199,hiphop,122.02,0.679,0.724,-27.49,0.055,0.294,0.294,happy
T04200,pop,146.39,0.571,0.565,-49.79,0.953,0.707,0.126,calm
T04201,country,178.99,0.946,0.468,-58.67,0.793,0.684,0.297,angry
T04202,disco,87.47,0.443,0.888,-39.78,0.149,0.8,0.597,energetic
T04203,blues,77.58,0.599,0.767,-8.08,0.982,0.184,0.845,angry
T04204,hiphop,194.89,0.476,0.812,-57.39,0.737,0.352,0.385,happy
T04205,metal,75.13,0.933,0.813,-34.26,0.472,0.126,0.915,energetic
T04206,classical,126.99,0.076,0.643,-14.27,0.611,0.541,0.244,romantic
T04207,reggae,141.98,0.501,0.458,-2.81,0.107,0.293,0.694,calm
T04208,hiphop,135.79,0.687,0.865,-0.87,0.56,0.689,0.736,calm
T04209,rock,72.04,0.792,0.926,-34.68,0.074,0.0,0.274,happy
T04210,rock,67.98,0.583,0.024,-2.98,0.545,0.06,0.027,calm
T04211,country,74.77,0.909,0.052,-57.87,0.553,0.433,0.365,angry
T04212,metal,141.98,0.942,0.959,-15.24,0.874,0.958,0.045,romantic
T04213,classical,136.21,0.064,0.277,-21.44,0.725,0.891,0.901,energetic
T04214,reggae,92.72,0.402,0.873,-45.03,0.25,0.994,0.954,calm
T04215,rock,149.29,0.023,0.389,-29.56,0.888,0.417,0.735,romantic
T04216,classical,174.81,0.329,0.119,-52.23,0.573,0.047,0.727,calm
T04217,hiphop,65.82,0.537,0.08,-7.7,0.606,0.306,0.241,happy
T04218,classical,129.74,0.911,0.157,-38.53,0.169,0.676,0.074,sad
T04219,classical,156.5,0.847,0.25,-22.44,0.858,0.135,0.802,energetic
T04220,pop,95.32,0.127,0.489,-50.47,0.931,0.3,0.559,romantic
T04221,disco,103.09,0.093,0.701,-47.63,0.775,0.056,0.682,sad
T04222,rock,145.91,0.589,0.986,-0.48,0.941,0.475,0.78,calm
T04223,disco,185.71,0.532,0.442,-14.81,0.302,0.209,0.409,energetic
T04224,hiphop,173.39,0.266,0.518,-2.28,0.861,0.091,0.145,calm
T04225,reggae,141.64,0.899,0.522,-42.25,0.489,0.411,0.795,sad
T04226,disco,162.23,0.927,0.539,-50.13,0.164,0.351,0.454,angry
T04227,jazz,111.08,0.403,0.518,-29.82,0.669,0.538,0.827,sad
T04228,metal,149.74,0.89,0.009,-30.32,0.684,0.749,0.438,angry
T04229,hiphop,125.27,0.384,0.002,-49.5,0.287,0.113,0.217,romantic
T04230,country,86.59,0.737,0.098,-16.01,0.027,0.791,0.171,energetic
T04231,blues,158.24,0.476,0.102,-38.29,0.2,0.026,0.744,angry
T04232,reggae,137.91,0.123,0.705,-48.82,0.4,0.443,0.575,romantic
T04233,pop,110.21,0.928,0.205,-40.08,0.168,0.587,0.405,romantic
T04234,disco,187.59,0.454,0.895,-26.18,0.194,0.957,0.492,calm
T04235,pop,62.93,0.734,0.929,-16.41,0.391,0.574,0.55,sad
T04236,jazz,104.21,0.367,0.976,-31.09,0.962,0.159,0.239,energetic
T04237,disco,67.96,0.019,0.939,-28.46,0.764,0.518,0.378,romantic
T04238,blues,167.31,0.101,0.272,-51.66,0.32,0.396,0.292,romantic
T04239,blues,158.3,0.496,0.51,-5.12,0.952,0.479,0.388,calm
T04240,classical,106.39,0.69,0.175,-4.28,0.646,0.197,0.501,calm
T04241,classical,154.59,0.335,0.806,-18.99,0.455,0.501,0.173,romantic
T04242,rock,115.43,0.695,0.888,-58.94,0.468,0.15,0.394,romantic
T04243,pop,165.88,0.699,0.851,-27.78,0.411,0.744,0.385,romantic
T04244,country,123.59,0.704,0.433,-22.25,0.233,0.594,0.286,energetic
T04245,classical,117.72,0.493,0.759,-0.32,0.387,0.079,0.998,calm
T04246,reggae,190.86,0.915,0.098,-0.24,0.528,0.89,0.074,sad
T04247,classical,95.12,0.489,0.04,-8.54,0.528,0.616,0.643,angry
T04248,classical,76.86,0.45,0.753,-56.17,0.762,0.316,0.174,sad
T04249,hiphop,141.84,0.199,0.425,-2.8,0.359,0.046,0.84,energetic
T04250,disco,195.71,0.308,0.996,-23.24,0.717,0.632,0.914,romantic
T04251,pop,112.9,0.042,0.097,-11.95,0.578,0.373,0.401,romantic
T04252,hiphop,68.69,0.634,0.856,-35.57,0.962,0.908,0.823,happy
T04253,hiphop,107.5,0.249,0.48,-40.82,0.385,0.035,0.25,romantic
T04254,pop,130.83,0.304,0.827,-32.21,0.901,0.039,0.14,calm
T04255,blues,82.67,0.771,0.817,-51.19,0.821,0.949,0.316,sad
T04256,classical,152.13,0.327,0.916,-38.58,0.638,0.965,0.342,sad
T04257,country,199.68,0.242,0.298,-8.54,0.655,0.028,0.397,sad
T04258,blues,123.24,0.169,0.95,-57.72,0.085,0.716,0.373,sad
T04259,hiphop,109.66,0.775,0.152,-50.95,0.95,0.221,0.411,angry
T04260,jazz,116.1,0.13,0.082,-52.49,0.107,0.701,0.71,calm
T04261,jazz,76.12,0.454,0.432,-35.82,0.563,0.869,0.246,happy
T04262,metal,183.66,0.507,0.828,-0.18,0.33,0.101,0.019,calm
T04263,classical,118.08,0.687,0.473,-49.6,0.43,0.239,0.49,calm
T04264,classical,114.22,0.633,0.829,-51.27,0.61,0.024,0.448,energetic
T04265,blues,152.36,0.811,0.73,-5.1,0.909,0.044,0.06,sad
T04266,blues,121.88,0.045,0.209,-7.08,0.458,0.03,0.134,sad
T04267,country,150.75,0.296,0.949,-58.07,0.988,0.801,0.51,angry
T04268,country,68.6,0.28,0.061,-14.9,0.593,0.298,0.235,happy
T04269,jazz,173.92,0.146,0.898,-20.67,0.161,0.493,0.878,happy
T04270,jazz,191.67,0.289,0.304,-13.94,0.19,0.788,0.173,energetic
T04271,pop,150.83,0.31,0.5,-30.33,0.716,0.495,0.02,energetic
T04272,rock,193.64,0.522,0.422,-0.52,0.05,0.429,0.448,energetic
T04273,hiphop,81.2,0.664,0.172,-57.37,0.48,0.012,0.986,romantic
T04274,classical,126.84,0.381,0.358,-45.94,0.148,0.568,0.634,sad
T04275,jazz,144.25,0.719,0.193,-36.21,0.433,0.125,0.354,sad
T04276,jazz,141.44,0.336,0.204,-33.01,0.75,0.765,0.017,angry
T04277,country,116.2,0.29,0.187,-4.72,0.459,0.258,0.485,happy
T04278,classical,107.33,0.541,0.489,-26.4,0.163,0.674,0.206,happy
T04279,metal,77.76,0.024,0.798,-57.29,0.252,0.646,0.648,energetic
T04280,metal,114.84,0.08,0.569,-35.53,0.368,0.617,0.583,calm
T04281,pop,82.77,0.418,0.893,-35.01,0.07,0.267,0.265,happy
T04282,hiphop,162.81,0.943,0.637,-2.07,0.584,0.267,0.069,angry
T04283,metal,89.24,0.722,0.689,-24.05,0.608,0.863,0.755,sad
T04284,pop,68.2,0.088,0.668,-21.86,0.062,0.013,0.585,happy
T04285,metal,137.33,0.846,0.449,-17.2,0.402,0.182,0.842,angry
T04286,country,143.33,0.732,0.689,-13.8,0.414,0.61,0.26,sad
T04287,classical,182.07,0.611,0.07,-21.9,0.334,0.817,0.653,calm
T04288,country,140.78,0.82,0.86,-45.77,0.558,0.358,0.119,energetic
T04289,blues,108.37,0.404,0.778,-7.56,0.346,0.653,0.292,energetic
T04290,country,172.42,0.222,0.245,-16.07,0.416,0.557,0.657,energetic
T04291,classical,135.64,0.512,0.768,-15.49,0.798,0.065,0.826,happy
T04292,metal,71.1,0.549,0.013,-0.21,0.162,0.622,0.321,angry
T04293,rock,139.22,0.538,0.217,-11.85,0.619,0.814,0.799,energetic
T04294,pop,187.12,0.565,0.065,-10.25,0.506,0.992,0.678,sad
T04295,rock,115.48,0.949,0.78,-2.92,0.305,0.03,0.349,romantic
T04296,pop,101.49,0.902,0.756,-50.93,0.728,0.66,0.876,angry
T04297,country,80.09,0.876,0.814,-30.14,0.551,0.415,0.509,angry
T04298,rock,81.2,0.801,0.004,-25.17,0.477,0.01,0.648,romantic
T04299,metal,120.59,0.943,0.501,-40.24,0.668,0.614,0.496,happy
T04300,jazz,143.4,0.098,0.705,-9.64,0.802,0.122,0.453,romantic
T04301,rock,71.29,0.265,0.155,-14.25,0.973,0.379,0.848,happy
T04302,blues,191.54,0.495,0.65,-16.75,0.629,0.261,0.295,calm
T04303,country,165.72,0.847,0.084,-0.17,0.874,0.361,0.037,calm
T04304,pop,142.13,0.505,0.181,-44.44,0.001,0.493,0.88,happy
T04305,pop,175.98,0.748,0.476,-15.87,0.53,0.359,0.825,happy
T04306,classical,71.23,0.139,0.654,-26.92,0.215,0.553,0.367,angry
T04307,metal,126.76,0.252,0.146,-41.22,0.094,0.239,0.185,angry
T04308,pop,148.21,0.732,0.185,-50.36,0.532,0.635,0.676,happy
T04309,blues,176.01,0.165,0.204,-6.25,0.747,0.854,0.079,angry
T04310,classical,169.69,0.351,0.239,-24.27,0.412,0.224,0.424,happy
T04311,hiphop,98.79,0.265,0.227,-10.5,0.67,0.508,0.086,angry
T04312,jazz,191.72,0.35,0.395,-27.28,0.49,0.649,0.598,happy
T04313,blues,77.41,0.708,0.654,-46.8,0.437,0.565,0.027,sad
T04314,reggae,182.52,0.368,0.438,-39.75,0.29,0.366,0.629,romantic
T04315,rock,195.93,0.555,0.776,-37.11,0.383,0.642,0.673,happy
T04316,rock,84.8,0.1,0.719,-1.62,0.35,0.028,0.487,sad
T04317,disco,161.09,0.805,0.127,-59.66,0.646,0.37,0.175,energetic
T04318,jazz,65.64,0.37,0.049,-0.86,0.116,0.533,0.101,sad
T04319,reggae,116.76,0.649,0.878,-1.17,0.093,0.021,0.313,romantic
T04320,reggae,132.28,0.725,0.08,-0.23,0.66,0.508,0.465,energetic
T04321,rock,141.29,0.21,0.148,-31.4,0.546,0.654,0.642,romantic
T04322,classical,191.03,0.885,0.022,-2.17,0.43,0.759,0.001,calm
T04323,metal,154.12,0.616,0.628,-36.26,0.152,0.113,0.711,angry
T04324,disco,127.38,0.429,0.582,-58.42,0.411,0.991,0.713,calm
T04325,pop,173.35,0.182,0.987,-46.54,0.79,0.606,0.445,romantic
T04326,jazz,193.07,0.942,0.887,-3.28,0.89,0.363,0.343,happy
T04327,metal,63.09,0.755,0.411,-59.17,0.703,0.249,0.842,sad
T04328,country,197.55,0.208,0.372,-27.24,0.06,0.573,0.785,romantic
T04329,reggae,72.06,0.338,0.297,-55.46,0.67,0.882,0.983,energetic
T04330,rock,174.01,0.81,0.152,-42.82,0.241,0.521,0.372,energetic
T04331,blues,99.25,0.696,0.138,-54.71,0.315,0.661,0.907,sad
T04332,blues,78.51,0.766,0.132,-8.43,0.196,0.358,0.087,happy
T04333,country,121.58,0.441,0.114,-24.54,0.776,0.388,0.411,sad
T04334,reggae,150.15,0.716,0.241,-5.87,0.649,0.286,0.465,calm
T04335,pop,113.33,0.386,0.307,-18.7,0.612,0.706,0.441,calm
T04336,pop,67.64,0.211,0.962,-1.74,0.668,0.359,0.625,happy
T04337,country,143.92,0.633,0.578,-29.41,0.237,0.191,0.17,sad
T04338,classical,186.34,0.976,0.988,-21.68,0.445,0.369,0.866,calm
T04339,pop,113.65,0.311,0.372,-25.42,0.633,0.854,0.552,energetic
T04340,jazz,90.29,0.461,0.458,-30.94,0.637,0.738,0.904,energetic
T04341,disco,121.96,0.674,0.325,-9.24,0.792,0.335,0.003,angry
T04342,jazz,66.77,0.542,0.183,-21.33,0.287,0.907,0.63,sad
T04343,hiphop,174.87,0.843,0.143,-11.92,0.77,0.075,0.412,happy
T04344,blues,175.69,0.762,0.945,-12.82,0.44,0.05,0.505,energetic
T04345,reggae,142.32,0.058,0.987,-48.54,0.67,0.127,0.744,energetic
T04346,disco,109.43,0.998,0.045,-20.99,0.456,0.116,0.227,romantic
T04347,reggae,171.97,0.752,0.15,-48.02,0.949,0.088,0.205,calm
T04348,metal,137.66,0.864,0.424,-25.0,0.179,0.661,0.703,energetic
T04349,metal,175.63,0.651,0.186,-19.35,0.675,0.601,0.521,romantic
T04350,disco,148.4,0.856,0.364,-0.17,0.577,0.648,0.234,romantic
T04351,classical,169.82,0.112,0.129,-58.17,0.173,0.688,0.484,sad
T04352,pop,143.8,0.348,0.457,-54.53,0.066,0.757,0.46,sad
T04353,pop,117.98,0.876,0.272,-55.38,0.799,0.207,0.691,angry
T04354,rock,194.11,0.202,0.352,-36.1,0.157,0.622,0.003,calm
T04355,pop,135.76,0.078,0.094,-10.7,0.187,0.58,0.587,sad
T04356,classical,144.71,0.788,0.428,-9.36,0.978,0.944,0.606,sad
T04357,pop,90.87,0.835,0.983,-15.78,0.717,0.232,0.746,calm
T04358,pop,147.59,0.163,0.329,-6.19,0.25,0.059,0.889,calm
T04359,jazz,140.03,0.854,0.876,-40.63,0.591,0.653,0.44,calm
T04360,classical,85.88,0.687,0.843,-54.71,0.534,0.74,0.343,calm
T04361,pop,68.34,0.52,0.952,-56.51,0.844,0.283,0.102,angry
T04362,blues,144.61,0.83,0.79,-8.87,0.729,0.571,0.337,romantic
T04363,classical,166.92,0.419,0.66,-16.17,0.832,0.06,0.068,energetic
T04364,metal,133.28,0.194,0.857,-18.08,0.212,0.96,0.803,happy
T04365,metal,91.75,0.285,0.076,-39.62,0.64,0.11,0.807,calm
T04366,blues,153.31,0.505,0.463,-37.21,0.04,0.068,0.417,sad
T04367,reggae,71.21,0.531,0.989,-2.51,0.069,0.044,0.26,happy
T04368,reggae,121.86,0.806,0.77,-56.17,0.714,0.427,0.118,romantic
T04369,blues,82.87,0.791,0.962,-13.58,0.024,0.097,0.851,angry
T04370,classical,85.82,0.581,0.78,-41.42,0.58,0.745,0.877,happy
T04371,rock,88.32,0.781,0.875,-57.66,0.84,0.899,0.266,happy
T04372,rock,114.14,0.192,0.707,-15.45,0.38,0.26,0.622,energetic
T04373,hiphop,67.16,0.05,0.761,-40.15,0.045,0.629,0.259,energetic
T04374,reggae,115.69,0.874,0.523,-16.67,0.714,0.042,0.225,calm
T04375,reggae,131.64,0.076,0.924,-17.54,0.93,0.387,0.021,sad
T04376,disco,127.66,0.247,0.825,-27.91,0.717,0.293,0.577,calm
T04377,pop,113.59,0.695,0.844,-13.36,0.578,0.229,0.15,happy
T04378,jazz,177.48,0.409,0.673,-25.14,0.23,0.645,0.012,calm
T04379,jazz,80.35,0.876,0.305,-42.8,0.015,0.13,0.105,happy
T04380,blues,130.8,0.298,0.036,-15.95,0.695,0.861,0.314,romantic
T04381,disco,68.69,0.012,0.936,-24.65,0.231,0.665,0.669,romantic
T04382,pop,69.96,0.301,0.586,-59.24,0.858,0.711,0.203,sad
T04383,jazz,140.34,0.578,0.298,-5.9,0.466,0.935,0.888,angry
T04384,reggae,139.24,0.376,0.149,-27.26,0.531,0.942,0.288,happy
T04385,rock,182.92,0.535,0.83,-7.88,0.754,0.552,0.331,romantic
T04386,rock,138.1,0.877,0.837,-7.04,0.779,0.495,0.218,romantic
T04387,pop,194.37,0.912,0.815,-33.3,0.643,0.335,0.254,romantic
T04388,jazz,66.82,0.266,0.645,-29.54,0.938,0.716,0.074,angry
T04389,pop,73.72,0.462,0.366,-35.05,0.982,0.538,0.295,energetic
T04390,classical,66.17,0.549,0.304,-33.03,0.947,0.933,0.86,calm
T04391,classical,85.94,0.949,0.009,-6.29,0.824,0.239,0.688,calm
T04392,disco,135.78,0.999,0.834,-12.71,0.706,0.31,0.875,romantic
T04393,blues,150.38,0.235,0.087,-52.41,0.663,0.316,0.105,romantic
T04394,jazz,66.38,0.727,0.631,-23.38,0.104,0.806,0.456,angry
T04395,jazz,192.44,0.378,0.504,-0.25,0.271,0.099,0.229,energetic
T04396,hiphop,177.9,0.008,0.527,-24.27,0.006,0.456,0.721,romantic
T04397,reggae,101.53,0.009,0.927,-12.85,0.137,0.428,0.97,romantic
T04398,reggae,70.81,0.461,0.032,-13.86,0.439,0.073,0.815,energetic
T04399,jazz,83.78,0.488,0.773,-38.98,0.147,0.411,0.035,energetic
T04400,classical,77.77,0.023,0.052,-37.69,0.902,0.513,0.317,happy
T04401,blues,77.26,0.687,0.038,-16.56,0.806,0.065,0.029,energetic
T04402,country,132.6,0.294,0.43,-30.0,0.072,0.51,0.04,angry
T04403,pop,94.42,0.56,0.063,-25.77,0.249,0.959,0.08,angry
T04404,country,110.14,0.301,0.789,-17.23,0.819,0.979,0.276,sad
T04405,metal,198.53,0.167,0.53,-13.35,0.803,0.532,0.304,romantic
T04406,classical,155.8,0.407,0.029,-43.71,0.945,0.515,0.4,calm
T04407,hiphop,192.86,0.232,0.041,-51.19,0.998,0.286,0.405,calm
T04408,rock,79.96,0.535,0.613,-42.49,0.976,0.997,0.771,romantic
T04409,disco,113.5,0.199,0.806,-29.55,0.41,0.274,0.141,sad
T04410,disco,137.66,0.508,0.438,-39.47,0.25,0.453,0.158,angry
T04411,classical,70.75,0.157,0.555,-25.9,0.758,0.003,0.627,angry
T04412,metal,60.59,0.671,0.8,-56.79,0.299,0.349,0.572,angry
T04413,disco,153.86,0.754,0.611,-29.41,0.806,0.071,0.154,romantic
T04414,pop,149.85,0.11,0.225,-37.92,0.534,0.744,0.852,calm
T04415,disco,117.51,0.468,0.613,-27.92,0.794,0.561,0.329,romantic
T04416,jazz,128.55,0.071,0.628,-34.65,0.276,0.572,0.367,energetic
T04417,classical,118.16,0.598,0.734,-42.95,0.508,0.287,0.42,romantic
T04418,metal,63.36,0.264,0.621,-5.75,0.564,0.815,0.323,calm
T04419,blues,106.95,0.528,0.969,-48.91,0.943,0.003,0.557,sad
T04420,rock,84.79,0.517,0.197,-19.12,0.267,0.334,0.389,energetic
T04421,classical,73.78,0.924,0.951,-4.52,0.937,0.659,0.259,happy
T04422,pop,193.94,0.549,0.538,-27.68,0.805,0.908,0.904,happy
T04423,pop,143.91,0.583,0.672,-7.42,0.731,0.235,0.308,angry
T04424,rock,162.01,0.402,0.099,-52.51,0.787,0.541,0.698,energetic
T04425,reggae,104.15,0.949,0.381,-30.37,0.605,0.538,0.347,calm
T04426,country,115.04,0.777,0.769,-32.58,0.244,0.874,0.435,romantic
T04427,pop,93.17,0.285,0.707,-59.51,0.189,0.051,0.236,romantic
T04428,blues,73.58,0.844,0.04,-33.4,0.866,0.424,0.752,romantic
T04429,reggae,85.06,0.432,0.547,-37.86,0.725,0.182,0.737,sad
T04430,blues,171.65,0.829,0.088,-19.81,0.213,0.022,0.022,angry
T04431,reggae,154.86,0.823,0.996,-3.7,0.615,0.147,0.06,angry
T04432,metal,136.57,0.189,0.897,-54.85,0.448,0.976,0.922,energetic
T04433,rock,126.51,0.701,0.021,-40.35,0.159,0.215,0.889,sad
T04434,pop,189.14,0.291,0.859,-33.36,0.532,0.935,0.506,happy
T04435,reggae,70.18,0.297,0.919,-32.69,0.282,0.205,0.493,angry
T04436,country,99.28,0.296,0.354,-13.51,0.096,0.931,0.812,angry
T04437,rock,108.99,0.726,0.72,-33.4,0.467,0.655,0.138,energetic
T04438,country,169.54,0.23,0.442,-58.37,0.59,0.113,0.654,angry
T04439,country,198.95,0.001,0.655,-17.39,0.047,0.582,0.476,energetic
T04440,classical,93.69,0.715,0.34,-6.91,0.402,0.319,0.743,romantic
T04441,metal,182.4,0.171,0.323,-29.17,0.258,0.383,0.03,sad
T04442,rock,176.29,0.104,0.424,-25.13,0.031,0.44,0.593,happy
T04443,rock,91.45,0.238,0.146,-50.22,0.126,0.423,0.557,happy
T04444,jazz,115.91,0.38,0.831,-46.76,0.139,0.664,0.841,angry
T04445,reggae,117.35,0.476,0.349,-45.89,0.183,0.768,0.677,angry
T04446,metal,196.95,0.045,0.4,-34.16,0.803,0.329,0.88,energetic
T04447,metal,85.32,0.971,0.894,-4.31,0.439,0.924,0.887,sad
T04448,rock,171.88,0.716,0.497,-28.69,0.147,0.938,0.408,energetic
T04449,disco,106.79,0.323,0.544,-48.47,0.1,0.041,0.137,romantic
T04450,hiphop,162.32,0.319,0.956,-44.03,0.298,0.015,0.63,calm
T04451,metal,118.8,0.449,0.887,-36.96,0.798,0.425,0.874,angry
T04452,jazz,140.97,0.626,0.169,-22.6,0.364,0.591,0.075,happy
T04453,hiphop,176.57,0.146,0.473,-33.6,0.16,0.278,0.558,romantic
T04454,pop,172.58,0.189,0.971,-36.45,0.404,0.259,0.115,happy
T04455,country,181.3,0.859,0.372,-26.12,0.555,0.678,0.027,energetic
T04456,country,68.35,0.256,0.372,-45.49,0.03,0.602,0.68,energetic
T04457,metal,156.89,0.38,0.195,-55.27,0.628,0.167,0.682,romantic
T04458,rock,79.6,0.871,0.114,-58.54,0.395,0.885,0.601,angry
T04459,reggae,118.21,0.663,0.74,-44.92,0.01,0.68,0.859,energetic
T04460,hiphop,136.8,0.342,0.77,-54.5,0.674,0.363,0.081,happy
T04461,reggae,116.38,0.684,0.969,-39.82,0.712,0.684,0.105,happy
T04462,jazz,132.75,0.02,0.773,-13.62,0.629,0.113,0.865,romantic
T04463,reggae,199.51,0.736,0.243,-17.02,0.342,0.468,0.503,happy
T04464,disco,78.93,0.487,0.04,-23.34,0.53,0.169,0.273,calm
T04465,disco,154.56,0.813,0.985,-8.85,0.387,0.041,0.738,energetic
T04466,disco,115.44,0.955,0.34,-43.08,0.701,0.338,0.894,angry
T04467,rock,78.62,0.926,0.312,-6.9,0.584,0.151,0.69,romantic
T04468,hiphop,82.22,0.909,0.906,-36.05,0.082,0.634,0.792,happy
T04469,jazz,192.9,0.512,0.585,-35.95,0.643,0.674,0.282,calm
T04470,country,183.14,0.36,0.215,-35.68,0.687,0.149,0.289,energetic
T04471,country,186.99,0.465,0.889,-54.11,0.371,0.025,0.864,sad
T04472,reggae,198.81,0.69,0.993,-1.47,0.876,0.793,0.615,romantic
T04473,reggae,89.16,0.884,0.087,-51.69,0.843,0.002,0.234,angry
T04474,jazz,109.76,0.207,0.862,-39.55,0.175,0.344,0.524,angry
T04475,classical,153.69,0.918,0.391,-40.84,0.904,0.495,0.686,romantic
T04476,jazz,127.73,0.815,0.524,-55.52,0.441,0.819,0.219,romantic
T04477,reggae,118.57,0.979,0.915,-50.86,0.724,0.839,0.655,romantic
T04478,pop,110.09,0.88,0.973,-57.31,0.814,0.725,0.042,angry
T04479,rock,143.13,0.28,0.262,-42.46,0.505,0.247,0.304,angry
T04480,rock,140.58,0.106,0.213,-8.0,0.399,0.72,0.674,sad
T04481,metal,82.6,0.112,0.081,-39.63,0.915,0.247,0.149,energetic
T04482,reggae,126.04,0.291,0.562,-52.58,0.231,0.215,0.222,energetic
T04483,hiphop,137.49,0.614,0.014,-21.26,0.257,0.547,0.879,energetic
T04484,metal,139.84,0.804,0.412,-0.2,0.362,0.679,0.674,romantic
T04485,blues,89.42,0.899,0.073,-46.06,0.859,0.053,0.499,romantic
T04486,reggae,163.92,0.624,0.405,-43.23,0.939,0.06,0.211,angry
T04487,classical,63.53,0.006,0.04,-1.69,0.22,0.784,0.341,romantic
T04488,blues,109.68,0.186,0.835,-49.27,0.864,0.859,0.574,sad
T04489,metal,169.23,0.1,0.21,-29.33,0.258,0.604,0.155,romantic
T04490,country,138.95,0.363,0.328,-45.62,0.971,0.429,0.482,calm
T04491,blues,96.56,0.501,0.87,-4.06,0.597,0.845,0.409,angry
T04492,blues,157.29,0.043,0.746,-1.11,0.007,0.729,0.477,romantic
T04493,disco,139.43,0.348,0.219,-11.12,0.034,0.58,0.106,sad
T04494,hiphop,171.47,0.179,0.072,-41.11,0.147,0.32,0.106,happy
T04495,country,162.9,0.647,0.716,-35.79,0.188,0.198,0.964,energetic
T04496,hiphop,145.42,0.464,0.391,-45.46,0.768,0.419,0.979,angry
T04497,hiphop,128.34,0.495,0.766,-6.55,0.223,0.287,0.426,angry
T04498,country,78.65,0.428,0.445,-5.13,0.969,0.339,0.789,sad
T04499,blues,96.59,0.956,0.346,-34.87,0.636,0.516,0.656,energetic
T04500,hiphop,118.67,0.215,0.451,-20.61,0.693,0.169,0.117,calm
T04501,disco,143.9,0.517,0.749,-50.07,0.218,0.806,0.297,happy
T04502,reggae,131.92,0.736,0.902,-33.9,0.893,0.146,0.314,sad
T04503,blues,100.35,0.557,0.05,-22.11,0.668,0.481,0.596,romantic
T04504,jazz,60.91,0.929,0.524,-36.88,0.864,0.746,0.58,calm
T04505,pop,129.47,0.378,0.033,-38.54,0.956,0.485,0.924,calm
T04506,classical,99.99,0.464,0.468,-59.94,0.126,0.361,0.79,happy
T04507,rock,162.85,0.089,0.885,-11.74,0.097,0.475,0.857,happy
T04508,reggae,63.35,0.609,0.362,-6.64,0.803,0.849,0.891,happy
T04509,disco,141.88,0.288,0.932,-1.83,0.866,0.99,0.801,calm
T04510,reggae,191.81,0.16,0.631,-16.84,0.584,0.631,0.333,sad
T04511,metal,84.42,0.545,0.934,-27.07,0.366,0.793,0.215,calm
T04512,disco,126.03,0.532,0.757,-43.84,0.653,0.014,0.572,sad
T04513,reggae,72.8,0.076,0.103,-0.04,0.306,0.88,0.69,calm
T04514,hiphop,147.6,0.698,0.231,-24.61,0.238,0.954,0.387,happy
T04515,blues,137.07,0.624,0.394,-19.13,0.488,0.575,0.848,energetic
T04516,metal,117.03,0.189,0.17,-19.06,0.216,0.754,0.961,romantic
T04517,metal,132.99,0.469,0.495,-9.28,0.484,0.513,0.569,angry
T04518,metal,185.52,0.72,0.471,-59.42,0.957,0.286,0.457,calm
T04519,jazz,87.48,0.529,0.956,-46.79,0.84,0.852,0.843,angry
T04520,reggae,63.16,0.395,0.434,-20.07,0.942,0.597,0.024,angry
T04521,blues,180.63,0.322,0.786,-6.29,0.806,0.579,0.129,angry
T04522,blues,140.8,0.61,0.942,-18.88,0.355,0.659,0.846,calm
T04523,hiphop,184.69,0.939,0.877,-35.19,0.812,0.856,0.732,energetic
T04524,disco,143.57,0.672,0.209,-38.31,0.923,0.732,0.416,angry
T04525,rock,173.42,0.075,0.496,-15.72,0.947,0.211,0.889,calm
T04526,pop,120.15,0.461,0.348,-15.53,0.683,0.467,0.351,romantic
T04527,disco,164.98,0.891,0.4,-23.58,0.211,0.98,0.634,calm
T04528,jazz,187.83,0.094,0.361,-42.51,0.04,0.555,0.634,calm
T04529,rock,140.1,0.989,0.826,-4.49,0.147,0.938,0.184,romantic
T04530,reggae,85.31,0.949,0.452,-26.89,0.966,0.813,0.285,calm
T04531,rock,97.63,0.078,0.524,-12.57,0.462,0.666,0.916,romantic
T04532,disco,87.81,0.933,0.982,-47.14,0.855,0.349,0.183,calm
T04533,disco,94.56,0.363,0.06,-39.36,0.465,0.304,0.174,sad
T04534,hiphop,102.9,0.845,0.488,-7.53,0.661,0.643,0.48,sad
T04535,pop,137.72,0.418,0.774,-56.99,0.024,0.433,0.092,angry
T04536,country,142.32,0.441,0.151,-29.26,0.25,0.799,0.895,sad
T04537,classical,119.71,0.634,0.612,-31.1,0.436,0.76,0.1,calm
T04538,country,146.16,0.774,0.239,-14.93,0.631,0.312,0.617,romantic
T04539,country,71.42,0.034,0.867,-43.09,0.172,0.703,0.34,calm
T04540,reggae,72.29,0.593,0.327,-46.86,0.765,0.495,0.804,sad
T04541,classical,84.06,0.187,0.329,-4.43,0.364,0.323,0.59,romantic
T04542,metal,132.53,0.346,0.598,-25.7,0.817,0.413,0.388,angry
T04543,blues,89.96,0.348,0.184,-53.72,0.098,0.895,0.984,angry
T04544,metal,99.66,0.469,0.285,-48.42,0.68,0.36,0.066,happy
T04545,hiphop,116.04,0.334,0.417,-0.07,0.293,0.287,0.578,romantic
T04546,reggae,173.66,0.107,0.354,-48.26,0.795,0.352,0.99,sad
T04547,hiphop,61.94,0.146,0.525,-23.37,0.402,0.215,0.691,calm
T04548,country,150.91,0.033,0.6,-34.79,0.665,0.545,0.74,calm
T04549,country,153.64,0.47,0.567,-6.86,0.934,0.147,0.032,happy
T04550,rock,171.81,0.954,0.654,-14.69,0.021,0.817,0.021,romantic
T04551,hiphop,190.59,0.116,0.308,-24.18,0.011,0.226,0.036,sad
T04552,blues,62.82,0.946,0.126,-59.36,0.77,0.598,0.992,angry
T04553,jazz,81.53,0.733,0.761,-7.21,0.646,0.125,0.98,energetic
T04554,pop,184.06,0.637,0.851,-33.32,0.293,0.978,0.335,happy
T04555,country,124.19,0.645,0.257,-4.11,0.494,0.455,0.291,angry
T04556,blues,139.04,0.827,0.407,-30.27,0.042,0.822,0.146,calm
T04557,country,152.82,0.107,0.499,-18.35,0.192,0.769,0.329,happy
T04558,jazz,155.07,0.505,0.533,-55.84,0.424,0.714,0.37,happy
T04559,rock,190.44,0.697,0.659,-15.29,0.834,0.827,0.748,energetic
T04560,blues,199.57,0.587,0.042,-39.72,0.48,0.1,0.866,angry
T04561,rock,160.82,0.833,0.721,-38.92,0.586,0.678,0.747,energetic
T04562,hiphop,100.21,0.072,0.062,-52.88,0.874,0.266,0.646,happy
T04563,pop,183.17,0.691,0.468,-51.19,0.309,0.786,0.766,angry
T04564,rock,66.89,0.534,0.828,-48.85,0.701,0.957,0.738,sad
T04565,reggae,92.35,0.379,0.451,-40.31,0.862,0.901,0.476,happy
T04566,jazz,185.63,0.34,0.149,-6.48,0.203,0.115,0.336,energetic
T04567,classical,95.87,0.621,0.985,-37.9,0.356,0.37,0.283,energetic
T04568,jazz,90.89,0.891,0.889,-16.54,0.98,0.364,0.679,energetic
T04569,reggae,79.34,0.496,0.771,-55.04,0.983,0.122,0.959,energetic
T04570,disco,180.28,0.825,0.412,-24.53,0.223,0.098,0.581,energetic
T04571,country,130.01,0.402,0.184,-31.09,0.066,0.385,0.913,calm
T04572,reggae,154.49,0.102,0.941,-1.32,0.271,0.992,0.014,happy
T04573,classical,93.47,0.062,0.532,-9.23,0.398,0.569,0.794,sad
T04574,reggae,166.13,0.051,0.852,-32.71,0.441,0.622,0.854,sad
T04575,country,166.4,0.38,0.342,-13.49,0.619,0.471,0.631,angry
T04576,metal,103.76,0.337,0.335,-48.42,0.9,0.662,0.934,calm
T04577,reggae,117.5,0.718,0.986,-26.26,0.33,0.957,0.59,happy
T04578,reggae,89.36,0.743,0.522,-55.52,0.85,0.589,0.241,energetic
T04579,metal,196.72,0.051,0.141,-39.11,0.093,0.065,0.216,energetic
T04580,classical,150.38,0.221,0.22,-46.45,0.042,0.493,0.556,sad
T04581,jazz,190.84,0.274,0.482,-16.87,0.504,0.993,0.906,sad
T04582,disco,102.47,0.548,0.042,-30.59,0.06,0.387,0.072,romantic
T04583,disco,169.46,0.145,0.463,-14.94,0.392,0.594,0.604,calm
T04584,jazz,167.22,0.134,0.419,-29.08,0.897,0.107,0.77,happy
T04585,jazz,156.83,0.944,0.779,-54.81,0.241,0.141,0.115,happy
T04586,jazz,195.19,0.804,0.355,-15.88,0.706,0.875,0.117,angry
T04587,hiphop,115.1,0.181,0.983,-10.01,0.302,0.3,0.366,energetic
T04588,disco,78.3,0.407,0.181,-5.79,0.045,0.305,0.274,happy
T04589,rock,154.04,0.356,0.591,-25.68,0.557,0.387,0.198,happy
T04590,reggae,162.1,0.791,0.09,-14.78,0.835,0.966,0.199,calm
T04591,pop,140.51,0.51,0.734,-14.88,0.409,0.084,0.131,calm
T04592,reggae,88.95,0.128,0.995,-50.66,0.617,0.819,0.611,angry
T04593,blues,130.62,0.739,0.819,-50.15,0.9,0.342,0.688,energetic
T04594,classical,103.71,0.397,0.556,-55.75,0.79,0.849,0.703,angry
T04595,jazz,119.85,0.263,0.485,-40.81,0.194,0.992,0.532,calm
T04596,pop,150.33,0.375,0.835,-31.59,0.733,0.349,0.953,energetic
T04597,disco,164.33,0.498,0.936,-0.13,0.502,0.129,0.881,calm
T04598,rock,92.51,0.343,0.989,-34.14,0.746,0.144,0.958,calm
T04599,rock,116.75,0.242,0.397,-16.43,0.495,0.759,0.389,romantic
T04600,disco,97.68,0.399,0.991,-18.4,0.128,0.145,0.878,angry
T04601,blues,87.81,0.019,0.156,-47.73,0.57,0.26,0.763,sad
T04602,jazz,169.67,0.772,0.254,-56.49,0.492,0.204,0.34,sad
T04603,metal,187.3,0.171,0.089,-27.24,0.518,0.356,0.107,angry
T04604,classical,111.83,0.044,0.272,-17.98,0.879,0.074,0.683,romantic
T04605,metal,165.18,0.654,0.768,-0.1,0.895,0.857,0.136,calm
T04606,hiphop,185.58,0.774,0.853,-38.48,0.454,0.86,0.294,calm
T04607,reggae,178.46,0.814,0.779,-6.22,0.456,0.413,0.5,romantic
T04608,hiphop,85.59,0.494,0.631,-37.08,0.515,0.612,0.68,calm
T04609,blues,193.88,0.205,0.514,-18.64,0.52,0.642,0.926,sad
T04610,reggae,112.73,0.737,0.709,-24.1,0.95,0.749,0.593,romantic
T04611,jazz,107.49,0.7,0.391,-56.82,0.649,0.521,0.671,energetic
T04612,reggae,68.74,0.246,0.841,-55.3,0.277,0.51,0.31,happy
T04613,reggae,128.06,0.903,0.677,-58.75,0.532,0.631,0.687,angry
T04614,pop,75.26,0.104,0.698,-37.75,0.627,0.703,0.438,romantic
T04615,pop,94.8,0.983,0.536,-15.25,0.64,0.347,0.857,angry
T04616,blues,104.37,0.86,0.885,-49.63,0.585,0.33,0.392,calm
T04617,hiphop,173.24,0.688,0.252,-23.65,0.178,0.27,0.468,calm
T04618,disco,182.57,0.939,0.381,-42.67,0.034,0.549,0.433,sad
T04619,jazz,102.35,0.722,0.778,-12.18,0.338,0.36,0.811,calm
T04620,reggae,180.22,0.19,0.493,-12.1,0.428,0.54,0.954,energetic
T04621,classical,180.01,0.442,0.889,-13.48,0.062,0.406,0.327,angry
T04622,classical,167.05,0.072,0.346,-28.51,0.815,0.837,0.475,happy
T04623,country,80.54,0.39,0.369,-42.93,0.344,0.073,0.706,romantic
T04624,reggae,156.65,0.742,0.889,-11.43,0.914,0.572,0.895,calm
T04625,reggae,192.3,0.386,0.464,-48.83,0.154,0.576,0.494,romantic
T04626,blues,155.56,0.33,0.516,-42.61,0.057,0.384,0.109,energetic
T04627,classical,106.43,0.595,0.333,-48.96,0.482,0.421,0.369,romantic
T04628,disco,130.08,0.872,0.277,-19.55,0.189,0.8,0.55,happy
T04629,disco,150.4,0.048,0.656,-18.83,0.937,0.281,0.418,sad
T04630,metal,131.48,0.385,0.12,-20.85,0.01,0.871,0.187,romantic
T04631,classical,76.79,0.158,0.879,-35.06,0.413,0.896,0.037,happy
T04632,disco,103.69,0.695,0.779,-53.99,0.927,0.651,0.687,angry
T04633,reggae,172.34,0.106,0.191,-5.33,0.384,0.773,0.993,romantic
T04634,metal,180.6,0.665,0.694,-29.54,0.093,0.613,0.919,romantic
T04635,classical,79.22,0.286,0.603,-35.58,0.303,0.525,0.683,energetic
T04636,country,193.33,0.199,0.185,-24.67,0.498,0.967,0.842,angry
T04637,blues,106.04,0.936,0.273,-48.43,0.185,0.283,0.256,romantic
T04638,pop,152.72,0.019,0.409,-52.05,0.467,0.154,0.622,happy
T04639,jazz,165.26,0.438,0.699,-35.67,0.836,0.287,0.061,romantic
T04640,blues,173.67,0.022,0.639,-46.37,0.873,0.615,0.707,angry
T04641,classical,192.4,0.484,0.532,-45.34,0.049,0.185,0.97,happy
T04642,classical,103.81,0.501,0.768,-6.45,0.161,0.909,0.861,sad
T04643,blues,180.19,0.322,0.758,-28.15,0.275,0.411,0.534,angry
T04644,country,78.44,0.132,0.618,-30.99,0.595,0.85,0.789,angry
T04645,hiphop,158.71,0.376,0.787,-18.63,0.361,0.249,0.944,angry
T04646,reggae,163.88,0.672,0.334,-2.91,0.844,0.313,0.216,happy
T04647,classical,154.88,0.782,0.881,-53.27,0.717,0.059,0.793,angry
T04648,rock,95.32,0.531,0.615,-9.99,0.1,0.258,0.27,angry
T04649,disco,182.23,0.59,0.822,-24.96,0.625,0.49,0.877,sad
T04650,hiphop,83.64,0.201,0.546,-51.23,0.113,0.946,0.098,calm
T04651,metal,67.51,0.287,0.218,-42.17,0.255,0.389,0.178,angry
T04652,metal,160.45,0.162,0.542,-31.06,0.178,0.64,0.721,happy
T04653,pop,126.57,0.249,0.371,-18.53,0.173,0.428,0.175,happy
T04654,metal,178.87,0.225,0.697,-45.44,0.616,0.047,0.158,romantic
T04655,metal,113.68,0.519,0.476,-27.91,0.564,0.504,0.555,angry
T04656,jazz,83.56,0.563,0.836,-18.92,0.176,0.066,0.835,sad
T04657,blues,177.1,0.945,0.678,-33.08,0.99,0.884,0.268,happy
T04658,metal,136.85,0.196,0.685,-8.22,0.422,0.753,0.841,energetic
T04659,classical,86.49,0.642,0.217,-7.83,0.097,0.379,0.808,sad
T04660,reggae,160.85,0.817,0.984,-31.76,0.121,0.64,0.579,sad
T04661,blues,131.56,0.56,0.842,-1.62,0.584,0.112,0.647,romantic
T04662,rock,144.6,0.255,0.789,-55.46,0.979,0.703,0.04,angry
T04663,classical,124.53,0.263,0.33,-59.8,0.572,0.823,0.367,calm
T04664,rock,176.02,0.039,0.536,-37.16,0.949,0.822,0.263,happy
T04665,blues,176.14,0.305,0.137,-23.93,0.444,0.284,0.15,angry
T04666,classical,159.31,0.745,0.538,-22.25,0.436,0.264,0.39,angry
T04667,jazz,74.76,0.048,0.146,-31.41,0.5,0.521,0.355,energetic
T04668,reggae,177.44,0.219,0.553,-52.51,0.697,0.968,0.729,calm
T04669,classical,153.94,0.706,0.649,-49.77,0.368,0.921,0.598,angry
T04670,hiphop,157.58,0.783,0.39,-8.87,0.864,0.36,0.913,happy
T04671,hiphop,110.82,0.455,0.499,-7.93,0.029,0.78,0.145,calm
T04672,rock,183.1,0.698,0.876,-19.57,0.44,0.921,0.06,happy
T04673,classical,161.55,0.388,0.109,-20.15,0.511,0.261,0.535,energetic
T04674,hiphop,75.76,0.16,0.792,-24.14,0.607,0.83,0.001,calm
T04675,pop,117.09,0.398,0.171,-47.82,0.276,0.268,0.788,sad
T04676,metal,184.09,0.58,0.037,-34.3,0.427,0.343,0.506,calm
T04677,metal,66.61,0.948,0.186,-18.25,0.485,0.199,0.488,happy
T04678,blues,194.6,0.069,0.765,-27.76,0.687,0.507,0.362,angry
T04679,pop,155.08,0.507,0.405,-58.89,0.774,0.843,0.375,energetic
T04680,country,148.39,0.329,0.873,-2.79,0.738,0.528,0.431,calm
T04681,reggae,97.88,0.508,0.525,-9.31,0.342,0.123,0.016,energetic
T04682,disco,94.83,0.024,0.022,-44.37,0.999,0.252,0.084,happy
T04683,country,191.89,0.313,0.717,-23.01,0.849,0.563,0.505,happy
T04684,metal,101.76,0.82,0.11,-4.61,0.26,0.583,0.15,happy
T04685,reggae,168.57,0.554,0.789,-54.24,0.195,0.577,0.779,angry
T04686,hiphop,115.04,0.451,0.168,-29.82,0.314,0.077,0.274,sad
T04687,country,79.5,0.286,0.345,-32.63,0.452,0.754,0.098,energetic
T04688,hiphop,61.5,0.298,0.761,-35.39,0.851,0.909,0.235,sad
T04689,jazz,136.2,0.383,0.954,-9.86,0.778,0.511,0.357,sad
T04690,blues,196.61,0.836,0.371,-37.16,0.851,0.719,0.035,energetic
T04691,reggae,111.68,0.967,0.829,-56.18,0.272,0.914,0.142,happy
T04692,reggae,110.01,0.439,0.191,-56.05,0.593,0.643,0.324,sad
T04693,country,108.17,0.393,0.807,-57.44,0.283,0.674,0.31,energetic
T04694,classical,132.88,0.847,0.657,-35.45,0.109,0.721,0.8,calm
T04695,blues,121.69,0.427,0.193,-16.9,0.684,0.261,0.843,romantic
T04696,blues,183.19,0.552,0.303,-47.78,0.143,0.583,0.193,sad
T04697,rock,130.77,0.231,0.132,-21.21,0.668,0.842,0.124,happy
T04698,rock,131.09,0.744,0.383,-18.77,0.648,0.296,0.634,angry
T04699,metal,79.37,0.532,0.204,-44.69,0.81,0.897,0.805,energetic
T04700,reggae,197.58,0.809,0.644,-23.97,0.14,0.62,0.964,sad
T04701,reggae,95.0,0.781,0.995,-18.91,0.783,0.423,0.007,happy
T04702,classical,70.27,0.215,0.012,-32.0,0.999,0.623,0.414,romantic
T04703,hiphop,152.84,0.716,0.541,-39.8,0.851,0.402,0.734,happy
T04704,disco,143.35,0.8,0.574,-22.85,0.752,0.838,0.829,energetic
T04705,jazz,118.12,0.346,0.914,-1.33,0.662,0.482,0.062,calm
T04706,disco,119.11,0.173,0.506,-34.39,0.422,0.901,0.681,happy
T04707,metal,169.91,0.003,0.544,-36.5,0.731,0.51,0.289,energetic
T04708,reggae,87.4,0.451,0.472,-32.14,0.724,0.66,0.075,sad
T04709,country,174.84,0.352,0.269,-55.43,0.631,0.998,0.489,calm
T04710,country,150.82,0.555,0.056,-26.81,0.796,0.147,0.158,energetic
T04711,country,118.66,0.188,0.409,-40.28,0.449,0.737,0.737,energetic
T04712,disco,124.12,0.86,0.053,-52.71,0.121,0.139,0.741,calm
T04713,rock,95.93,0.258,0.55,-32.02,0.559,0.839,0.842,happy
T04714,hiphop,165.3,0.226,0.307,-59.8,0.265,0.596,0.378,happy
T04715,disco,131.8,0.481,0.534,-35.89,0.384,0.938,0.013,sad
T04716,classical,104.92,0.499,0.134,-53.66,0.017,0.866,0.26,sad
T04717,country,143.45,0.215,0.933,-58.54,0.383,0.075,0.468,angry
T04718,rock,199.4,0.272,0.895,-10.53,0.809,0.137,0.694,angry
T04719,blues,120.94,0.17,0.19,-5.03,0.543,0.601,0.382,sad
T04720,reggae,188.9,0.718,0.343,-47.54,0.01,0.518,0.536,calm
T04721,pop,108.3,0.77,0.613,-27.64,0.47,0.169,0.524,angry
T04722,reggae,67.66,0.462,0.096,-43.32,0.291,0.129,0.165,angry
T04723,classical,88.59,0.714,0.355,-30.39,0.478,0.564,0.623,calm
T04724,hiphop,118.62,0.736,0.251,-33.8,0.405,0.049,0.439,happy
T04725,classical,90.75,0.138,0.916,-43.86,0.932,0.874,0.808,energetic
T04726,hiphop,60.03,0.966,0.853,-17.98,0.041,0.807,0.691,happy
T04727,classical,188.1,0.821,0.58,-52.41,0.684,0.785,0.111,energetic
T04728,disco,178.14,0.204,0.52,-56.82,0.851,0.016,0.489,calm
T04729,rock,163.92,0.186,0.931,-13.94,0.959,0.048,0.702,angry
T04730,pop,83.49,0.126,0.932,-20.04,0.178,0.55,0.087,calm
T04731,jazz,76.85,0.138,0.969,-30.09,0.531,0.994,0.792,happy
T04732,jazz,69.46,0.748,0.125,-31.93,0.044,0.342,0.222,calm
T04733,country,161.36,0.47,0.161,-30.16,0.499,0.344,0.503,happy
T04734,disco,190.03,0.783,0.677,-33.78,0.125,0.134,0.941,calm
T04735,classical,120.28,0.746,0.541,-36.43,0.838,0.674,0.571,romantic
T04736,hiphop,76.68,0.605,0.018,-30.02,0.114,0.647,0.424,sad
T04737,rock,131.73,0.686,0.062,-28.29,0.513,0.101,0.007,happy
T04738,classical,108.84,0.018,0.888,-18.49,0.521,0.467,0.133,energetic
T04739,disco,112.48,0.312,0.869,-17.33,0.972,0.667,0.579,angry
T04740,jazz,146.99,0.638,0.357,-37.34,0.655,0.494,0.494,angry
T04741,pop,160.62,0.009,0.891,-35.19,0.288,0.674,0.364,romantic
T04742,pop,75.48,0.033,0.594,-37.58,0.241,0.816,0.923,happy
T04743,jazz,64.98,0.852,0.806,-27.81,0.128,0.686,0.332,sad
T04744,rock,199.21,0.684,0.427,-32.8,0.757,0.616,0.537,angry
T04745,hiphop,92.58,0.265,0.113,-6.62,0.691,0.854,0.569,romantic
T04746,rock,67.54,0.688,0.434,-18.22,0.61,0.901,0.527,sad
T04747,country,86.58,0.792,0.457,-6.08,0.041,0.389,0.478,energetic
T04748,rock,65.45,0.307,0.551,-17.45,0.763,0.173,0.337,angry
T04749,rock,114.85,0.036,0.106,-1.74,0.642,0.818,0.909,calm
T04750,jazz,172.34,0.933,0.991,-21.86,0.964,0.214,0.451,calm
T04751,jazz,107.77,0.345,0.244,-2.19,0.587,0.929,0.528,happy
T04752,metal,122.19,0.106,0.199,-50.51,0.304,0.023,0.656,romantic
T04753,country,154.58,0.492,0.527,-56.85,0.382,0.921,0.068,angry
T04754,blues,131.25,0.768,0.537,-25.25,0.176,0.589,0.781,sad
T04755,jazz,180.6,0.222,0.44,-0.99,0.723,0.775,0.513,sad
T04756,disco,181.24,0.269,0.772,-34.94,0.708,0.398,0.657,energetic
T04757,disco,61.39,0.243,0.517,-47.28,0.201,0.992,0.772,angry
T04758,metal,168.93,0.992,0.61,-28.71,0.158,0.228,0.874,sad
T04759,hiphop,124.5,0.197,0.724,-21.07,0.077,0.264,0.392,sad
T04760,jazz,198.44,0.576,0.025,-41.09,0.912,0.051,0.811,angry
T04761,country,127.65,0.925,0.571,-17.11,0.233,0.94,0.259,calm
T04762,jazz,198.17,0.147,0.884,-1.49,0.344,0.456,0.66,angry
T04763,pop,165.64,0.971,0.017,-6.18,0.281,0.675,0.103,calm
T04764,pop,94.8,0.947,0.405,-42.5,0.414,0.687,0.02,happy
T04765,pop,135.38,0.885,0.926,-40.4,0.714,0.875,0.096,happy
T04766,jazz,198.9,0.215,0.353,-37.71,0.871,0.665,0.319,calm
T04767,hiphop,180.05,0.634,0.459,-36.33,0.183,0.562,0.031,angry
T04768,pop,73.63,0.761,0.982,-53.98,0.686,0.71,0.63,energetic
T04769,reggae,158.89,0.986,0.199,-14.28,0.353,0.751,0.317,romantic
T04770,classical,108.38,0.18,0.065,-38.08,0.981,0.186,0.736,sad
T04771,country,60.98,0.766,0.859,-7.21,0.299,0.11,0.046,happy
T04772,rock,116.49,0.339,0.868,-4.38,0.007,0.075,0.217,happy
T04773,classical,92.87,0.176,0.472,-58.53,0.516,0.374,0.408,calm
T04774,hiphop,174.64,0.421,0.514,-0.69,0.151,0.498,0.383,energetic
T04775,country,107.23,0.794,0.836,-17.4,0.044,0.616,0.131,angry
T04776,reggae,175.85,0.465,0.739,-28.78,0.698,0.958,0.994,energetic
T04777,disco,60.08,0.538,0.265,-36.63,0.732,0.331,0.284,romantic
T04778,hiphop,103.09,0.995,0.017,-28.89,0.461,0.761,0.721,calm
T04779,classical,93.76,0.399,0.48,-40.52,0.677,0.531,0.22,energetic
T04780,classical,92.7,0.615,0.859,-22.64,0.538,0.22,0.878,romantic
T04781,blues,69.55,0.365,0.896,-54.42,0.63,0.615,0.388,sad
T04782,reggae,86.2,0.393,0.956,-22.73,0.597,0.967,0.901,angry
T04783,blues,137.78,0.696,0.88,-43.48,0.666,0.124,0.342,angry
T04784,rock,100.79,0.938,0.58,-58.94,0.2,0.507,0.009,energetic
T04785,rock,118.44,0.542,0.445,-26.84,0.269,0.052,0.517,happy
T04786,metal,112.76,0.768,0.775,-25.29,0.44,0.321,0.525,sad
T04787,rock,182.63,0.089,0.74,-34.41,0.446,0.621,0.12,romantic
T04788,disco,186.74,0.211,0.538,-55.66,0.774,0.841,0.235,angry
T04789,blues,129.01,0.502,0.087,-6.4,0.367,0.73,0.783,angry
T04790,reggae,106.22,0.02,0.926,-23.31,0.163,0.463,0.037,happy
T04791,hiphop,74.95,0.253,0.456,-53.06,0.251,0.909,0.49,energetic
T04792,reggae,193.48,0.517,0.363,-29.34,0.215,0.303,0.53,happy
T04793,reggae,68.43,0.015,0.63,-30.16,0.732,0.754,0.689,calm
T04794,pop,101.67,0.265,0.674,-56.38,0.47,0.474,0.037,romantic
T04795,country,101.73,0.514,0.211,-23.59,0.709,0.899,0.586,happy
T04796,jazz,104.86,0.573,0.837,-11.5,0.416,0.797,0.003,sad
T04797,metal,83.0,0.926,0.29,-15.06,0.89,0.901,0.265,romantic
T04798,disco,169.64,0.645,0.187,-47.82,0.984,0.214,0.5,angry
T04799,rock,77.15,0.415,0.406,-8.26,0.67,0.668,0.911,energetic
T04800,hiphop,148.89,0.93,0.731,-39.45,0.864,0.738,0.127,calm
T04801,country,77.34,0.785,0.965,-3.21,0.508,0.742,0.169,sad
T04802,pop,69.87,0.2,0.809,-55.7,0.935,0.504,0.669,angry
T04803,reggae,187.32,0.131,0.94,-30.83,0.832,0.011,0.375,angry
T04804,reggae,86.62,0.676,0.141,-24.17,0.992,0.261,0.623,energetic
T04805,classical,174.98,0.56,0.071,-45.14,0.623,0.323,0.997,romantic
T04806,metal,136.25,0.79,0.558,-13.72,0.779,0.852,0.987,energetic
T04807,jazz,70.9,0.739,0.29,-22.39,0.543,0.841,0.354,romantic
T04808,reggae,193.76,0.625,0.828,-58.91,0.259,0.105,0.504,energetic
T04809,blues,94.57,0.986,0.672,-23.5,0.355,0.95,0.905,romantic
T04810,disco,180.35,0.534,0.971,-30.51,0.894,0.182,0.092,calm
T04811,rock,83.63,0.113,0.255,-48.24,0.056,0.414,0.452,energetic
T04812,country,179.55,0.828,0.486,-0.26,0.591,0.215,0.378,sad
T04813,reggae,61.85,0.252,0.501,-6.17,0.372,0.86,0.295,romantic
T04814,country,131.65,0.777,0.239,-42.45,0.387,0.749,0.994,energetic
T04815,pop,167.72,0.957,0.59,-27.54,0.885,0.354,0.734,energetic
T04816,country,190.87,0.697,0.443,-41.01,0.854,0.682,0.389,sad
T04817,country,187.29,0.596,0.447,-13.47,0.599,0.184,0.829,calm
T04818,rock,174.75,0.46,0.363,-4.18,0.273,0.382,0.49,angry
T04819,rock,184.35,0.364,0.017,-38.47,0.475,0.377,0.873,energetic
T04820,country,87.89,0.353,0.522,-11.66,0.408,0.238,0.266,happy
T04821,pop,99.79,0.636,0.335,-30.1,0.354,0.876,0.224,romantic
T04822,jazz,100.46,0.751,0.001,-36.21,0.103,0.679,0.247,sad
T04823,blues,112.79,0.679,0.308,-3.69,0.543,0.28,0.538,romantic
T04824,disco,115.06,0.198,0.279,-29.38,0.302,0.242,0.291,happy
T04825,pop,136.24,0.494,0.393,-31.96,0.661,0.018,0.147,angry
T04826,disco,82.38,0.792,0.132,-19.65,0.319,0.347,0.995,calm
T04827,classical,156.77,0.476,0.508,-44.33,0.431,0.527,0.9,happy
T04828,hiphop,83.46,0.537,0.692,-40.51,0.052,0.278,0.635,happy
T04829,jazz,103.44,0.771,0.63,-4.08,0.993,0.7,0.892,romantic
T04830,disco,130.47,0.661,0.804,-19.29,0.508,0.412,0.935,sad
T04831,blues,171.5,0.409,0.452,-10.4,0.024,0.316,0.676,calm
T04832,disco,163.53,0.895,0.519,-43.73,0.541,0.939,0.519,angry
T04833,reggae,150.37,0.163,0.81,-27.37,0.87,0.263,0.882,romantic
T04834,jazz,81.81,0.996,0.428,-1.72,0.773,0.398,0.568,romantic
T04835,metal,136.59,0.119,0.702,-40.88,0.701,0.382,0.127,calm
T04836,pop,72.24,0.015,0.435,-50.37,0.139,0.241,0.367,calm
T04837,pop,112.83,0.89,0.418,-29.35,0.658,0.217,0.446,angry
T04838,blues,117.89,0.245,0.76,-36.73,0.766,0.302,0.935,happy
T04839,blues,65.57,0.73,0.175,-50.43,0.572,0.864,0.659,romantic
T04840,jazz,98.36,0.811,0.339,-6.69,0.893,0.767,0.875,romantic
T04841,classical,193.79,0.859,0.224,-0.56,0.277,0.681,0.758,happy
T04842,reggae,193.51,0.992,0.359,-25.89,0.242,0.457,0.31,angry
T04843,hiphop,109.33,0.294,0.23,-13.52,0.87,0.508,0.719,happy
T04844,hiphop,66.03,0.71,0.579,-8.46,0.625,0.267,0.195,romantic
T04845,rock,85.07,0.115,0.798,-17.94,0.001,0.074,0.408,calm
T04846,reggae,114.91,0.407,0.787,-57.35,0.353,0.331,0.806,romantic
T04847,rock,192.69,0.848,0.365,-50.54,0.858,0.496,0.612,happy
T04848,country,79.77,0.368,0.989,-55.74,0.027,0.057,0.825,energetic
T04849,metal,166.89,0.591,0.594,-59.41,0.003,0.088,0.255,calm
T04850,metal,75.22,0.504,0.399,-41.64,0.281,0.263,0.75,angry
T04851,jazz,197.38,0.646,0.836,-36.46,0.914,0.367,0.202,energetic
T04852,rock,113.43,0.973,0.73,-45.54,0.901,0.393,0.545,calm
T04853,classical,168.53,0.056,0.749,-56.12,0.519,0.118,0.434,sad
T04854,reggae,107.96,0.574,0.196,-28.21,0.553,0.226,0.556,romantic
T04855,hiphop,147.87,0.863,0.468,-43.6,0.332,0.262,0.136,happy
T04856,metal,86.88,0.481,0.862,-12.24,0.244,0.068,0.361,happy
T04857,disco,80.44,0.079,0.504,-59.52,0.815,0.326,0.667,calm
T04858,reggae,191.33,0.561,0.683,-9.45,0.106,0.072,0.559,energetic
T04859,metal,188.47,0.332,0.588,-2.71,0.487,0.703,0.549,sad
T04860,jazz,184.25,0.155,0.842,-17.03,0.634,0.386,0.511,calm
T04861,jazz,147.56,0.849,0.285,-15.98,0.104,0.327,0.944,happy
T04862,pop,173.16,0.522,0.575,-3.99,0.52,0.127,0.935,sad
T04863,pop,69.67,0.933,0.123,-47.46,0.578,0.227,0.36,romantic
T04864,rock,106.87,0.806,0.69,-0.33,0.742,0.233,0.352,happy
T04865,blues,103.92,0.693,0.732,-13.59,0.235,0.985,0.555,energetic
T04866,reggae,148.99,0.005,0.043,-16.41,0.293,0.835,0.096,romantic
T04867,country,109.83,0.428,0.676,-38.33,0.57,0.015,0.303,romantic
T04868,pop,80.79,0.197,0.415,-27.25,0.983,0.617,0.231,energetic
T04869,country,143.51,0.911,0.124,-20.76,0.217,0.256,0.223,sad
T04870,disco,174.01,0.175,0.42,-22.78,0.986,0.104,0.639,happy
T04871,classical,113.5,0.286,0.194,-17.7,0.714,0.706,0.384,angry
T04872,reggae,78.52,0.517,0.416,-55.06,0.826,0.132,0.171,romantic
T04873,hiphop,87.54,0.263,0.384,-38.66,0.09,0.444,0.888,energetic
T04874,disco,93.25,0.21,0.738,-33.96,0.3,0.632,0.874,romantic
T04875,country,101.99,0.599,0.774,-44.36,0.058,0.554,0.862,sad
T04876,country,149.99,0.089,0.607,-49.64,0.372,0.978,0.391,sad
T04877,country,144.13,0.058,0.023,-51.66,0.981,0.786,0.057,calm
T04878,jazz,157.45,0.372,0.931,-38.02,0.105,0.774,0.107,energetic
T04879,rock,110.75,0.721,0.686,-30.39,0.562,0.356,0.276,happy
T04880,classical,175.36,0.555,0.034,-56.22,0.006,0.008,0.22,energetic
T04881,disco,88.57,0.423,0.819,-3.21,0.713,0.734,0.874,calm
T04882,metal,125.67,0.566,0.2,-14.09,0.197,1.0,0.986,romantic
T04883,jazz,172.13,0.365,0.579,-16.15,0.13,0.406,0.817,romantic
T04884,classical,85.22,0.936,0.467,-49.63,0.337,0.986,0.73,angry
T04885,pop,75.38,0.055,0.42,-23.77,0.771,0.142,0.589,sad
T04886,pop,183.72,0.673,0.89,-28.22,0.107,0.297,0.77,happy
T04887,pop,108.01,0.891,0.437,-1.05,0.23,0.171,0.947,sad
T04888,disco,155.74,0.804,0.075,-15.14,0.008,0.475,0.601,romantic
T04889,rock,63.55,0.184,0.947,-25.45,0.968,0.797,0.155,calm
T04890,country,156.61,0.296,0.921,-8.95,0.592,0.341,0.164,happy
T04891,metal,104.25,0.717,0.684,-50.69,0.72,0.906,0.584,energetic
T04892,blues,67.8,0.084,0.468,-59.09,0.651,0.545,0.333,angry
T04893,disco,145.37,0.812,0.093,-18.59,0.144,0.465,0.91,angry
T04894,blues,93.71,0.719,0.791,-54.1,0.595,0.787,0.612,calm
T04895,country,114.15,0.73,0.075,-53.07,0.131,0.101,0.676,sad
T04896,rock,71.28,0.1,0.069,-15.32,0.401,0.774,0.006,angry
T04897,rock,80.6,0.718,0.537,-43.77,0.569,0.243,0.499,sad
T04898,country,101.72,0.68,0.16,-22.28,0.559,0.281,0.431,romantic
T04899,country,72.57,0.831,0.008,-4.96,0.119,0.599,0.706,romantic
T04900,reggae,187.52,0.042,0.423,-41.01,0.034,0.902,0.383,angry
T04901,blues,60.85,0.023,0.137,-46.97,0.798,0.578,0.977,romantic
T04902,rock,127.74,0.373,0.161,-53.61,0.726,0.649,0.67,romantic
T04903,country,77.25,0.149,0.077,-52.17,0.082,0.777,0.66,angry
T04904,blues,103.08,0.558,0.205,-56.27,0.127,0.259,0.919,angry
T04905,country,189.65,0.917,0.715,-54.74,0.893,0.827,0.995,sad
T04906,hiphop,82.64,0.391,0.809,-34.08,0.769,0.418,0.198,happy
T04907,country,195.22,0.845,0.453,-40.75,0.996,0.176,0.811,angry
T04908,reggae,88.81,0.0,0.507,-17.61,0.254,0.35,0.162,sad
T04909,metal,163.82,0.169,0.033,-7.79,0.488,0.246,0.457,romantic
T04910,rock,136.53,0.03,0.069,-12.91,0.236,0.229,0.1,happy
T04911,rock,183.83,0.328,0.258,-28.16,0.623,0.283,0.623,sad
T04912,blues,137.56,0.908,0.544,-53.85,0.115,0.181,0.469,energetic
T04913,hiphop,134.84,0.097,0.74,-17.41,0.127,0.668,0.629,angry
T04914,classical,87.36,0.606,0.605,-38.23,0.072,0.58,0.678,sad
T04915,disco,83.27,0.451,0.392,-54.86,0.694,0.648,0.619,angry
T04916,pop,188.31,0.938,0.118,-9.45,0.494,0.344,0.294,romantic
T04917,rock,105.9,0.123,0.781,-39.71,0.618,0.77,0.837,energetic
T04918,pop,112.09,0.212,0.364,-46.91,0.879,0.13,0.552,sad
T04919,pop,166.38,0.03,0.736,-7.71,0.74,0.571,0.49,romantic
T04920,country,107.44,0.434,0.513,-5.87,0.462,0.275,0.987,happy
T04921,disco,193.29,0.278,0.739,-39.66,0.984,0.528,0.284,romantic
T04922,metal,163.31,0.87,0.907,-38.71,0.456,0.324,0.528,romantic
T04923,rock,143.64,0.605,0.921,-25.22,0.112,0.791,0.682,angry
T04924,country,183.33,0.614,0.535,-15.99,0.993,0.891,0.125,angry
T04925,rock,66.94,0.532,0.512,-56.21,0.023,0.743,0.354,energetic
T04926,country,95.99,0.092,0.266,-24.4,0.55,0.176,0.802,romantic
T04927,rock,125.11,0.445,0.936,-2.83,0.309,0.275,0.237,angry
T04928,reggae,91.78,1.0,0.458,-44.27,0.504,0.919,0.493,calm
T04929,hiphop,164.15,0.835,0.128,-5.47,0.559,0.437,0.631,happy
T04930,country,188.69,0.893,0.433,-2.99,0.24,0.941,0.671,calm
T04931,jazz,119.33,0.823,0.127,-43.85,0.557,0.392,0.728,romantic
T04932,pop,107.9,0.103,0.503,-14.75,0.756,0.952,0.866,romantic
T04933,rock,194.62,0.227,0.561,-45.67,0.267,0.926,0.393,romantic
T04934,rock,122.28,0.003,0.338,-15.74,0.383,0.661,0.707,happy
T04935,classical,128.47,0.304,0.072,-12.15,0.268,0.009,0.732,energetic
T04936,disco,109.23,0.109,0.944,-45.17,0.821,0.4,0.3,calm
T04937,metal,187.34,0.473,0.773,-17.05,0.725,0.911,0.968,calm
T04938,metal,139.65,0.677,0.839,-11.27,0.871,0.885,0.865,energetic
T04939,country,166.7,0.875,0.367,-38.49,0.17,0.187,0.29,happy
T04940,classical,173.65,0.749,0.761,-49.94,0.074,0.399,0.675,romantic
T04941,blues,107.86,0.939,0.485,-54.48,0.119,0.836,0.718,angry
T04942,disco,120.72,0.054,0.201,-25.48,0.161,0.578,0.431,calm
T04943,reggae,178.79,0.012,0.124,-1.31,0.533,0.847,0.864,calm
T04944,reggae,110.86,0.661,0.345,-10.62,0.971,0.827,0.69,energetic
T04945,metal,171.15,0.289,0.138,-33.85,0.357,0.907,0.658,angry
T04946,country,191.74,0.254,0.998,-27.8,0.959,0.117,0.221,happy
T04947,rock,147.25,0.331,0.049,-43.23,0.038,0.145,0.408,romantic
T04948,classical,163.83,0.27,0.441,-50.22,0.927,0.083,0.434,sad
T04949,country,172.71,0.511,0.452,-31.08,0.181,0.935,0.734,happy
T04950,pop,178.31,0.44,0.301,-32.19,0.912,0.475,0.618,energetic
T04951,rock,115.31,0.512,0.571,-28.68,0.056,0.064,0.086,calm
T04952,rock,67.18,0.673,0.15,-2.83,0.948,0.322,0.308,angry
T04953,blues,116.26,0.387,0.784,-23.77,0.201,0.351,0.473,calm
T04954,reggae,154.33,0.251,0.332,-23.65,0.303,0.81,0.737,energetic
T04955,reggae,123.05,0.166,0.591,-52.32,0.491,0.735,0.744,happy
T04956,classical,164.85,0.349,0.716,-0.21,0.381,0.689,0.491,calm
T04957,classical,109.98,0.742,0.889,-13.63,0.668,0.022,0.117,sad
T04958,pop,148.86,0.757,0.836,-7.37,0.975,0.911,0.293,energetic
T04959,country,86.1,0.667,0.608,-35.14,0.606,0.216,0.255,happy
T04960,rock,164.91,0.234,0.388,-29.87,0.721,0.629,0.781,angry
T04961,reggae,136.4,0.588,0.503,-28.67,0.088,0.062,0.18,happy
T04962,blues,88.57,0.571,0.769,-48.35,0.628,0.082,0.465,romantic
T04963,metal,100.87,0.484,0.878,-18.63,0.454,0.01,0.671,sad
T04964,reggae,164.81,0.55,0.104,-5.82,0.886,0.566,0.965,romantic
T04965,metal,127.56,0.492,0.385,-50.18,0.388,0.629,0.999,calm
T04966,jazz,90.24,0.565,0.776,-54.82,0.679,0.05,0.953,happy
T04967,blues,195.42,0.716,0.432,-15.71,0.228,0.29,0.718,sad
T04968,reggae,160.12,0.11,0.332,-43.61,0.259,0.851,0.746,sad
T04969,metal,194.0,0.75,0.411,-22.57,0.376,0.101,0.759,sad
T04970,disco,119.79,0.136,0.603,-18.25,0.304,0.217,0.863,energetic
T04971,pop,126.51,0.067,1.0,-40.69,0.254,0.424,0.952,energetic
T04972,metal,185.71,0.976,0.493,-11.09,0.05,0.842,0.446,happy
T04973,jazz,133.51,0.957,0.208,-27.0,0.837,0.255,0.417,romantic
T04974,rock,159.02,0.06,0.163,-7.86,0.064,0.997,0.46,romantic
T04975,rock,95.3,0.443,0.042,-14.2,0.887,0.355,0.66,happy
T04976,classical,122.54,0.186,0.559,-7.89,0.125,0.386,0.775,happy
T04977,metal,77.28,0.485,0.545,-58.79,0.065,0.122,0.871,calm
T04978,country,88.84,0.83,0.205,-45.39,0.563,0.68,0.456,calm
T04979,hiphop,60.13,0.951,0.695,-54.6,0.502,0.243,0.363,happy
T04980,pop,65.5,0.634,0.741,-33.48,0.491,0.629,0.983,angry
T04981,disco,196.82,0.354,0.259,-6.6,0.575,0.223,0.232,romantic
T04982,classical,93.93,0.603,0.344,-31.95,0.287,0.388,0.222,energetic
T04983,hiphop,152.86,0.312,0.99,-9.02,0.663,0.857,0.715,energetic
T04984,rock,177.47,0.91,0.374,-40.37,0.502,0.739,0.18,sad
T04985,reggae,137.09,0.87,0.761,-39.63,0.335,0.155,0.399,happy
T04986,metal,81.44,0.558,0.453,-6.27,0.827,0.608,0.292,calm
T04987,hiphop,161.94,0.325,0.793,-34.45,0.728,0.629,0.169,sad
T04988,disco,144.04,0.293,0.769,-12.61,0.394,0.091,0.58,energetic
T04989,blues,162.38,0.033,0.668,-45.8,0.848,0.466,0.374,happy
T04990,blues,167.76,0.816,0.855,-3.07,0.92,0.261,0.462,energetic
T04991,rock,196.56,0.45,0.939,-25.53,0.537,0.467,0.196,angry
T04992,reggae,140.3,0.325,0.58,-14.44,0.215,0.777,0.768,sad
T04993,classical,107.83,0.471,0.237,-54.63,0.916,0.158,0.315,happy
T04994,reggae,150.79,0.819,0.399,-30.44,0.189,0.123,0.343,angry
T04995,blues,69.58,0.125,0.758,-5.94,0.048,0.269,0.252,angry
T04996,metal,185.64,0.858,0.651,-7.38,0.327,0.952,0.434,calm
T04997,disco,76.71,0.898,0.178,-57.19,0.727,0.748,0.464,happy
T04998,jazz,105.9,0.947,0.051,-41.78,0.923,0.019,0.53,romantic
T04999,metal,174.2,0.397,0.683,-33.4,0.637,0.401,0.968,calm
T05000,jazz,143.62,0.217,0.251,-49.66,0.952,0.257,0.905,angry
